new_ranks,original_score,new_rank,original_rank,prediction,facts,new_scores,exp_length,new_score,exp
[1],6.9425015,1.0,1,"(5660, 136, 6402)",[],[7.1976585],0,7.1976585,[]
[1],8.303699,1.0,1,"(2258, 14, 160)","[({(1174, 102, 2258)}, 2.8019082813980796, 'baseline'), ({(1017, 7, 2258)}, 1.3534974554306063, 'baseline'), ({(2608, 38, 2258)}, 1.1939808156794898, 'baseline'), ({(1237, 7, 2258)}, 0.48434601269267324, 'baseline'), ({(2167, 7, 2258)}, -0.2346695136816421, 'baseline'), ({(6185, 7, 2258)}, -0.4498215204269959, 'baseline'), ({(3542, 38, 2258)}, -1.8312609454026654, 'baseline')]",[8.698108],15,8.698108,"[(8352, 14, 160), (1339, 14, 160), (6326, 14, 160), (1339, 12, 2608), (2608, 38, 2258), (2973, 84, 1174), (8420, 14, 160), (1237, 7, 2258), (1174, 102, 2258), (1017, 7, 2258), (1017, 7, 8420), (2167, 7, 2258), (2167, 7, 8352), (2973, 14, 160), (1237, 7, 6326)]"
[1],7.3984365,1.0,1,"(10634, 43, 141)","[({(881, 3, 10634)}, 4.591301111234451, 'baseline'), ({(7487, 27, 10634)}, 3.360792567846944, 'baseline'), ({(881, 8, 10634)}, 1.0511770156991862, 'baseline'), ({(3681, 12, 10634)}, 0.6823239956485169, 'baseline')]",[7.961438],9,7.961438,"[(3681, 12, 10634), (7487, 27, 10634), (7988, 43, 141), (881, 8, 10634), (3162, 43, 141), (881, 3, 10634), (7487, 27, 7988), (3162, 6, 3681), (881, 43, 141)]"
[1],7.140051,1.0,1,"(1445, 148, 9623)","[({(4021, 24, 1445)}, -3.894167259289547, 'baseline')]",[7.4490013],3,7.4490013,"[(4021, 160, 249), (249, 148, 9623), (4021, 24, 1445)]"
[1],3.8423574,1.0,1,"(3742, 25, 62)","[({(1017, 7, 3742)}, 2.06268389164285, 'baseline'), ({(178, 102, 3742)}, 0.46348696941712186, 'baseline'), ({(2743, 103, 3742)}, -0.14645438965751917, 'baseline'), ({(1303, 97, 3742)}, -0.344867526218401, 'baseline'), ({(179, 7, 3742)}, -0.7652484615297968, 'baseline'), ({(441, 32, 3742)}, -0.9429798518563515, 'baseline'), ({(371, 7, 3742)}, -1.0057237566906012, 'baseline'), ({(11183, 7, 3742)}, -1.028323089790732, 'baseline')]",[4.225031],14,4.225031,"[(178, 102, 6326), (1017, 7, 3742), (8113, 32, 1303), (8113, 25, 62), (2743, 27, 8113), (6326, 25, 62), (7738, 25, 62), (1017, 47, 7738), (1335, 25, 62), (179, 7, 1335), (1303, 97, 3742), (179, 7, 3742), (2743, 103, 3742), (178, 102, 3742)]"
[1],8.902123,1.0,1,"(7412, 14, 160)","[({(377, 7, 7412)}, -0.2134498037161975, 'baseline')]",[9.017438],3,9.017438,"[(418, 14, 160), (377, 7, 418), (377, 7, 7412)]"
[1],6.9823084,1.0,1,"(7435, 35, 7238)","[({(10355, 64, 7435)}, 0.9838663767374417, 'baseline'), ({(7434, 64, 7435)}, -0.13288944378166379, 'baseline')]",[6.835228],4,6.835228,"[(10355, 35, 7238), (7434, 64, 7435), (10355, 64, 7435), (7434, 35, 7238)]"
[1],5.9050293,1.0,1,"(1329, 13, 1163)","[({(928, 32, 1329)}, 0.30775885330132713, 'baseline'), ({(2434, 6, 1329)}, -1.7201146643858785, 'baseline')]",[5.988189],6,5.988189,"[(2434, 6, 4744), (928, 32, 1329), (2434, 6, 1329), (1163, 59, 2067), (4744, 13, 1163), (2067, 86, 928)]"
[1],6.73506,1.0,1,"(409, 17, 862)","[({(2381, 8, 409)}, 0.30682217631310854, 'baseline'), ({(3778, 8, 409)}, 0.21595788057028592, 'baseline'), ({(1061, 8, 409)}, -0.0600507084399751, 'baseline'), ({(1027, 192, 409)}, -0.8340025107067668, 'baseline')]",[6.75663],8,6.75663,"[(1061, 17, 862), (3778, 17, 862), (1061, 8, 409), (2381, 17, 862), (1027, 17, 862), (2381, 8, 409), (3778, 8, 409), (1027, 192, 409)]"
[1],6.162185,1.0,1,"(12882, 25, 62)","[({(1748, 83, 12882)}, -0.6912004197503565, 'baseline')]",[7.484833],2,7.484833,"[(1748, 83, 12882), (1748, 25, 62)]"
[1],8.005735,1.0,1,"(7706, 17, 1002)","[({(735, 42, 7706)}, 2.050933015312459, 'baseline'), ({(5392, 76, 7706)}, -0.27382862387816537, 'baseline'), ({(5314, 196, 7706)}, -0.6886184795530025, 'baseline'), ({(3330, 71, 7706)}, -0.765232413592327, 'baseline'), ({(5933, 20, 7706)}, -1.4295608124698425, 'baseline')]",[8.290209],15,8.290209,"[(5392, 76, 7706), (4363, 17, 1002), (12508, 17, 1002), (6558, 41, 735), (735, 42, 7706), (5392, 76, 8110), (6558, 17, 1002), (4936, 17, 1002), (5933, 20, 12508), (3330, 71, 7706), (5933, 20, 7706), (3330, 71, 4363), (5314, 21, 4936), (5314, 196, 7706), (8110, 17, 1002)]"
[1],8.090952,1.0,1,"(2494, 85, 434)","[({(1127, 47, 2494)}, 2.7096970093121344, 'baseline'), ({(2934, 8, 2494)}, 1.0924349645065172, 'baseline'), ({(5540, 8, 2494)}, 0.6749600492069358, 'baseline'), ({(360, 8, 2494)}, 0.25412112089546474, 'baseline'), ({(1909, 27, 2494)}, 0.2480554787770034, 'baseline'), ({(9484, 47, 2494)}, -0.31183606736390396, 'baseline'), ({(4181, 84, 2494)}, -1.3367442595373362, 'baseline'), ({(879, 71, 2494)}, -1.9128463621013005, 'baseline')]",[7.951896],13,7.951896,"[(1127, 47, 2494), (12251, 19, 1127), (2934, 8, 2494), (5540, 8, 2494), (3689, 3, 5540), (11297, 85, 434), (2934, 85, 434), (360, 85, 434), (1909, 27, 2494), (12251, 85, 434), (360, 8, 2494), (1909, 27, 11297), (3689, 85, 434)]"
[1],7.616864,1.0,1,"(5672, 26, 64)","[({(4974, 38, 5672)}, 2.05335415144231, 'baseline'), ({(425, 38, 5672)}, 1.2325524695926693, 'baseline'), ({(268, 32, 5672)}, 1.0909657043199252, 'baseline'), ({(7481, 38, 5672)}, -0.7580624783531754, 'baseline'), ({(425, 6, 5672)}, -3.90927889156658, 'baseline')]",[7.5913773],13,7.5913773,"[(13601, 26, 64), (7636, 26, 64), (4974, 38, 5672), (268, 32, 5672), (7442, 26, 64), (268, 32, 13601), (4094, 109, 7481), (425, 38, 5672), (425, 6, 5672), (4974, 6, 7442), (7481, 38, 5672), (7636, 109, 425), (4094, 26, 64)]"
[1],8.392536,1.0,1,"(3350, 48, 32)","[({(2810, 164, 3350)}, -7.67356911745467, 'baseline')]",[8.38569],2,8.38569,"[(2810, 164, 3350), (2810, 48, 32)]"
[1],5.3587217,1.0,1,"(6933, 25, 62)","[({(434, 161, 6933)}, 3.606171848057861, 'baseline'), ({(2833, 24, 6933)}, 2.1020571273949162, 'baseline'), ({(2833, 66, 6933)}, 0.6752212065159784, 'baseline'), ({(8925, 160, 6933)}, -0.9974136857364342, 'baseline'), ({(4529, 24, 6933)}, -1.3764702320302555, 'baseline')]",[6.3777494],11,6.3777494,"[(434, 161, 6933), (8925, 25, 62), (12766, 25, 62), (8925, 160, 6933), (2833, 66, 6933), (4529, 25, 62), (14143, 25, 62), (2833, 24, 6933), (4529, 24, 6933), (12766, 22, 2833), (434, 161, 14143)]"
[1],7.438649,1.0,1,"(10762, 25, 62)","[({(7983, 15, 10762)}, 1.2858268471558154, 'baseline'), ({(1080, 15, 10762)}, 1.225848386822524, 'baseline')]",[9.1685915],5,9.1685915,"[(1080, 15, 12003), (12003, 25, 62), (1080, 15, 10762), (7983, 25, 62), (7983, 15, 10762)]"
[1],7.2906313,1.0,1,"(1892, 26, 1098)","[({(10583, 38, 1892)}, 2.201787493640126, 'baseline'), ({(3826, 7, 1892)}, 0.5929985684929567, 'baseline'), ({(5651, 97, 1892)}, -0.6907584353692967, 'baseline'), ({(327, 7, 1892)}, -1.3167014670179304, 'baseline'), ({(10583, 6, 1892)}, -1.4660689672886829, 'baseline')]",[7.612198],12,7.612198,"[(327, 7, 1892), (10583, 6, 12681), (3826, 7, 1892), (5651, 26, 1098), (2973, 26, 1098), (5651, 97, 1892), (3826, 7, 2973), (327, 7, 2294), (10583, 6, 1892), (12681, 26, 1098), (2294, 26, 1098), (10583, 38, 1892)]"
[1],5.9206314,1.0,1,"(6342, 13, 1682)","[({(7622, 102, 6342)}, 2.456723813857211, 'baseline'), ({(4133, 6, 6342)}, 1.46103393638148, 'baseline'), ({(2031, 7, 6342)}, 0.9788052556301822, 'baseline'), ({(5634, 38, 6342)}, 0.4712493732326523, 'baseline'), ({(268, 32, 6342)}, -0.6240364010428041, 'baseline'), ({(4133, 38, 6342)}, -1.3457350219723059, 'baseline')]",[5.888933],15,5.888933,"[(5634, 38, 6342), (4133, 6, 5145), (5634, 6, 8610), (8586, 13, 1682), (5145, 13, 1682), (8610, 13, 1682), (1507, 193, 1682), (434, 161, 1682), (1507, 86, 268), (7622, 102, 6342), (2031, 7, 8586), (7622, 85, 434), (268, 32, 6342), (2031, 7, 6342), (4133, 6, 6342)]"
[2],6.6341934,2.0,1,"(12508, 17, 2123)","[({(1374, 20, 12508)}, 1.897746162942475, 'baseline')]",[6.5081973],3,6.5081973,"[(7484, 17, 2123), (1374, 20, 7484), (1374, 20, 12508)]"
[1],6.046425,1.0,1,"(2457, 13, 382)","[({(5263, 6, 2457)}, 1.2675142305495442, 'baseline'), ({(410, 32, 2457)}, 1.0865889486290636, 'baseline'), ({(2250, 2, 2457)}, -3.3264949304724865, 'baseline')]",[5.9032326],9,5.9032326,"[(434, 161, 382), (5263, 85, 434), (2536, 107, 2250), (2114, 147, 382), (2536, 185, 382), (5263, 6, 2457), (2250, 2, 2457), (410, 32, 2114), (410, 32, 2457)]"
[1],6.6937075,1.0,1,"(7327, 17, 215)","[({(721, 47, 7327)}, 4.082373737641683, 'baseline'), ({(53, 22, 7327)}, 2.188286532283838, 'baseline'), ({(333, 47, 7327)}, -0.059598518455367185, 'baseline')]",[6.641573],9,6.641573,"[(53, 22, 7327), (7988, 19, 333), (9634, 17, 215), (7988, 17, 215), (4398, 19, 721), (4398, 17, 215), (53, 22, 9634), (333, 47, 7327), (721, 47, 7327)]"
[3],6.301168,3.0,1,"(1127, 10, 6315)","[({(6148, 19, 1127)}, 2.987853799823461, 'baseline'), ({(2236, 19, 1127)}, 2.45028747875515, 'baseline'), ({(1261, 30, 1127)}, 0.4327670973714454, 'baseline'), ({(5031, 30, 1127)}, 0.323962732888905, 'baseline'), ({(2723, 19, 1127)}, -0.8065287172506306, 'baseline'), ({(6788, 19, 1127)}, -1.2215746927764417, 'baseline'), ({(9329, 30, 1127)}, -1.3098361723381695, 'baseline')]",[5.8376465],15,5.8376465,"[(5031, 30, 1127), (20, 10, 6315), (467, 7, 1261), (2003, 10, 6315), (2723, 19, 1127), (467, 10, 6315), (20, 47, 6148), (2236, 19, 1121), (2236, 19, 1127), (6148, 19, 1127), (2723, 19, 1654), (1261, 30, 1127), (1654, 10, 6315), (1121, 10, 6315), (2003, 7, 5031)]"
[1],7.7758446,1.0,1,"(8758, 19, 1724)","[({(11663, 165, 8758)}, -0.42487768696540684, 'baseline')]",[7.698403],3,7.698403,"[(11663, 165, 8758), (6094, 19, 1724), (11663, 165, 6094)]"
[1],7.0566015,1.0,1,"(9376, 25, 62)","[({(587, 89, 9376)}, 2.718076076041732, 'baseline')]",[7.5389],3,7.5389,"[(5692, 25, 62), (587, 89, 9376), (587, 89, 5692)]"
[1],6.9488378,1.0,1,"(1658, 26, 990)","[({(6449, 7, 1658)}, 0.04795538567077206, 'baseline')]",[6.8810267],3,6.8810267,"[(6449, 7, 2973), (6449, 7, 1658), (2973, 26, 990)]"
[1],6.6759186,1.0,1,"(3577, 48, 32)","[({(1469, 47, 3577)}, 1.3626990298986288, 'baseline'), ({(3333, 8, 3577)}, 0.5181377963375563, 'baseline'), ({(255, 8, 3577)}, 0.3709313541004728, 'baseline'), ({(3576, 8, 3577)}, 0.0005867366844294952, 'baseline'), ({(715, 3, 3577)}, -0.11961803179485032, 'baseline'), ({(4839, 3, 3577)}, -0.5417528395290603, 'baseline'), ({(430, 3, 3577)}, -0.9446500100238665, 'baseline'), ({(4839, 8, 3577)}, -1.357312182317224, 'baseline')]",[6.4829187],13,6.4829187,"[(1469, 47, 3577), (12953, 19, 1469), (3333, 48, 32), (9048, 13, 32), (3333, 8, 3577), (12953, 48, 32), (715, 6, 9048), (255, 6, 3579), (715, 3, 3577), (3579, 13, 32), (3576, 8, 3577), (3576, 48, 32), (255, 8, 3577)]"
[3],6.498813,3.0,1,"(2016, 17, 60)","[({(8538, 123, 2016)}, 3.579134826549828, 'baseline'), ({(3142, 45, 2016)}, 1.2233736813831724, 'baseline'), ({(7578, 8, 2016)}, 0.6405940862427768, 'baseline'), ({(7578, 3, 2016)}, -1.3000497697174167, 'baseline')]",[6.075409],7,6.075409,"[(3142, 17, 60), (7578, 17, 60), (7578, 3, 2016), (8538, 17, 60), (3142, 45, 2016), (7578, 8, 2016), (8538, 123, 2016)]"
[1],6.5098124,1.0,1,"(5605, 17, 862)","[({(5194, 45, 5605)}, 2.791862398872684, 'baseline'), ({(2458, 123, 5605)}, 0.32682963112124785, 'baseline')]",[6.3647213],4,6.3647213,"[(5194, 45, 5605), (2458, 17, 862), (2458, 123, 5605), (5194, 17, 862)]"
[1],8.85631,1.0,1,"(7019, 11, 23)","[({(1130, 2, 7019)}, 2.1831417019951904, 'baseline'), ({(6410, 38, 7019)}, 0.44792624002224324, 'baseline'), ({(7291, 38, 7019)}, -0.8109748227076415, 'baseline')]",[8.963513],9,8.963513,"[(1130, 2, 8678), (6340, 11, 23), (2065, 136, 7291), (8678, 11, 23), (1130, 2, 7019), (7291, 38, 7019), (2065, 11, 23), (6410, 38, 7019), (6340, 136, 6410)]"
[1],7.565317,1.0,1,"(868, 26, 342)","[({(6767, 6, 868)}, 1.6828591876736363, 'baseline'), ({(4019, 6, 868)}, 1.412199806913406, 'baseline'), ({(928, 32, 868)}, 0.20645797427116822, 'baseline')]",[7.423565],9,7.423565,"[(6767, 6, 4782), (928, 32, 868), (4019, 6, 9242), (928, 32, 418), (9242, 26, 342), (6767, 6, 868), (4019, 6, 868), (4782, 26, 342), (418, 26, 342)]"
[1],7.8973103,1.0,1,"(3116, 11, 23)","[({(598, 7, 3116)}, 2.0312457446837042, 'baseline'), ({(2558, 102, 3116)}, 1.3420073134493793, 'baseline'), ({(9776, 6, 3116)}, 1.313933985462123, 'baseline'), ({(2558, 38, 3116)}, 0.324839999782785, 'baseline'), ({(1137, 7, 3116)}, -2.4778621511098713, 'baseline')]",[8.011213],13,8.011213,"[(1883, 11, 23), (11830, 11, 23), (598, 7, 3116), (2558, 38, 3116), (1137, 7, 1883), (9776, 6, 3116), (598, 7, 6460), (2558, 102, 3116), (1897, 11, 23), (1897, 12, 2558), (1137, 7, 3116), (6460, 11, 23), (9776, 6, 11830)]"
[1],6.271813,1.0,1,"(3481, 13, 1934)","[({(7760, 38, 3481)}, 2.2629385062720013, 'baseline'), ({(3205, 38, 3481)}, -1.3763850658843564, 'baseline'), ({(1017, 7, 3481)}, -3.5723384245304506, 'baseline')]",[6.338604],9,6.338604,"[(3196, 13, 1934), (7760, 60, 90), (1934, 206, 90), (1017, 7, 3481), (7760, 38, 3481), (1017, 7, 28), (28, 193, 1934), (3205, 38, 3481), (3205, 32, 3196)]"
[1],7.389966,1.0,1,"(6848, 28, 32)","[({(5089, 32, 6848)}, 2.9295956704523562, 'baseline'), ({(1352, 6, 6848)}, 1.0163208087703646, 'baseline'), ({(8210, 102, 6848)}, 0.6592390203988742, 'baseline'), ({(4, 2, 6848)}, 0.19930498240437025, 'baseline'), ({(8210, 38, 6848)}, -0.6678574881936934, 'baseline'), ({(6083, 6, 6848)}, -0.6920619475014333, 'baseline'), ({(604, 32, 6848)}, -0.8152854488123054, 'baseline'), ({(2961, 6, 6848)}, -0.9548565600357642, 'baseline'), ({(5137, 6, 6848)}, -2.593710020299115, 'baseline'), ({(8210, 6, 6848)}, -2.8536626494598565, 'baseline')]",[7.5652647],12,7.5652647,"[(2268, 28, 32), (4, 2, 6848), (12938, 107, 4), (8210, 102, 6848), (5849, 28, 32), (5089, 32, 5849), (12938, 185, 32), (5089, 32, 6848), (8210, 38, 6848), (1352, 6, 2268), (1352, 6, 6848), (8210, 48, 32)]"
[1],8.157777,1.0,1,"(6079, 220, 8450)",[],[7.8540735],0,7.8540735,[]
[1],5.790435,1.0,1,"(4592, 17, 818)","[({(6301, 3, 4592)}, 2.0277616218333927, 'baseline'), ({(6588, 3, 4592)}, 1.8545897394290667, 'baseline'), ({(317, 3, 4592)}, -0.23024349846240813, 'baseline'), ({(7146, 8, 4592)}, -0.4756982076006291, 'baseline'), ({(10092, 3, 4592)}, -2.7369924809274826, 'baseline')]",[5.33044],10,5.33044,"[(6301, 17, 818), (7146, 17, 818), (6301, 3, 4592), (7146, 8, 4592), (6588, 8, 10092), (10092, 17, 818), (317, 3, 4592), (317, 17, 818), (10092, 3, 4592), (6588, 3, 4592)]"
[1],7.8901253,1.0,1,"(8007, 43, 141)","[({(3081, 27, 8007)}, 3.8918684570906628, 'baseline'), ({(2468, 27, 8007)}, 0.7655904287653431, 'baseline'), ({(1060, 47, 8007)}, -0.07040640990950565, 'baseline')]",[8.179608],9,8.179608,"[(2468, 27, 10098), (3081, 27, 10936), (1060, 47, 8007), (2468, 27, 8007), (10936, 43, 141), (12810, 19, 1060), (12810, 43, 141), (3081, 27, 8007), (10098, 43, 141)]"
[1],7.833797,1.0,1,"(3861, 26, 64)","[({(1126, 7, 3861)}, 1.2885977223010785, 'baseline'), ({(1819, 6, 3861)}, 1.171263539491096, 'baseline'), ({(268, 32, 3861)}, 0.45835867264013136, 'baseline'), ({(268, 38, 3861)}, -0.09053615296772353, 'baseline'), ({(6884, 6, 3861)}, -0.5404248454796559, 'baseline'), ({(326, 6, 3861)}, -1.0521443515315267, 'baseline'), ({(240, 7, 3861)}, -3.031094077552733, 'baseline')]",[7.798428],13,7.798428,"[(6884, 6, 3861), (5872, 26, 64), (1819, 6, 5872), (13601, 26, 64), (1819, 6, 3861), (3238, 26, 64), (268, 38, 3861), (268, 32, 13601), (1126, 7, 3861), (1126, 7, 8509), (268, 32, 3861), (6884, 6, 3238), (8509, 26, 64)]"
[2],6.3330984,2.0,1,"(9419, 31, 2512)","[({(196, 7, 9419)}, 2.840651297236018, 'baseline'), ({(958, 97, 9419)}, 2.4229360477448134, 'baseline'), ({(4092, 97, 9419)}, -1.821996971947775, 'baseline')]",[6.0693817],9,6.0693817,"[(8193, 31, 2512), (4272, 31, 2512), (5610, 7, 4092), (196, 7, 8193), (4272, 97, 958), (958, 97, 9419), (5610, 67, 2512), (4092, 97, 9419), (196, 7, 9419)]"
[1],8.66317,1.0,1,"(4929, 11, 23)","[({(451, 6, 4929)}, 1.3406665618897138, 'baseline'), ({(7247, 6, 4929)}, 0.165943079695731, 'baseline'), ({(4563, 55, 4929)}, -0.32757688549962183, 'baseline'), ({(2250, 2, 4929)}, -0.7550081278032359, 'baseline'), ({(5173, 6, 4929)}, -0.8791062353532875, 'baseline')]",[8.494736],15,8.494736,"[(5173, 6, 4929), (4563, 55, 7867), (2250, 2, 8344), (451, 6, 4929), (7247, 6, 1021), (4563, 55, 4929), (8344, 11, 23), (7247, 6, 4929), (452, 11, 23), (1021, 11, 23), (2250, 2, 4929), (7867, 90, 23), (1439, 11, 23), (5173, 6, 1439), (451, 6, 452)]"
[1],7.114539,1.0,1,"(4489, 18, 795)","[({(857, 35, 4489)}, 1.1771977873223765, 'baseline')]",[7.2048497],3,7.2048497,"[(857, 35, 4489), (2131, 82, 795), (2131, 93, 857)]"
[2],5.9763412,2.0,1,"(10519, 66, 9596)","[({(139, 42, 10519)}, 1.8286529194880594, 'baseline'), ({(10823, 20, 10519)}, 0.1948291594643049, 'baseline'), ({(2687, 76, 10519)}, -0.3918027931883254, 'baseline'), ({(1189, 20, 10519)}, -1.8410503360916142, 'baseline'), ({(4044, 42, 10519)}, -4.203639809194648, 'baseline')]",[5.435486],13,5.435486,"[(2687, 76, 6706), (139, 92, 11945), (10823, 20, 8207), (4044, 42, 10519), (139, 42, 10519), (1189, 20, 10519), (6706, 160, 9596), (8207, 160, 9596), (2687, 76, 10519), (4044, 92, 6706), (10823, 20, 10519), (1189, 20, 8207), (11945, 160, 9596)]"
[1],6.9785805,1.0,1,"(4349, 17, 871)","[({(4348, 27, 4349)}, 1.914988404878396, 'baseline'), ({(8652, 3, 4349)}, 1.6632772080120009, 'baseline'), ({(8652, 192, 4349)}, 0.8388351555212029, 'baseline'), ({(8652, 8, 4349)}, 0.3911675789197506, 'baseline'), ({(4649, 47, 4349)}, 0.3169170597386958, 'baseline')]",[6.964424],10,6.964424,"[(5796, 17, 871), (8652, 8, 4349), (8652, 3, 4349), (4348, 27, 4349), (8652, 192, 4349), (4348, 27, 5796), (8652, 17, 871), (4649, 47, 4349), (7651, 19, 4649), (7651, 17, 871)]"
[1],6.9195323,1.0,1,"(6253, 31, 657)","[({(1659, 6, 6253)}, -0.12020091700301475, 'baseline'), ({(5881, 6, 6253)}, -4.875943222225894, 'baseline')]",[7.2957172],6,7.2957172,"[(5881, 6, 6253), (1992, 31, 657), (657, 2, 3909), (1659, 6, 6253), (5881, 6, 1992), (1659, 6, 3909)]"
[1],7.1839924,1.0,1,"(9122, 17, 215)","[({(1364, 8, 9122)}, 5.3351522224641315, 'baseline'), ({(10830, 8, 9122)}, -4.193401137914364, 'baseline')]",[7.559956],5,7.559956,"[(1364, 8, 9122), (9099, 17, 215), (10830, 17, 215), (10830, 8, 9122), (9099, 159, 1364)]"
[1],6.958826,1.0,1,"(3809, 33, 90)","[({(8335, 15, 3809)}, 2.6015401456714424, 'baseline'), ({(6485, 66, 3809)}, 1.6835907606624083, 'baseline'), ({(13496, 66, 3809)}, 1.6475231091939613, 'baseline'), ({(12238, 39, 3809)}, 1.28151891109904, 'baseline'), ({(32, 15, 3809)}, -1.3284931054442892, 'baseline')]",[6.8518696],13,6.8518696,"[(8335, 15, 6289), (6708, 22, 13496), (13496, 66, 3809), (173, 105, 12238), (6485, 66, 3809), (32, 15, 3809), (32, 206, 90), (8335, 15, 3809), (173, 34, 90), (6485, 48, 32), (12238, 39, 3809), (6289, 33, 90), (6708, 166, 90)]"
[1],7.234824,1.0,1,"(2634, 31, 844)",[],[6.9203615],0,6.9203615,[]
[1],6.8358297,1.0,1,"(2857, 10, 2465)","[({(1308, 19, 2857)}, 0.9525008472194357, 'baseline'), ({(4446, 19, 2857)}, 0.720116826255037, 'baseline'), ({(348, 19, 2857)}, 0.6711799305993521, 'baseline'), ({(10454, 19, 2857)}, -0.14339832106200953, 'baseline'), ({(1547, 19, 2857)}, -0.6808934191400461, 'baseline'), ({(571, 19, 2857)}, -3.0840516302949736, 'baseline')]",[6.8895626],14,6.8895626,"[(4446, 19, 10033), (10454, 19, 2857), (348, 19, 2857), (4220, 47, 1547), (4446, 19, 2857), (10785, 10, 2465), (10785, 47, 10454), (348, 19, 153), (4220, 10, 2465), (10033, 10, 2465), (2465, 27, 1308), (153, 10, 2465), (1547, 19, 2857), (1308, 19, 2857)]"
[1],7.8238983,1.0,1,"(7245, 100, 160)","[({(2127, 8, 7245)}, 4.273829099984471, 'baseline'), ({(9198, 22, 7245)}, 1.4623561883623015, 'baseline'), ({(366, 8, 7245)}, 1.3580471883078282, 'baseline'), ({(3073, 8, 7245)}, -1.156237255567431, 'baseline'), ({(9263, 77, 7245)}, -1.250230853043498, 'baseline'), ({(326, 8, 7245)}, -1.447435335607701, 'baseline'), ({(1148, 47, 7245)}, -1.6346106890000276, 'baseline')]",[7.662772],14,7.662772,"[(10238, 100, 160), (3073, 8, 7245), (9198, 22, 7245), (9198, 22, 10238), (9263, 100, 160), (366, 8, 7245), (2838, 14, 160), (4772, 153, 3073), (8288, 122, 2127), (366, 6, 2838), (4772, 14, 160), (9263, 77, 7245), (8288, 221, 160), (2127, 8, 7245)]"
[1],5.9059772,1.0,1,"(4794, 28, 382)","[({(6582, 32, 4794)}, -0.31283123792849815, 'baseline')]",[5.8212605],3,5.8212605,"[(2802, 28, 382), (6582, 32, 2802), (6582, 32, 4794)]"
[1],7.1986084,1.0,1,"(5115, 86, 2316)",[],[7.1733284],0,7.1733284,[]
[2],6.3773446,2.0,1,"(1081, 27, 7303)","[({(7230, 10, 1081)}, 1.0463471088340555, 'baseline'), ({(3641, 10, 1081)}, -0.04144129086758317, 'baseline'), ({(550, 10, 1081)}, -0.3735310351420939, 'baseline'), ({(2998, 10, 1081)}, -2.3909344602983613, 'baseline'), ({(7570, 10, 1081)}, -4.857258825377401, 'baseline')]",[6.101836],12,6.101836,"[(550, 10, 1994), (7570, 10, 1994), (2998, 10, 1081), (2998, 10, 1994), (7570, 10, 1081), (1994, 27, 7303), (3641, 10, 1081), (7303, 8, 4991), (7230, 10, 1994), (4991, 19, 3641), (7230, 10, 1081), (550, 10, 1081)]"
[1],8.028749,1.0,1,"(12076, 85, 434)","[({(6055, 22, 12076)}, 3.2999771194279206, 'baseline'), ({(13024, 192, 12076)}, 1.2327110584873473, 'baseline'), ({(1345, 1, 12076)}, -4.563096261347807, 'baseline')]",[8.066361],9,8.066361,"[(434, 161, 32), (1345, 1, 4661), (1345, 1, 12076), (13024, 48, 32), (13024, 192, 12076), (3262, 159, 6055), (4661, 85, 434), (6055, 22, 12076), (3262, 85, 434)]"
[1],6.999007,1.0,1,"(4552, 35, 2732)","[({(7680, 93, 4552)}, 2.925854274218447, 'baseline'), ({(5656, 93, 4552)}, 0.26545783292584857, 'baseline')]",[7.078574],5,7.078574,"[(7680, 93, 4461), (5656, 93, 4552), (4461, 35, 2732), (5656, 93, 4461), (7680, 93, 4552)]"
[1],6.1483383,1.0,1,"(457, 10, 7869)","[({(7431, 30, 457)}, 0.5950988770518579, 'baseline'), ({(289, 19, 457)}, -0.06873748255762455, 'baseline')]",[6.1523743],6,6.1523743,"[(289, 19, 2820), (371, 10, 7869), (289, 19, 457), (7431, 30, 457), (371, 7, 7431), (2820, 10, 7869)]"
[1],8.168217,1.0,1,"(3794, 23, 209)","[({(6342, 13, 3794)}, 0.15126916942412427, 'baseline'), ({(746, 13, 3794)}, -0.08578228736627276, 'baseline'), ({(1360, 29, 3794)}, -0.7961351878404439, 'baseline'), ({(2830, 13, 3794)}, -2.1018644331731524, 'baseline')]",[8.199725],12,8.199725,"[(746, 13, 3420), (1786, 23, 209), (2830, 13, 8312), (8312, 23, 209), (2830, 13, 3794), (6342, 13, 3794), (1360, 29, 3794), (3420, 23, 209), (746, 13, 3794), (1394, 23, 209), (6342, 13, 1786), (1360, 29, 1394)]"
[1],5.862156,1.0,1,"(3306, 13, 1682)","[({(3997, 6, 3306)}, 1.3719231854819824, 'baseline'), ({(2250, 2, 3306)}, 0.5464299856097121, 'baseline')]",[6.080686],6,6.080686,"[(2250, 2, 2574), (3997, 85, 434), (2250, 2, 3306), (2574, 193, 1682), (434, 161, 1682), (3997, 6, 3306)]"
[1],7.3106804,1.0,1,"(3660, 31, 136)","[({(4295, 32, 3660)}, 1.3075053908547145, 'baseline'), ({(268, 32, 3660)}, -0.8520006874230168, 'baseline')]",[7.7967024],6,7.7967024,"[(4614, 31, 136), (4614, 86, 4295), (268, 32, 3660), (6719, 31, 136), (268, 32, 6719), (4295, 32, 3660)]"
[1],7.7084093,1.0,1,"(1927, 212, 4563)","[({(1724, 47, 1927)}, -1.4334281043380976, 'baseline'), ({(10467, 175, 1927)}, -1.6200331664613052, 'baseline')]",[7.709642],6,7.709642,"[(5822, 212, 4563), (5822, 19, 1724), (10467, 175, 2159), (2159, 212, 4563), (1724, 47, 1927), (10467, 175, 1927)]"
[1],6.135332,1.0,1,"(740, 37, 1577)","[({(1701, 179, 740)}, 1.6602521571266116, 'baseline'), ({(12288, 179, 740)}, 1.4083972111228806, 'baseline'), ({(9483, 179, 740)}, 1.1038607203851674, 'baseline'), ({(979, 179, 740)}, 1.0674338825226137, 'baseline'), ({(2161, 179, 740)}, 1.0638930724567446, 'baseline'), ({(596, 179, 740)}, 0.07090788225126836, 'baseline'), ({(977, 179, 740)}, -0.6697655045883281, 'baseline')]",[5.811507],14,5.811507,"[(1701, 236, 32), (12288, 179, 740), (1577, 118, 774), (979, 82, 2357), (979, 179, 740), (9483, 82, 2357), (1701, 179, 740), (12288, 118, 774), (1577, 133, 32), (2161, 179, 740), (2161, 60, 90), (1577, 18, 2357), (9483, 179, 740), (1577, 219, 90)]"
[1],6.9333606,1.0,1,"(8128, 10, 1968)","[({(2506, 19, 8128)}, -0.40382916638839406, 'baseline'), ({(3347, 19, 8128)}, -0.5752439206812181, 'baseline'), ({(2459, 19, 8128)}, -1.14081744725373, 'baseline')]",[7.06268],8,7.06268,"[(4640, 47, 3347), (2329, 10, 1968), (4640, 10, 1968), (3347, 19, 8128), (1968, 27, 2459), (2459, 19, 8128), (2506, 19, 8128), (2329, 47, 2506)]"
[1],8.478947,1.0,1,"(8270, 14, 160)","[({(911, 59, 8270)}, 3.1391846154394574, 'baseline'), ({(3695, 102, 8270)}, 1.4268545944020459, 'baseline'), ({(4431, 103, 8270)}, 0.9553066077280917, 'baseline'), ({(4973, 38, 8270)}, 0.952408130884728, 'baseline'), ({(6629, 7, 8270)}, 0.6789681633501601, 'baseline'), ({(1759, 7, 8270)}, 0.20147778072589662, 'baseline'), ({(1071, 7, 8270)}, -0.30016347516499314, 'baseline'), ({(4973, 6, 8270)}, -0.7306642649149786, 'baseline'), ({(1017, 7, 8270)}, -1.532652285161931, 'baseline'), ({(10999, 6, 8270)}, -2.0642352592529103, 'baseline')]",[8.439621],14,8.439621,"[(4973, 232, 160), (4431, 103, 8270), (4973, 38, 8270), (3143, 14, 160), (3695, 102, 8270), (6390, 14, 160), (9594, 14, 160), (6629, 7, 8270), (3695, 102, 3833), (911, 59, 8270), (911, 59, 9594), (6629, 7, 3143), (3833, 14, 160), (4431, 103, 6390)]"
[1],6.5313535,1.0,1,"(8285, 17, 862)","[({(360, 8, 8285)}, 2.4886415127864585, 'baseline'), ({(361, 8, 8285)}, 2.268699633683351, 'baseline'), ({(37, 8, 8285)}, 0.5623626683623681, 'baseline'), ({(1218, 8, 8285)}, 0.33343569983838556, 'baseline'), ({(5181, 8, 8285)}, -0.15625092060099788, 'baseline'), ({(5846, 8, 8285)}, -0.2986752807166514, 'baseline'), ({(6906, 8, 8285)}, -0.5165161008753274, 'baseline')]",[6.6845884],10,6.6845884,"[(361, 8, 8285), (361, 17, 862), (360, 8, 8285), (1218, 17, 862), (5181, 8, 8285), (1218, 8, 8285), (37, 8, 8285), (360, 17, 862), (37, 17, 862), (5181, 17, 862)]"
[5],6.8177223,5.0,1,"(1796, 130, 841)","[({(980, 49, 1796)}, 1.643698353540405, 'baseline'), ({(1853, 49, 1796)}, 1.0985717552191598, 'baseline'), ({(1956, 49, 1796)}, 0.7715365434394847, 'baseline'), ({(1432, 49, 1796)}, -0.5793678895564001, 'baseline'), ({(555, 49, 1796)}, -1.06684512910167, 'baseline'), ({(12977, 49, 1796)}, -1.683707169403539, 'baseline'), ({(6070, 49, 1796)}, -5.032747363254818, 'baseline')]",[6.5519915],15,6.5519915,"[(555, 49, 1796), (841, 98, 12362), (1956, 98, 9217), (555, 98, 12362), (7253, 130, 841), (980, 49, 1796), (12040, 40, 1853), (841, 98, 11551), (841, 98, 9217), (1432, 49, 1796), (12040, 40, 841), (1432, 98, 11551), (7253, 130, 980), (1853, 49, 1796), (1956, 49, 1796)]"
[2],5.848309,2.0,1,"(1754, 29, 181)","[({(1410, 174, 1754)}, 2.1434351175913653, 'baseline'), ({(7161, 65, 1754)}, 1.3189984986345888, 'baseline'), ({(5122, 174, 1754)}, -2.683479492857681, 'baseline'), ({(1829, 174, 1754)}, -3.2565754929971553, 'baseline'), ({(246, 65, 1754)}, -5.173851729664659, 'baseline')]",[5.8851385],10,5.8851385,"[(5122, 174, 1754), (181, 69, 1829), (246, 65, 1754), (1410, 157, 181), (7161, 65, 1754), (181, 72, 7161), (181, 69, 246), (1829, 174, 1754), (181, 72, 5122), (1410, 174, 1754)]"
[1],6.474165,1.0,1,"(2946, 17, 215)","[({(2148, 77, 2946)}, -0.12522971714510842, 'baseline')]",[7.0307293],3,7.0307293,"[(2148, 77, 2946), (1341, 17, 215), (1341, 8, 2148)]"
[1],6.917391,1.0,1,"(7787, 31, 136)",[],[7.1808987],0,7.1808987,[]
[1],5.7749047,1.0,1,"(8365, 13, 158)","[({(5334, 2, 8365)}, 7.311538376436866, 'baseline')]",[5.8737135],3,5.8737135,"[(5334, 2, 8365), (7844, 198, 5334), (7844, 150, 158)]"
[1],9.396436,1.0,1,"(7436, 217, 3433)","[({(236, 63, 7436)}, 1.8581725656180985, 'baseline'), ({(7445, 68, 7436)}, -2.333347143138788, 'baseline')]",[9.123985],6,9.123985,"[(6182, 217, 3433), (236, 63, 7436), (7445, 68, 7058), (236, 63, 6182), (7058, 217, 3433), (7445, 68, 7436)]"
[1],9.2232685,1.0,1,"(2369, 182, 2517)","[({(7231, 30, 2369)}, 2.6518648848038042, 'baseline'), ({(493, 30, 2369)}, 2.3909369043494366, 'baseline'), ({(3383, 19, 2369)}, -0.3070535248300952, 'baseline'), ({(4861, 19, 2369)}, -0.49511085013774053, 'baseline')]",[9.161662],12,9.161662,"[(3641, 182, 2517), (7230, 182, 2517), (4861, 19, 2935), (4861, 19, 2369), (3641, 7, 493), (608, 47, 3383), (493, 30, 2369), (7231, 30, 2369), (7230, 7, 7231), (3383, 19, 2369), (608, 182, 2517), (2935, 182, 2517)]"
[1],6.0403447,1.0,1,"(7479, 19, 2998)","[({(3169, 22, 7479)}, 1.9289895277341704, 'baseline'), ({(171, 50, 7479)}, 1.7430382959449873, 'baseline'), ({(1857, 47, 7479)}, -0.17224408867595847, 'baseline')]",[5.7950726],9,5.7950726,"[(332, 19, 2998), (13529, 19, 2998), (171, 50, 7479), (1857, 47, 7479), (3169, 22, 7479), (171, 50, 332), (13529, 19, 1857), (3169, 22, 7729), (7729, 19, 2998)]"
[1],9.398626,1.0,1,"(2323, 91, 494)","[({(9589, 38, 2323)}, 0.6908720891218609, 'baseline')]",[9.615493],2,9.615493,"[(9589, 110, 494), (9589, 38, 2323)]"
[1],7.2044873,1.0,1,"(1727, 17, 432)","[({(1374, 20, 1727)}, -0.6077357947417409, 'baseline'), ({(212, 42, 1727)}, -2.368046825629108, 'baseline')]",[7.7229757],6,7.7229757,"[(212, 42, 1727), (431, 17, 432), (9921, 17, 432), (1374, 20, 1727), (9921, 41, 212), (1374, 20, 431)]"
[1],7.4030623,1.0,1,"(13994, 133, 32)","[({(12732, 24, 13994)}, 1.0475959602304268, 'baseline'), ({(12732, 66, 13994)}, -0.22486663781735144, 'baseline')]",[7.175067],3,7.175067,"[(12732, 66, 13994), (12732, 48, 32), (12732, 24, 13994)]"
[1],6.9772243,1.0,1,"(705, 148, 2861)",[],[6.9128933],0,6.9128933,[]
[1],6.6576047,1.0,1,"(13557, 154, 2620)","[({(10423, 15, 13557)}, 2.143270724612278, 'baseline')]",[6.3557205],3,6.3557205,"[(10423, 15, 13832), (10423, 15, 13557), (13832, 154, 2620)]"
[1],8.017205,1.0,1,"(10437, 43, 141)","[({(3644, 183, 10437)}, 0.6326946918085764, 'baseline')]",[7.9090314],3,7.9090314,"[(3644, 183, 10437), (11905, 43, 141), (3644, 116, 11905)]"
[1],7.586446,1.0,1,"(2611, 25, 62)","[({(1271, 92, 2611)}, 1.2260002262073406, 'baseline'), ({(529, 20, 2611)}, 0.03982756309809729, 'baseline'), ({(6196, 76, 2611)}, -0.3486768848153659, 'baseline'), ({(2804, 76, 2611)}, -1.5422954024993742, 'baseline'), ({(4528, 76, 2611)}, -1.7919216071927346, 'baseline')]",[8.075399],12,8.075399,"[(7884, 25, 62), (4528, 25, 62), (2804, 25, 62), (1271, 92, 2611), (529, 20, 5842), (6196, 76, 2611), (529, 20, 2611), (6196, 25, 62), (1271, 92, 7884), (4528, 76, 2611), (5842, 25, 62), (2804, 76, 2611)]"
[1],8.844319,1.0,1,"(3120, 220, 6386)",[],[8.694141],0,8.694141,[]
[1],7.1964135,1.0,1,"(13433, 17, 862)",[],[7.4298315],0,7.4298315,[]
[1],6.7144117,1.0,1,"(1551, 18, 10398)","[({(7692, 35, 1551)}, 0.4987932848579709, 'baseline'), ({(2617, 35, 1551)}, -0.6371320874806544, 'baseline'), ({(2473, 35, 1551)}, -3.913869875206006, 'baseline')]",[6.781431],8,6.781431,"[(2617, 35, 1551), (1835, 18, 10398), (2473, 35, 2474), (2474, 18, 10398), (7692, 35, 2474), (2617, 35, 1835), (2473, 35, 1551), (7692, 35, 1551)]"
[1],8.074702,1.0,1,"(6053, 48, 32)","[({(3016, 76, 6053)}, 1.4947852006998592, 'baseline'), ({(8719, 3, 6053)}, 0.5892106845446068, 'baseline'), ({(10512, 8, 6053)}, 0.23662423936667398, 'baseline'), ({(1846, 47, 6053)}, -1.3479082944879461, 'baseline'), ({(8619, 77, 6053)}, -2.9927936520674976, 'baseline')]",[7.7400827],12,7.7400827,"[(8619, 48, 32), (4671, 48, 32), (10512, 8, 6053), (4671, 19, 1846), (8719, 3, 6053), (9502, 48, 32), (8719, 48, 32), (3016, 76, 6053), (3016, 76, 9502), (1846, 47, 6053), (8619, 77, 6053), (10512, 48, 32)]"
[1],5.7034497,1.0,1,"(7744, 13, 2046)",[],[6.0472503],0,6.0472503,[]
[1],7.9445515,1.0,1,"(4819, 85, 434)","[({(2118, 21, 4819)}, 1.7923200683081981, 'baseline'), ({(8160, 21, 4819)}, 1.4132721718921744, 'baseline'), ({(8657, 21, 4819)}, -2.5782718979620696, 'baseline')]",[7.8076816],6,7.8076816,"[(8657, 85, 434), (2118, 21, 4819), (2118, 85, 434), (8160, 21, 4819), (8160, 85, 434), (8657, 21, 4819)]"
[1],6.1227975,1.0,1,"(1759, 10, 6825)",[],[6.490293],0,6.490293,[]
[1],6.9438825,1.0,1,"(5090, 85, 434)","[({(6758, 27, 5090)}, 2.2212574279122146, 'baseline'), ({(5478, 12, 5090)}, 1.2653511596977456, 'baseline'), ({(4622, 47, 5090)}, -0.027584289730520604, 'baseline'), ({(2149, 47, 5090)}, -0.25200360439998487, 'baseline'), ({(600, 8, 5090)}, -0.34055093609117165, 'baseline'), ({(8066, 27, 5090)}, -0.6243661326028952, 'baseline'), ({(2610, 47, 5090)}, -0.9197828454056431, 'baseline'), ({(7599, 12, 5090)}, -1.298891720082408, 'baseline'), ({(677, 47, 5090)}, -1.3997410092172664, 'baseline'), ({(600, 3, 5090)}, -4.6483413336836525, 'baseline')]",[7.316492],15,7.316492,"[(7973, 85, 434), (4173, 38, 5478), (6758, 27, 5255), (7585, 85, 434), (5478, 12, 5090), (6758, 27, 5090), (5255, 85, 434), (3666, 3, 600), (7585, 19, 2149), (3666, 85, 434), (4622, 47, 5090), (4622, 47, 7973), (600, 8, 5090), (4173, 85, 434), (2149, 47, 5090)]"
[1],8.100239,1.0,1,"(2348, 82, 1771)","[({(3075, 1, 2348)}, -0.6041751189131187, 'baseline'), ({(2444, 119, 2348)}, -0.8139968986725119, 'baseline')]",[8.268093],6,8.268093,"[(2355, 82, 1771), (10725, 82, 1771), (3075, 1, 2348), (2444, 119, 2348), (10725, 77, 2444), (3075, 12, 2355)]"
[1],7.7511554,1.0,1,"(166, 19, 559)",[],[7.9088235],0,7.9088235,[]
[1],6.5151615,1.0,1,"(2719, 41, 570)","[({(65, 27, 2719)}, -0.434460021484435, 'baseline')]",[6.633499],3,6.633499,"[(65, 27, 2719), (65, 27, 11945), (570, 92, 11945)]"
[1],8.216557,1.0,1,"(1843, 28, 32)","[({(2027, 38, 1843)}, 2.4193582175926793, 'baseline'), ({(6371, 6, 1843)}, 2.121218062208456, 'baseline'), ({(2551, 38, 1843)}, 1.0611918472136177, 'baseline'), ({(12179, 38, 1843)}, 1.0565577239127917, 'baseline'), ({(12179, 6, 1843)}, -0.13609461543041695, 'baseline'), ({(931, 7, 1843)}, -0.14359505717012633, 'baseline'), ({(1465, 38, 1843)}, -0.6821608838178853, 'baseline'), ({(2820, 7, 1843)}, -0.7169509652858976, 'baseline'), ({(9791, 6, 1843)}, -0.7430254865437871, 'baseline'), ({(46, 7, 1843)}, -1.9083215026293776, 'baseline')]",[8.15874],10,8.15874,"[(12179, 6, 1843), (6371, 6, 1843), (2027, 38, 1843), (12179, 48, 32), (127, 22, 2027), (2551, 38, 1843), (12179, 38, 1843), (32, 15, 127), (6371, 48, 32), (2551, 48, 32)]"
[1],7.1832814,1.0,1,"(4660, 107, 4)","[({(4661, 38, 4660)}, 1.8706218219138555, 'baseline'), ({(3312, 38, 4660)}, 0.43755070206893565, 'baseline'), ({(5269, 38, 4660)}, 0.3246939426318103, 'baseline'), ({(1469, 7, 4660)}, -0.6020909454951804, 'baseline'), ({(5119, 103, 4660)}, -0.911931395300242, 'baseline'), ({(869, 145, 4660)}, -1.2658853532021812, 'baseline'), ({(9025, 103, 4660)}, -2.1113053317821113, 'baseline'), ({(3312, 145, 4660)}, -4.060072153846366, 'baseline')]",[6.982452],14,6.982452,"[(5269, 38, 4660), (4, 2, 5074), (1469, 7, 4660), (1469, 7, 8035), (4661, 38, 4660), (3312, 38, 4660), (3819, 107, 4), (5119, 103, 3819), (5269, 6, 12154), (3312, 162, 8035), (8035, 107, 4), (12154, 31, 4), (4661, 6, 5074), (5119, 103, 4660)]"
[2],6.4405465,2.0,1,"(786, 35, 12545)","[({(7680, 93, 786)}, 0.7681440352279567, 'baseline')]",[5.8853097],3,5.8853097,"[(4552, 35, 12545), (7680, 93, 786), (7680, 93, 4552)]"
[1],7.7915053,1.0,1,"(13197, 5, 9)","[({(117, 130, 13197)}, -1.7278401997369006, 'baseline')]",[8.269736],2,8.269736,"[(117, 130, 13197), (117, 178, 9)]"
[1],7.577811,1.0,1,"(4093, 85, 434)","[({(268, 8, 4093)}, 3.719321742441427, 'baseline'), ({(41, 119, 4093)}, 1.4304564394468888, 'baseline'), ({(3385, 47, 4093)}, 0.7434495745199791, 'baseline'), ({(4925, 192, 4093)}, 0.5140349615782626, 'baseline'), ({(8004, 8, 4093)}, 0.39855101938830806, 'baseline'), ({(7864, 215, 4093)}, -0.2828332820237563, 'baseline'), ({(7245, 8, 4093)}, -3.790437975630819, 'baseline'), ({(3492, 8, 4093)}, -3.9495283335391558, 'baseline')]",[7.5833693],14,7.5833693,"[(8004, 8, 4093), (3385, 47, 4093), (4925, 192, 4093), (268, 76, 4675), (8004, 8, 9885), (4925, 85, 434), (268, 8, 4093), (10603, 19, 3385), (41, 66, 8910), (4675, 85, 434), (10603, 85, 434), (9885, 85, 434), (434, 161, 8910), (41, 119, 4093)]"
[1],8.374424,1.0,1,"(7956, 198, 160)","[({(4413, 44, 7956)}, 3.319139871106615, 'baseline'), ({(1296, 44, 7956)}, -1.6499295353144434, 'baseline')]",[8.294585],6,8.294585,"[(9524, 198, 160), (1296, 44, 7956), (4413, 63, 13753), (1296, 44, 9524), (4413, 44, 7956), (13753, 198, 160)]"
[1],8.788849,1.0,1,"(12458, 85, 434)",[],[9.090614],0,9.090614,[]
[7],6.3626885,7.0,1,"(4931, 19, 9014)","[({(4567, 8, 4931)}, 2.4320481359819377, 'baseline'), ({(948, 8, 4931)}, 0.6607017639601058, 'baseline'), ({(6979, 8, 4931)}, 0.13513185381814022, 'baseline'), ({(11088, 8, 4931)}, -0.21062524927332363, 'baseline')]",[5.645544],9,5.645544,"[(9014, 47, 6979), (6979, 8, 4931), (9730, 8, 4567), (11088, 8, 4931), (9730, 8, 11088), (4567, 8, 4931), (9730, 19, 9014), (948, 19, 9014), (948, 8, 4931)]"
[1],6.7542014,1.0,1,"(5072, 66, 249)","[({(1177, 189, 5072)}, 1.637701064973454, 'baseline'), ({(3730, 140, 5072)}, -1.735482094345968, 'baseline')]",[6.2186027],6,6.2186027,"[(1177, 89, 501), (3730, 140, 5072), (1177, 189, 5072), (3730, 140, 9792), (9792, 39, 249), (249, 15, 501)]"
[1],5.891928,1.0,1,"(5078, 48, 181)","[({(2160, 84, 5078)}, 3.1928544726733468, 'baseline'), ({(9215, 84, 5078)}, -0.6266112219316279, 'baseline'), ({(598, 47, 5078)}, -1.8838206292470354, 'baseline')]",[6.117355],8,6.117355,"[(2160, 84, 461), (461, 48, 181), (598, 7, 8969), (2160, 84, 5078), (9215, 84, 5078), (598, 47, 5078), (8969, 28, 181), (9215, 84, 461)]"
[1],5.7745996,1.0,1,"(1580, 13, 1682)","[({(1148, 7, 1580)}, 1.7533520951285644, 'baseline'), ({(2363, 7, 1580)}, 1.5060690946106712, 'baseline'), ({(3411, 38, 1580)}, 0.17818078545243282, 'baseline'), ({(3250, 7, 1580)}, 0.14840970107650167, 'baseline'), ({(2941, 7, 1580)}, -0.7294778675215638, 'baseline'), ({(3411, 6, 1580)}, -3.0020293958329543, 'baseline')]",[6.00493],15,6.00493,"[(6471, 13, 1682), (428, 30, 2363), (2941, 7, 1580), (3411, 38, 1580), (1148, 7, 1580), (2363, 7, 1580), (3250, 7, 1580), (6471, 30, 1148), (3250, 7, 7349), (3411, 60, 90), (7349, 13, 1682), (2941, 7, 6168), (6168, 13, 1682), (428, 13, 1682), (1682, 206, 90)]"
[2],7.008473,2.0,1,"(476, 46, 1407)",[],[7.9475403],0,7.9475403,[]
