facts,exp_length,exp,new_ranks,prediction,new_scores,new_rank,new_score,original_rank,original_score
"[({(6427, 2, 29)}, -0.4435901569490278, 'baseline'), ({(6427, 3, 278)}, -0.7115430148440011, 'baseline'), ({(6427, 2, 68)}, -0.843500979370954, 'baseline'), ({(6427, 3, 40)}, -1.0440870761092855, 'baseline'), ({(6427, 3, 479)}, -1.0860074865489426, 'baseline'), ({(6427, 3, 10)}, -1.1029504352050559, 'baseline'), ({(6427, 3, 6)}, -1.1040084248488187, 'baseline'), ({(6427, 3, 9)}, -1.1210620894853796, 'baseline'), ({(6427, 2, 312)}, -1.1903344219652503, 'baseline'), ({(6427, 3, 7)}, -1.3440326069491413, 'baseline')]",13,"[(21346, 3, 479), (24118, 9, 7790), (6427, 3, 479), (25217, 9, 7790), (6427, 2, 68), (24118, 2, 29), (21346, 9, 7790), (25217, 2, 68), (6427, 2, 29), (6427, 3, 40), (6427, 3, 278), (21346, 3, 278), (25217, 3, 40)]",[1],"(6427, 9, 7790)",[9.082762],1.0,9.082762,1,9.176514
"[({(7125, 4, 66)}, -0.5188740761771906, 'baseline'), ({(7125, 1, 65)}, -0.5737206425395617, 'baseline'), ({(7125, 2, 68)}, -0.7530128527460099, 'baseline'), ({(7125, 2, 31)}, -0.7917664231976493, 'baseline'), ({(7125, 3, 39)}, -1.069716877351237, 'baseline'), ({(7125, 3, 40)}, -1.0869908201479912, 'baseline'), ({(7125, 3, 9)}, -1.0891968337610534, 'baseline'), ({(7125, 3, 10)}, -1.1004085087357123, 'baseline'), ({(7125, 3, 78)}, -1.123200642331679, 'baseline'), ({(7125, 3, 479)}, -1.150796769198577, 'baseline')]",12,"[(7125, 2, 68), (24904, 3, 39), (7125, 3, 39), (25545, 11, 8038), (24904, 11, 8038), (25545, 4, 66), (7125, 1, 65), (7125, 2, 31), (24904, 2, 31), (7125, 4, 66), (25545, 1, 65), (8038, 2, 68)]",[2],"(7125, 11, 8038)",[5.2256174],2.0,5.2256174,1,5.990065
"[({(5822, 4, 66)}, -0.4665013952821864, 'baseline'), ({(5822, 2, 68)}, -0.7732792773875228, 'baseline'), ({(5822, 3, 9)}, -0.9950920321954482, 'baseline'), ({(5822, 3, 40)}, -1.0984113387389947, 'baseline'), ({(5822, 3, 476)}, -1.1678298117268928, 'baseline'), ({(5822, 3, 6)}, -1.1762860017685568, 'baseline'), ({(5822, 3, 220)}, -1.181809997211973, 'baseline'), ({(5822, 2, 29)}, -1.4408552702812283, 'baseline'), ({(5822, 3, 36)}, -1.8459126784652562, 'baseline'), ({(5822, 3, 33)}, -1.8532369479874746, 'baseline')]",13,"[(25411, 3, 9), (20133, 3, 476), (20133, 11, 7992), (13418, 11, 7992), (5822, 3, 9), (25411, 3, 40), (5822, 4, 66), (5822, 3, 40), (25411, 11, 7992), (25411, 2, 68), (5822, 2, 68), (13418, 4, 66), (5822, 3, 476)]",[1],"(5822, 11, 7992)",[5.879781],1.0,5.879781,1,6.493819
"[({(7788, 4, 66)}, -0.5188740761771906, 'baseline'), ({(7788, 9, 7790)}, -0.7079998986728726, 'baseline'), ({(7788, 2, 68)}, -0.753010693420466, 'baseline'), ({(7788, 8, 7429)}, -0.7738487176804003, 'baseline'), ({(7788, 2, 30)}, -0.774012091669546, 'baseline'), ({(7788, 3, 40)}, -1.0869933123442044, 'baseline'), ({(7788, 3, 9)}, -1.0891942857706503, 'baseline'), ({(7788, 3, 10)}, -1.1004085087357123, 'baseline'), ({(7788, 3, 479)}, -1.1507941401429458, 'baseline'), ({(7788, 3, 220)}, -1.1880744820025768, 'baseline')]",13,"[(7788, 2, 68), (17173, 11, 8038), (17173, 9, 7790), (19349, 8, 7429), (7788, 9, 7790), (25545, 4, 66), (25545, 11, 8038), (7788, 4, 66), (7788, 8, 7429), (7788, 2, 30), (19349, 11, 8038), (8038, 2, 30), (8038, 2, 68)]",[1],"(7788, 11, 8038)",[6.490314],1.0,6.490314,1,7.2885904
"[({(5279, 4, 66)}, -0.4664973425304928, 'baseline'), ({(5279, 3, 40)}, -1.0984138451434504, 'baseline'), ({(5279, 3, 6)}, -1.1762833373664885, 'baseline'), ({(5279, 3, 75)}, -1.2675191410249629, 'baseline'), ({(5279, 2, 69)}, -1.4991498827934093, 'baseline'), ({(5279, 3, 20)}, -1.8408080834126692, 'baseline'), ({(5279, 3, 73)}, -2.056809354808147, 'baseline'), ({(5279, 2, 4111)}, -2.289569769711098, 'baseline'), ({(5279, 3, 891)}, -2.318474926961747, 'baseline'), ({(5279, 3, 1878)}, -2.6661345784234394, 'baseline')]",14,"[(13418, 11, 7992), (5279, 3, 40), (23470, 3, 75), (5279, 3, 75), (25766, 3, 6), (25411, 2, 69), (25411, 3, 40), (25411, 11, 7992), (5279, 3, 6), (5279, 4, 66), (5279, 2, 69), (13418, 4, 66), (23470, 11, 7992), (25766, 11, 7992)]",[1],"(5279, 11, 7992)",[5.7512474],1.0,5.7512474,1,5.8608837
"[({(6848, 4, 66)}, -0.4665013952821864, 'baseline'), ({(6848, 1, 65)}, -0.6447801976619429, 'baseline'), ({(6848, 2, 68)}, -0.7732792773875228, 'baseline'), ({(6848, 2, 31)}, -0.8158001876963594, 'baseline'), ({(6848, 3, 9)}, -0.9950895963844801, 'baseline'), ({(6848, 3, 40)}, -1.0984113387389947, 'baseline'), ({(6848, 3, 39)}, -1.1232984912639996, 'baseline'), ({(6848, 3, 6)}, -1.1762833373664885, 'baseline'), ({(6848, 3, 220)}, -1.1818073250854804, 'baseline'), ({(6848, 3, 479)}, -1.2409819464014347, 'baseline')]",12,"[(6848, 1, 65), (25411, 3, 9), (13418, 11, 7992), (25411, 2, 31), (13418, 1, 65), (6848, 4, 66), (6848, 3, 9), (25411, 11, 7992), (6848, 2, 31), (25411, 2, 68), (13418, 4, 66), (6848, 2, 68)]",[2],"(6848, 11, 7992)",[4.768385],2.0,4.768385,1,5.854315
"[({(7058, 2, 7059)}, -0.15102411687959752, 'baseline'), ({(7058, 3, 7062)}, -0.4948517381723993, 'baseline'), ({(7058, 2, 2083)}, -0.7674084361740539, 'baseline'), ({(7058, 1, 65)}, -1.3886694283048513, 'baseline'), ({(7058, 3, 40)}, -1.9169422798520945, 'baseline'), ({(7058, 2, 31)}, -1.938445445696573, 'baseline'), ({(7058, 3, 220)}, -2.098708413092602, 'baseline')]",12,"[(7058, 1, 65), (24095, 3, 40), (7058, 2, 7059), (7058, 2, 2083), (9349, 3, 7062), (7058, 3, 7062), (9349, 2, 7059), (24095, 9, 9349), (22529, 9, 9349), (24095, 1, 65), (22529, 2, 2083), (7058, 3, 40)]",[21],"(7058, 9, 9349)",[3.8797326],21.0,3.8797326,1,6.829075
"[({(5822, 3, 748)}, -0.4256045559630638, 'baseline'), ({(5822, 4, 66)}, -0.48509741303305487, 'baseline'), ({(5822, 3, 279)}, -0.5883554471128528, 'baseline'), ({(5822, 3, 40)}, -0.7167944367565814, 'baseline'), ({(5822, 2, 31)}, -0.7244160993988159, 'baseline'), ({(5822, 2, 30)}, -0.7286178225103251, 'baseline'), ({(5822, 3, 220)}, -0.734986361126461, 'baseline'), ({(5822, 3, 7)}, -0.7497811913790816, 'baseline'), ({(5822, 3, 39)}, -0.8071846217451656, 'baseline'), ({(5822, 3, 6)}, -0.8312538759322047, 'baseline')]",11,"[(21590, 4, 66), (21590, 12, 8676), (8676, 2, 31), (5822, 2, 31), (5822, 3, 279), (5822, 3, 748), (5822, 4, 66), (5822, 3, 40), (8676, 3, 279), (8676, 3, 748), (8676, 3, 40)]",[4],"(5822, 12, 8676)",[6.411687],4.0,6.411687,1,8.200344
"[({(5849, 2, 31)}, -0.7211258558053076, 'baseline'), ({(5849, 2, 68)}, -0.7945433852396686, 'baseline'), ({(5849, 3, 6)}, -0.9628398001208509, 'baseline'), ({(5849, 3, 40)}, -0.9762242856539369, 'baseline'), ({(5849, 3, 149)}, -1.0959741881938045, 'baseline'), ({(5849, 3, 39)}, -1.1030039387065806, 'baseline'), ({(5849, 3, 7)}, -1.1566558257484645, 'baseline'), ({(5849, 3, 88)}, -1.1762489231699862, 'baseline'), ({(5849, 3, 220)}, -1.2249526543287022, 'baseline'), ({(5849, 3, 91)}, -1.3894515387098836, 'baseline')]",12,"[(5849, 2, 31), (5849, 3, 6), (14783, 11, 7869), (5849, 2, 68), (14783, 3, 6), (17218, 3, 40), (17218, 3, 149), (14783, 2, 31), (7869, 2, 68), (5849, 3, 40), (5849, 3, 149), (17218, 11, 7869)]",[1],"(5849, 11, 7869)",[7.1951284],1.0,7.1951284,2,6.2528124
"[({(5696, 2, 30)}, -0.8304235982931094, 'baseline'), ({(5696, 3, 78)}, -1.0219316466172808, 'baseline'), ({(5696, 3, 10)}, -1.0430350169620892, 'baseline'), ({(5696, 3, 40)}, -1.0984113387389947, 'baseline'), ({(5696, 3, 7)}, -1.258592910107659, 'baseline'), ({(5696, 2, 27)}, -1.3737009520285546, 'baseline'), ({(5696, 3, 279)}, -1.3985475782282721, 'baseline'), ({(5696, 3, 276)}, -1.5675733156377005, 'baseline'), ({(5696, 3, 706)}, -1.690201597019412, 'baseline'), ({(5696, 5, 5697)}, -1.7727187626180287, 'baseline')]",13,"[(5696, 3, 78), (5696, 3, 7), (25766, 2, 30), (5696, 3, 10), (23470, 3, 7), (25411, 3, 40), (25411, 11, 7992), (25411, 3, 78), (25411, 3, 10), (5696, 2, 30), (5696, 3, 40), (23470, 11, 7992), (25766, 11, 7992)]",[1],"(5696, 11, 7992)",[5.7300143],1.0,5.7300143,1,6.5734153
"[({(6195, 2, 3219)}, -1.0828610047115275, 'baseline'), ({(6195, 3, 6197)}, -1.5180973172873837, 'baseline'), ({(6195, 2, 68)}, -1.5418519982525554, 'baseline'), ({(6195, 2, 31)}, -1.5596125541570758, 'baseline'), ({(6195, 3, 2022)}, -1.5836915054609688, 'baseline'), ({(6195, 3, 9)}, -1.5946529226000212, 'baseline'), ({(6195, 3, 78)}, -1.5967791828099964, 'baseline'), ({(6195, 1, 65)}, -1.6604802471957822, 'baseline'), ({(6195, 4, 66)}, -1.660664991055706, 'baseline'), ({(6195, 3, 40)}, -1.6703883393706997, 'baseline')]",13,"[(8718, 2, 68), (6195, 2, 31), (8718, 9, 8721), (6195, 2, 3219), (6195, 3, 2022), (6195, 3, 6197), (8718, 2, 31), (6195, 2, 68), (25757, 9, 8721), (17030, 9, 8721), (17030, 2, 3219), (25757, 3, 2022), (25757, 3, 6197)]",[23],"(6195, 9, 8721)",[3.3390565],23.0,3.3390565,1,6.0124025
"[({(5717, 2, 2011)}, -0.4801146613122518, 'baseline'), ({(5717, 2, 4760)}, -0.6712253891350627, 'baseline'), ({(5717, 3, 2014)}, -0.7078295389132002, 'baseline'), ({(5717, 3, 2013)}, -0.7698209483824018, 'baseline'), ({(5717, 3, 1345)}, -0.9547229560714853, 'baseline'), ({(5717, 3, 5723)}, -1.0810298848015856, 'baseline'), ({(5717, 3, 5728)}, -1.1713983995221806, 'baseline'), ({(5717, 3, 279)}, -1.6663085931047459, 'baseline'), ({(5717, 2, 30)}, -1.9999346835894845, 'baseline'), ({(5717, 2, 31)}, -2.0346370517816967, 'baseline')]",11,"[(24132, 2, 4760), (2010, 3, 2013), (5717, 3, 2014), (24132, 9, 2010), (5717, 2, 2011), (5717, 3, 1345), (2010, 2, 2011), (24132, 3, 1345), (5717, 3, 2013), (2010, 3, 2014), (5717, 2, 4760)]",[2],"(5717, 9, 2010)",[6.816656],2.0,6.816656,1,7.6262035
"[({(5179, 5, 5180)}, -0.40355967897995176, 'baseline'), ({(5179, 2, 5181)}, -0.4609047667138254, 'baseline'), ({(5179, 2, 2584)}, -0.5650221038142663, 'baseline'), ({(5179, 3, 5184)}, -0.6745697219303485, 'baseline'), ({(5179, 3, 5183)}, -0.676026691618458, 'baseline'), ({(5179, 3, 5185)}, -0.7190664959461113, 'baseline'), ({(5179, 3, 2586)}, -0.8139125136482964, 'baseline'), ({(5179, 3, 5182)}, -0.9164175262868259, 'baseline'), ({(5179, 3, 3291)}, -1.051645525329334, 'baseline'), ({(5179, 3, 1237)}, -1.56693556559271, 'baseline')]",12,"[(5179, 3, 5183), (5179, 5, 5180), (13676, 2, 2584), (25809, 9, 13676), (5179, 2, 2584), (25534, 3, 5184), (5179, 2, 5181), (5179, 3, 5184), (25809, 5, 5180), (25534, 9, 13676), (25534, 2, 5181), (25534, 3, 5183)]",[1],"(5179, 9, 13676)",[6.497318],1.0,6.497318,1,8.899089
"[({(4912, 4, 66)}, -0.5193878327315897, 'baseline'), ({(4912, 2, 68)}, -0.7945455778823711, 'baseline'), ({(4912, 3, 6)}, -0.9628374496958229, 'baseline'), ({(4912, 3, 40)}, -0.976221971325088, 'baseline'), ({(4912, 3, 7)}, -1.1566558257484645, 'baseline'), ({(4912, 3, 10)}, -1.2222106000793076, 'baseline'), ({(4912, 3, 220)}, -1.2249526543287022, 'baseline'), ({(4912, 3, 436)}, -1.419805097348217, 'baseline'), ({(4912, 3, 2044)}, -1.4230350780224088, 'baseline'), ({(4912, 3, 504)}, -1.4517612884241773, 'baseline')]",13,"[(22183, 11, 7869), (4912, 2, 68), (4912, 3, 40), (4912, 3, 7), (14783, 11, 7869), (14783, 3, 6), (22183, 4, 66), (4912, 3, 6), (17218, 3, 40), (7869, 2, 68), (22183, 3, 7), (4912, 4, 66), (17218, 11, 7869)]",[1],"(4912, 11, 7869)",[7.2152324],1.0,7.2152324,1,7.3935227
"[({(6162, 2, 2011)}, -0.4801146613122518, 'baseline'), ({(6162, 3, 5727)}, -0.6453316459197914, 'baseline'), ({(6162, 2, 4760)}, -0.6712253891350627, 'baseline'), ({(6162, 3, 2017)}, -0.6799445436408782, 'baseline'), ({(6162, 3, 2014)}, -0.7078295389132002, 'baseline'), ({(6162, 3, 2013)}, -0.7698209483824018, 'baseline'), ({(6162, 3, 2012)}, -0.8257094875974215, 'baseline'), ({(6162, 3, 5730)}, -0.8785262460158085, 'baseline'), ({(6162, 3, 1517)}, -0.9018031523614133, 'baseline'), ({(6162, 3, 1345)}, -0.9547229560714853, 'baseline')]",12,"[(18317, 9, 2010), (24132, 2, 4760), (2010, 3, 2014), (6162, 3, 5727), (18317, 3, 5727), (6162, 2, 4760), (6162, 3, 2014), (2010, 2, 2011), (6162, 3, 2017), (6162, 2, 2011), (24132, 9, 2010), (2010, 3, 2017)]",[1],"(6162, 9, 2010)",[7.272667],1.0,7.272667,1,8.629868
"[({(7517, 1, 168)}, -0.4713675667966002, 'baseline'), ({(7517, 2, 2271)}, -0.6378416065978498, 'baseline'), ({(7517, 3, 4)}, -0.8755798944051164, 'baseline'), ({(7517, 3, 2279)}, -0.920095921661096, 'baseline'), ({(7517, 3, 293)}, -1.0195220492517783, 'baseline'), ({(7517, 3, 5934)}, -1.1549197953134285, 'baseline'), ({(7517, 3, 6)}, -1.203164770065376, 'baseline'), ({(7517, 3, 3121)}, -1.2041182107243615, 'baseline'), ({(7517, 3, 7521)}, -1.3878429555745238, 'baseline'), ({(7517, 3, 7520)}, -1.419823338679918, 'baseline')]",13,"[(7517, 3, 4), (17156, 2, 2271), (7517, 3, 293), (20525, 9, 7759), (7517, 3, 2279), (17137, 3, 4), (20525, 1, 168), (17156, 9, 7759), (17137, 3, 2279), (7517, 2, 2271), (7517, 1, 168), (20525, 3, 293), (17137, 9, 7759)]",[1],"(7517, 9, 7759)",[8.186119],1.0,8.186119,1,8.731943
"[({(5920, 2, 69)}, -0.3947174846446723, 'baseline'), ({(5920, 3, 111)}, -0.6357132361456248, 'baseline'), ({(5920, 3, 74)}, -0.7559895540523993, 'baseline'), ({(5920, 2, 30)}, -0.8284959382916905, 'baseline'), ({(5920, 2, 68)}, -0.8371132738107995, 'baseline'), ({(5920, 3, 40)}, -1.0031041823923537, 'baseline'), ({(5920, 3, 220)}, -1.0181739270498722, 'baseline'), ({(5920, 3, 9)}, -1.0457988115987353, 'baseline'), ({(5920, 3, 10)}, -1.0556878196047244, 'baseline'), ({(5920, 3, 6)}, -1.1329527667242256, 'baseline')]",13,"[(22330, 3, 74), (5920, 3, 111), (17052, 3, 111), (5920, 2, 69), (17052, 2, 69), (5920, 2, 30), (21899, 2, 30), (22330, 9, 8418), (5920, 2, 68), (5920, 3, 74), (21899, 2, 68), (21899, 9, 8418), (17052, 9, 8418)]",[1],"(5920, 9, 8418)",[8.82782],1.0,8.82782,1,9.054642
"[({(6822, 4, 66)}, -0.5193817610234489, 'baseline'), ({(6822, 1, 65)}, -0.632479065207177, 'baseline'), ({(6822, 2, 30)}, -0.6944813823597885, 'baseline'), ({(6822, 2, 68)}, -0.7945433852396686, 'baseline'), ({(6822, 3, 6)}, -0.9628374496958229, 'baseline'), ({(6822, 3, 40)}, -0.9762242856539369, 'baseline'), ({(6822, 3, 10)}, -1.2222133309810022, 'baseline'), ({(6822, 3, 220)}, -1.2249526543287022, 'baseline'), ({(6822, 3, 41)}, -1.2509671813625494, 'baseline'), ({(6822, 3, 9)}, -1.3559382877730672, 'baseline')]",13,"[(22918, 1, 65), (22183, 11, 7869), (6822, 3, 6), (6822, 2, 30), (6822, 4, 66), (14783, 11, 7869), (22918, 11, 7869), (14783, 3, 6), (22183, 4, 66), (6822, 2, 68), (7869, 2, 68), (6822, 1, 65), (14783, 2, 30)]",[1],"(6822, 11, 7869)",[6.7628016],1.0,6.7628016,1,6.63501
"[({(7365, 3, 277)}, -1.4044967792937877, 'baseline'), ({(7365, 3, 276)}, -1.4114415858491018, 'baseline'), ({(7365, 3, 6)}, -1.4610622539645348, 'baseline'), ({(7365, 3, 279)}, -1.493854451705874, 'baseline'), ({(7365, 3, 2226)}, -1.536472257872245, 'baseline'), ({(7365, 3, 7369)}, -1.5653174583070228, 'baseline'), ({(7365, 3, 7372)}, -1.5675699538716266, 'baseline'), ({(7365, 3, 5316)}, -1.5908264001062653, 'baseline'), ({(7365, 2, 30)}, -1.5928556230745836, 'baseline'), ({(7365, 3, 7)}, -1.6345080432904977, 'baseline')]",11,"[(7365, 3, 6), (7365, 3, 276), (6095, 3, 2226), (7365, 3, 279), (6095, 3, 276), (6095, 3, 277), (7365, 3, 2226), (9185, 3, 279), (7365, 3, 277), (6095, 3, 6), (9185, 12, 6095)]",[1],"(7365, 12, 6095)",[7.4516516],1.0,7.4516516,2,7.641706
"[({(5110, 1, 65)}, -0.7240691431941377, 'baseline'), ({(5110, 2, 31)}, -1.017670126620552, 'baseline'), ({(5110, 2, 30)}, -1.0578477879192223, 'baseline'), ({(5110, 3, 39)}, -1.370243798318062, 'baseline'), ({(5110, 3, 75)}, -1.5963298799660897, 'baseline'), ({(5110, 3, 277)}, -1.6054446136908724, 'baseline'), ({(5110, 2, 788)}, -1.6585874955064517, 'baseline'), ({(5110, 3, 276)}, -1.7135246587673578, 'baseline'), ({(5110, 3, 185)}, -1.733202210909774, 'baseline'), ({(5110, 4, 1893)}, -1.735019155794578, 'baseline')]",14,"[(24968, 1, 65), (9250, 11, 6729), (9250, 3, 75), (7882, 2, 31), (5110, 2, 30), (5110, 3, 75), (7882, 11, 6729), (5110, 3, 39), (24968, 11, 6729), (25228, 3, 39), (25228, 11, 6729), (5110, 1, 65), (24968, 2, 30), (5110, 2, 31)]",[3],"(5110, 11, 6729)",[4.963558],3.0,4.963558,2,6.395771
"[({(7655, 8, 7427)}, -0.7465728855842205, 'baseline'), ({(7655, 2, 68)}, -0.753010693420466, 'baseline'), ({(7655, 2, 31)}, -0.7917619026684578, 'baseline'), ({(7655, 3, 39)}, -1.069716877351237, 'baseline'), ({(7655, 3, 40)}, -1.0869933123442044, 'baseline'), ({(7655, 3, 9)}, -1.0891942857706503, 'baseline'), ({(7655, 3, 10)}, -1.1004059463850293, 'baseline'), ({(7655, 3, 479)}, -1.150796769198577, 'baseline'), ({(7655, 3, 220)}, -1.1880744820025768, 'baseline'), ({(7655, 3, 476)}, -1.2316321442055853, 'baseline')]",11,"[(7655, 2, 31), (7655, 3, 40), (24904, 3, 39), (7655, 3, 39), (24904, 11, 8038), (24904, 2, 31), (7655, 2, 68), (24904, 8, 7427), (7655, 8, 7427), (24904, 3, 40), (8038, 2, 68)]",[1],"(7655, 11, 8038)",[6.5437045],1.0,6.5437045,1,6.992312
"[({(6812, 5, 6813)}, -0.711344422710022, 'baseline'), ({(6812, 3, 6815)}, -0.9210978137254431, 'baseline'), ({(6812, 3, 6818)}, -0.9402943950414209, 'baseline'), ({(6812, 3, 1870)}, -1.3178689089345514, 'baseline'), ({(6812, 2, 172)}, -1.3453032119437873, 'baseline'), ({(6812, 3, 1)}, -1.37673254523145, 'baseline'), ({(6812, 2, 1813)}, -1.404544993751671, 'baseline'), ({(6812, 3, 6817)}, -1.4426524338439664, 'baseline'), ({(6812, 3, 694)}, -1.501148309312741, 'baseline'), ({(6812, 3, 294)}, -1.577577998852282, 'baseline')]",11,"[(13960, 3, 6815), (6812, 2, 172), (13960, 3, 6818), (6812, 5, 6813), (13960, 3, 1870), (22481, 5, 6813), (6812, 3, 6815), (6812, 3, 6818), (22481, 12, 13960), (13960, 2, 172), (6812, 3, 1870)]",[45],"(6812, 12, 13960)",[3.4135213],45.0,3.4135213,1,7.1088166
"[({(5218, 2, 2083)}, -0.2924587549210458, 'baseline'), ({(5218, 2, 2082)}, -0.45607426285883246, 'baseline'), ({(5218, 3, 2085)}, -0.7034789574882118, 'baseline'), ({(5218, 3, 1728)}, -0.9189026974875278, 'baseline'), ({(5218, 3, 2084)}, -0.9719294449052089, 'baseline'), ({(5218, 3, 3675)}, -0.9728227295471091, 'baseline'), ({(5218, 3, 2092)}, -1.0493306765967503, 'baseline'), ({(5218, 3, 5229)}, -1.1391161710837372, 'baseline'), ({(5218, 3, 4026)}, -1.3634977149528293, 'baseline'), ({(5218, 2, 68)}, -1.5601807645952432, 'baseline')]",14,"[(18965, 3, 2084), (20395, 3, 1728), (11980, 2, 2083), (24095, 9, 11980), (18965, 9, 11980), (18126, 3, 2085), (18126, 9, 11980), (5218, 3, 1728), (5218, 3, 2085), (24095, 2, 2082), (5218, 2, 2083), (5218, 3, 2084), (5218, 2, 2082), (20395, 9, 11980)]",[7],"(5218, 9, 11980)",[4.1156225],7.0,4.1156225,1,6.9315023
"[({(7236, 2, 1188)}, -0.42846824408303613, 'baseline'), ({(7236, 3, 418)}, -0.8116612331791084, 'baseline'), ({(7236, 2, 31)}, -0.9214373739404712, 'baseline'), ({(7236, 3, 2218)}, -0.9998035883357137, 'baseline'), ({(7236, 3, 40)}, -1.1545533944767898, 'baseline'), ({(7236, 3, 39)}, -1.2305389545301233, 'baseline'), ({(7236, 2, 266)}, -1.2487526255168688, 'baseline'), ({(7236, 3, 88)}, -1.273068839528527, 'baseline'), ({(7236, 3, 220)}, -1.2745148142959952, 'baseline'), ({(7236, 3, 149)}, -1.2871320305140088, 'baseline')]",13,"[(22636, 2, 1188), (22636, 9, 7903), (24615, 2, 31), (24615, 9, 7903), (22636, 3, 418), (23190, 3, 2218), (7236, 3, 418), (7236, 2, 31), (7236, 3, 40), (23190, 9, 7903), (7236, 2, 1188), (7236, 3, 2218), (22636, 3, 40)]",[1],"(7236, 9, 7903)",[7.7490473],1.0,7.7490473,1,8.511835
"[({(5756, 4, 924)}, -0.6394166869706283, 'baseline'), ({(5756, 2, 30)}, -0.6944813823597885, 'baseline'), ({(5756, 2, 31)}, -0.721119359381355, 'baseline'), ({(5756, 3, 6)}, -0.9628374496958229, 'baseline'), ({(5756, 1, 864)}, -0.9869380710947815, 'baseline'), ({(5756, 2, 172)}, -1.0890348287702125, 'baseline'), ({(5756, 3, 75)}, -1.215176107385709, 'baseline'), ({(5756, 3, 651)}, -1.5399779515519703, 'baseline'), ({(5756, 3, 37)}, -1.550506817712371, 'baseline'), ({(5756, 3, 706)}, -1.8242267418073341, 'baseline')]",13,"[(5756, 1, 864), (14783, 11, 7869), (24337, 11, 7869), (14783, 3, 6), (17502, 4, 924), (5756, 4, 924), (17502, 11, 7869), (5756, 3, 6), (5756, 2, 31), (24337, 1, 864), (14783, 2, 31), (14783, 2, 30), (5756, 2, 30)]",[1],"(5756, 11, 7869)",[5.794245],1.0,5.794245,2,6.1215763
"[({(6419, 2, 729)}, -0.8442651272660632, 'baseline'), ({(6419, 3, 506)}, -1.0416123486046436, 'baseline'), ({(6419, 3, 1348)}, -1.1682145741680667, 'baseline'), ({(6419, 3, 1823)}, -1.2224113851738005, 'baseline'), ({(6419, 3, 755)}, -1.2525471292926995, 'baseline'), ({(6419, 2, 1813)}, -1.327456325932399, 'baseline'), ({(6419, 2, 31)}, -1.3935652181390599, 'baseline'), ({(6419, 3, 756)}, -1.4173586367595514, 'baseline'), ({(6419, 3, 6425)}, -1.4251726231447435, 'baseline'), ({(6419, 3, 2416)}, -1.5020603564680661, 'baseline')]",13,"[(13923, 3, 506), (6419, 3, 755), (6419, 2, 729), (24972, 9, 7991), (11461, 3, 755), (6419, 3, 1823), (6419, 3, 506), (13923, 9, 7991), (13923, 2, 729), (6419, 3, 1348), (11461, 9, 7991), (7991, 3, 1823), (24972, 3, 1348)]",[1],"(6419, 9, 7991)",[5.940824],1.0,5.940824,1,7.2348595
"[({(6323, 2, 70)}, -0.4571407762032854, 'baseline'), ({(6323, 3, 2638)}, -0.6265286145790375, 'baseline'), ({(6323, 3, 111)}, -0.6357132361456248, 'baseline'), ({(6323, 2, 68)}, -0.8371132738107995, 'baseline'), ({(6323, 2, 31)}, -0.8607618879892791, 'baseline'), ({(6323, 3, 39)}, -0.9653235926596171, 'baseline'), ({(6323, 3, 78)}, -1.0258727998910844, 'baseline'), ({(6323, 3, 9)}, -1.0457988115987353, 'baseline'), ({(6323, 3, 85)}, -1.0914889133464127, 'baseline'), ({(6323, 3, 75)}, -1.117269308560431, 'baseline')]",14,"[(23769, 2, 70), (6323, 3, 2638), (6323, 2, 31), (17052, 3, 111), (21899, 2, 31), (6323, 3, 111), (23769, 9, 8418), (6323, 2, 68), (21899, 2, 68), (21899, 9, 8418), (18264, 9, 8418), (18264, 3, 2638), (17052, 9, 8418), (6323, 2, 70)]",[1],"(6323, 9, 8418)",[9.18774],1.0,9.18774,1,9.2064905
"[({(6885, 2, 1166)}, -0.2723058094239322, 'baseline'), ({(6885, 1, 65)}, -0.6815665258191563, 'baseline'), ({(6885, 3, 516)}, -0.7173482201130773, 'baseline'), ({(6885, 3, 1842)}, -0.7944054849806698, 'baseline'), ({(6885, 4, 924)}, -0.883238267671769, 'baseline'), ({(6885, 3, 2099)}, -0.9318460555049272, 'baseline'), ({(6885, 2, 68)}, -1.1116604444553555, 'baseline'), ({(6885, 3, 2185)}, -1.2473520395859736, 'baseline'), ({(6885, 3, 40)}, -1.2499945629808669, 'baseline'), ({(6885, 3, 39)}, -1.3761637192675646, 'baseline')]",12,"[(6885, 2, 1166), (24435, 3, 1842), (6885, 4, 924), (24435, 9, 1470), (25132, 9, 1470), (6885, 3, 516), (6885, 1, 65), (24435, 3, 516), (24435, 2, 1166), (24435, 4, 924), (25132, 1, 65), (6885, 3, 1842)]",[1],"(6885, 9, 1470)",[7.6342373],1.0,7.6342373,1,9.047374
"[({(5770, 2, 789)}, -0.45719099123578477, 'baseline'), ({(5770, 1, 65)}, -0.6815686775393706, 'baseline'), ({(5770, 2, 30)}, -1.002183886266409, 'baseline'), ({(5770, 2, 28)}, -1.0821066487478117, 'baseline'), ({(5770, 3, 517)}, -1.1969754166439328, 'baseline'), ({(5770, 3, 40)}, -1.249997278080217, 'baseline'), ({(5770, 3, 46)}, -1.2803750413595671, 'baseline'), ({(5770, 3, 35)}, -1.3057370751103037, 'baseline'), ({(5770, 3, 34)}, -1.3170904744362617, 'baseline'), ({(5770, 3, 75)}, -1.3182525532472398, 'baseline')]",13,"[(5770, 2, 789), (16412, 9, 1470), (16412, 3, 517), (5770, 1, 65), (5770, 2, 30), (25132, 9, 1470), (13201, 9, 1470), (1470, 2, 28), (13201, 2, 789), (13201, 2, 30), (5770, 2, 28), (5770, 3, 517), (25132, 1, 65)]",[1],"(5770, 9, 1470)",[8.427305],1.0,8.427305,1,9.176466
"[({(5575, 4, 66)}, -0.5188720240433359, 'baseline'), ({(5575, 2, 68)}, -0.7530128527460099, 'baseline'), ({(5575, 2, 30)}, -0.774012091669546, 'baseline'), ({(5575, 1, 2467)}, -0.9888651501897768, 'baseline'), ({(5575, 3, 651)}, -1.1958651493883357, 'baseline'), ({(5575, 3, 75)}, -1.2825001104451752, 'baseline'), ({(5575, 2, 27)}, -1.3961504346340339, 'baseline'), ({(5575, 3, 100)}, -1.755991398421248, 'baseline'), ({(5575, 5, 5576)}, -1.8095956681568348, 'baseline'), ({(5575, 3, 954)}, -1.8182049846995165, 'baseline')]",12,"[(25630, 11, 8038), (5575, 2, 68), (25630, 1, 2467), (25545, 11, 8038), (25545, 4, 66), (5575, 3, 651), (5575, 1, 2467), (8038, 3, 651), (8038, 2, 30), (8038, 2, 68), (5575, 2, 30), (5575, 4, 66)]",[2],"(5575, 11, 8038)",[4.790123],2.0,4.790123,1,6.8954225
"[({(5067, 2, 68)}, -0.7732792773875228, 'baseline'), ({(5067, 2, 30)}, -0.8304191519036629, 'baseline'), ({(5067, 3, 9)}, -0.9950895963844801, 'baseline'), ({(5067, 3, 10)}, -1.0430350169620892, 'baseline'), ({(5067, 3, 40)}, -1.0984138451434504, 'baseline'), ({(5067, 3, 39)}, -1.1233010293407772, 'baseline'), ({(5067, 3, 6)}, -1.1762860017685568, 'baseline'), ({(5067, 2, 27)}, -1.3737009520285546, 'baseline'), ({(5067, 2, 29)}, -1.4408522336133287, 'baseline'), ({(5067, 3, 41)}, -1.5073803478578318, 'baseline')]",12,"[(25411, 3, 9), (25766, 2, 30), (25411, 3, 40), (5067, 3, 9), (25411, 11, 7992), (25411, 2, 68), (5067, 3, 10), (25411, 3, 10), (5067, 2, 30), (5067, 3, 40), (5067, 2, 68), (25766, 11, 7992)]",[1],"(5067, 11, 7992)",[4.737073],1.0,4.737073,1,5.6155605
"[({(5645, 2, 2083)}, -0.29245679353372156, 'baseline'), ({(5645, 2, 2082)}, -0.45607426285883246, 'baseline'), ({(5645, 3, 2085)}, -0.7034789574882118, 'baseline'), ({(5645, 3, 630)}, -0.7748930639798683, 'baseline'), ({(5645, 3, 5661)}, -1.0992430547817311, 'baseline'), ({(5645, 3, 5648)}, -1.1020254953053719, 'baseline'), ({(5645, 1, 65)}, -1.2261566482801873, 'baseline'), ({(5645, 3, 4028)}, -1.3344132432800357, 'baseline'), ({(5645, 4, 66)}, -1.5161934996654465, 'baseline'), ({(5645, 3, 78)}, -1.5593334737511753, 'baseline')]",13,"[(18126, 3, 630), (5645, 3, 5661), (11980, 2, 2083), (5645, 2, 2082), (5645, 3, 630), (24095, 9, 11980), (5645, 2, 2083), (14173, 9, 11980), (18126, 3, 2085), (18126, 9, 11980), (24095, 2, 2082), (5645, 3, 2085), (14173, 3, 5661)]",[9],"(5645, 9, 11980)",[4.6358967],9.0,4.6358967,2,6.96239
"[({(7628, 4, 66)}, -0.5238760121507328, 'baseline'), ({(7628, 3, 279)}, -0.5981800497612719, 'baseline'), ({(7628, 3, 149)}, -0.6387966452756827, 'baseline'), ({(7628, 2, 30)}, -0.6504405378396573, 'baseline'), ({(7628, 2, 31)}, -0.6715513261087444, 'baseline'), ({(7628, 3, 88)}, -0.6750986480478718, 'baseline'), ({(7628, 3, 40)}, -0.6834353045231993, 'baseline'), ({(7628, 1, 1054)}, -0.7142086056324474, 'baseline'), ({(7628, 3, 6)}, -0.7396658842583603, 'baseline'), ({(7628, 3, 7)}, -0.8507984559193784, 'baseline')]",11,"[(7628, 3, 279), (4492, 2, 31), (4492, 3, 279), (23877, 4, 66), (7628, 2, 31), (4492, 2, 30), (7628, 4, 66), (23877, 12, 4492), (7628, 3, 149), (4492, 3, 149), (7628, 2, 30)]",[2],"(7628, 12, 4492)",[7.565198],2.0,7.565198,2,8.398114
"[({(5844, 2, 68)}, -0.7530128527460099, 'baseline'), ({(5844, 2, 30)}, -0.774012091669546, 'baseline'), ({(5844, 2, 31)}, -0.7917640930130195, 'baseline'), ({(5844, 3, 10)}, -1.100411017645778, 'baseline'), ({(5844, 3, 78)}, -1.123200642331679, 'baseline'), ({(5844, 3, 37)}, -1.2689383688422498, 'baseline'), ({(5844, 3, 75)}, -1.2825001104451752, 'baseline'), ({(5844, 3, 666)}, -1.294598346279543, 'baseline'), ({(5844, 3, 185)}, -1.4626010089141792, 'baseline'), ({(5844, 3, 276)}, -1.54725068111776, 'baseline')]",11,"[(5844, 2, 31), (24904, 3, 78), (8038, 3, 10), (24904, 11, 8038), (5844, 3, 78), (5844, 2, 30), (24904, 2, 31), (5844, 3, 10), (8038, 2, 30), (5844, 2, 68), (8038, 2, 68)]",[3],"(5844, 11, 8038)",[5.3123684],3.0,5.3123684,1,6.3391323
"[({(6213, 2, 68)}, -0.753010693420466, 'baseline'), ({(6213, 2, 30)}, -0.774012091669546, 'baseline'), ({(6213, 2, 31)}, -0.7917619026684578, 'baseline'), ({(6213, 3, 39)}, -1.069716877351237, 'baseline'), ({(6213, 3, 10)}, -1.1004085087357123, 'baseline'), ({(6213, 3, 78)}, -1.123200642331679, 'baseline'), ({(6213, 3, 651)}, -1.1958624571663026, 'baseline'), ({(6213, 2, 729)}, -1.2469725202786237, 'baseline'), ({(6213, 3, 37)}, -1.2689356249014885, 'baseline'), ({(6213, 3, 75)}, -1.2825001104451752, 'baseline')]",11,"[(6213, 3, 10), (6213, 3, 39), (24904, 3, 39), (8038, 3, 10), (24904, 11, 8038), (6213, 2, 31), (6213, 2, 30), (24904, 2, 31), (8038, 2, 30), (6213, 2, 68), (8038, 2, 68)]",[2],"(6213, 11, 8038)",[7.3366985],2.0,7.3366985,2,7.5643873
"[({(7574, 5, 7575)}, -0.15488807008436803, 'baseline'), ({(7574, 3, 1148)}, -0.7404051269678591, 'baseline'), ({(7574, 3, 1149)}, -0.9071780618005684, 'baseline'), ({(7574, 3, 7581)}, -0.9728442801377063, 'baseline'), ({(7574, 3, 259)}, -1.3659249498398913, 'baseline'), ({(7574, 3, 1626)}, -1.4500934135353112, 'baseline'), ({(7574, 3, 78)}, -1.5243551259990127, 'baseline'), ({(7574, 3, 10)}, -1.5422265018953085, 'baseline'), ({(7574, 3, 37)}, -1.5664983690907912, 'baseline'), ({(7574, 3, 9)}, -1.576650472562578, 'baseline')]",12,"[(7574, 3, 259), (7574, 5, 7575), (7574, 3, 7581), (8641, 5, 7575), (8644, 3, 1148), (7574, 3, 1149), (23618, 3, 259), (7574, 3, 1148), (23618, 3, 7581), (8641, 12, 8644), (23618, 12, 8644), (8644, 3, 1149)]",[5],"(7574, 12, 8644)",[5.571457],5.0,5.571457,1,8.558601
"[({(6327, 4, 66)}, -0.4850994481978431, 'baseline'), ({(6327, 3, 279)}, -0.5883574945476503, 'baseline'), ({(6327, 3, 40)}, -0.7167944367565814, 'baseline'), ({(6327, 2, 31)}, -0.7244160993988159, 'baseline'), ({(6327, 2, 30)}, -0.7286199633184912, 'baseline'), ({(6327, 3, 220)}, -0.7349842155372687, 'baseline'), ({(6327, 3, 7)}, -0.7497833482028092, 'baseline'), ({(6327, 2, 68)}, -0.7747009259181927, 'baseline'), ({(6327, 3, 39)}, -0.8071846217451656, 'baseline'), ({(6327, 3, 6)}, -0.8312538759322047, 'baseline')]",11,"[(21590, 4, 66), (21590, 12, 8676), (8676, 2, 31), (8676, 2, 30), (6327, 4, 66), (6327, 2, 31), (6327, 3, 279), (8676, 3, 279), (6327, 3, 40), (6327, 2, 30), (8676, 3, 40)]",[1],"(6327, 12, 8676)",[7.28541],1.0,7.28541,2,7.3364105
"[({(6246, 4, 66)}, -0.5479191788687435, 'baseline'), ({(6246, 2, 31)}, -0.7718208570616821, 'baseline'), ({(6246, 3, 40)}, -1.0095256606329681, 'baseline'), ({(6246, 1, 1034)}, -1.0290885289201959, 'baseline'), ({(6246, 3, 6)}, -1.085315056304607, 'baseline'), ({(6246, 3, 149)}, -1.2018871676931815, 'baseline'), ({(6246, 3, 88)}, -1.3593310235622493, 'baseline'), ({(6246, 2, 172)}, -1.3886843872283159, 'baseline'), ({(6246, 2, 29)}, -1.5285367336229767, 'baseline'), ({(6246, 3, 92)}, -1.9843371878187241, 'baseline')]",14,"[(6246, 4, 66), (7984, 2, 31), (6246, 2, 31), (22977, 11, 7984), (6246, 3, 40), (15167, 11, 7984), (15167, 3, 6), (11495, 11, 7984), (12647, 1, 1034), (12647, 11, 7984), (6246, 3, 6), (6246, 1, 1034), (22977, 4, 66), (11495, 3, 40)]",[1],"(6246, 11, 7984)",[5.629903],1.0,5.629903,3,5.7324796
"[({(4978, 4, 924)}, -0.8192607249142615, 'baseline'), ({(4978, 1, 264)}, -0.9501608743151758, 'baseline'), ({(4978, 2, 30)}, -1.0578477879192223, 'baseline'), ({(4978, 3, 40)}, -1.1771675523386111, 'baseline'), ({(4978, 3, 6)}, -1.3561607473370207, 'baseline'), ({(4978, 3, 41)}, -1.3683468437502322, 'baseline'), ({(4978, 2, 171)}, -1.4048252086580402, 'baseline'), ({(4978, 5, 4979)}, -1.4850827973148575, 'baseline'), ({(4978, 3, 75)}, -1.5963298799660897, 'baseline'), ({(4978, 3, 92)}, -1.6051877757623256, 'baseline')]",15,"[(14726, 11, 6729), (4978, 2, 30), (4978, 3, 40), (4978, 1, 264), (9250, 11, 6729), (7882, 3, 40), (24903, 1, 264), (24903, 11, 6729), (7882, 11, 6729), (9250, 3, 6), (4978, 3, 6), (24968, 11, 6729), (14726, 4, 924), (4978, 4, 924), (24968, 2, 30)]",[2],"(4978, 11, 6729)",[6.3038554],2.0,6.3038554,1,6.7241745
"[({(7154, 2, 69)}, -0.3947154889052317, 'baseline'), ({(7154, 1, 65)}, -0.48773465526126963, 'baseline'), ({(7154, 4, 66)}, -0.6121739068485845, 'baseline'), ({(7154, 3, 73)}, -0.680822696487341, 'baseline'), ({(7154, 3, 40)}, -1.0031090720795206, 'baseline'), ({(7154, 3, 476)}, -1.0155510372049277, 'baseline'), ({(7154, 3, 9)}, -1.0457988115987353, 'baseline'), ({(7154, 3, 10)}, -1.0556853653228908, 'baseline'), ({(7154, 3, 479)}, -1.0953114917223907, 'baseline'), ({(7154, 3, 56)}, -1.1347106237487734, 'baseline')]",12,"[(7154, 2, 69), (17052, 3, 73), (7154, 3, 40), (21899, 3, 40), (21899, 4, 66), (17052, 2, 69), (7154, 1, 65), (17052, 1, 65), (21899, 9, 8418), (7154, 3, 73), (7154, 4, 66), (17052, 9, 8418)]",[1],"(7154, 9, 8418)",[8.608549],1.0,8.608549,1,9.283322
"[({(7177, 3, 9)}, -1.027390360138497, 'baseline'), ({(7177, 5, 7178)}, -1.0345978321444902, 'baseline'), ({(7177, 3, 78)}, -1.048903783625099, 'baseline'), ({(7177, 3, 10)}, -1.1673450731509674, 'baseline'), ({(7177, 2, 68)}, -1.207578826728841, 'baseline'), ({(7177, 3, 40)}, -1.3418309545688505, 'baseline'), ({(7177, 2, 31)}, -1.344768098500483, 'baseline'), ({(7177, 2, 30)}, -1.4288902822337364, 'baseline'), ({(7177, 3, 79)}, -1.4567254505374354, 'baseline'), ({(7177, 3, 39)}, -1.4579175314304742, 'baseline')]",11,"[(9510, 3, 10), (20036, 12, 9510), (9510, 3, 9), (9510, 2, 68), (7177, 2, 68), (7177, 3, 78), (7177, 3, 10), (7177, 5, 7178), (20036, 5, 7178), (9510, 3, 78), (7177, 3, 9)]",[68],"(7177, 12, 9510)",[3.5452845],68.0,3.5452845,2,6.4412184
"[({(6219, 1, 864)}, -0.5204176429029643, 'baseline'), ({(6219, 3, 2558)}, -0.7174823380463197, 'baseline'), ({(6219, 2, 31)}, -0.8861062685174902, 'baseline'), ({(6219, 3, 78)}, -1.072418734181292, 'baseline'), ({(6219, 4, 485)}, -1.075808016604889, 'baseline'), ({(6219, 3, 75)}, -1.186940228720345, 'baseline'), ({(6219, 3, 4062)}, -1.1989004954295064, 'baseline'), ({(6219, 3, 4355)}, -1.213169244986325, 'baseline'), ({(6219, 3, 185)}, -1.2614958932957197, 'baseline'), ({(6219, 3, 386)}, -1.611050042621872, 'baseline')]",14,"[(6219, 3, 2558), (6219, 2, 31), (17452, 2, 31), (6219, 4, 485), (24118, 9, 7790), (6219, 1, 864), (17452, 9, 7790), (6219, 3, 78), (17452, 3, 78), (25217, 4, 485), (24118, 1, 864), (17937, 9, 7790), (17937, 3, 2558), (25217, 9, 7790)]",[1],"(6219, 9, 7790)",[9.587938],1.0,9.587938,1,9.5396805
"[({(6105, 1, 65)}, -0.6115798809889097, 'baseline'), ({(6105, 2, 728)}, -0.6629875033810386, 'baseline'), ({(6105, 4, 66)}, -0.7910775750628675, 'baseline'), ({(6105, 5, 6106)}, -0.8829156941841404, 'baseline'), ({(6105, 3, 506)}, -0.9050075613805059, 'baseline'), ({(6105, 2, 30)}, -0.9397325470368932, 'baseline'), ({(6105, 3, 6)}, -1.1532454923559385, 'baseline'), ({(6105, 3, 40)}, -1.1918443362076387, 'baseline'), ({(6105, 3, 75)}, -1.2481389022791447, 'baseline'), ({(6105, 3, 149)}, -1.296706793068344, 'baseline')]",14,"[(24648, 4, 66), (24648, 9, 8339), (6105, 1, 65), (24648, 1, 65), (25264, 2, 728), (14980, 9, 8339), (25264, 9, 8339), (22370, 5, 6106), (6105, 4, 66), (6105, 5, 6106), (22370, 9, 8339), (14980, 3, 506), (6105, 3, 506), (6105, 2, 728)]",[1],"(6105, 9, 8339)",[7.0642138],1.0,7.0642138,1,8.565611
"[({(5334, 1, 264)}, -0.950158487395529, 'baseline'), ({(5334, 2, 31)}, -1.0176725369283035, 'baseline'), ({(5334, 2, 68)}, -1.1720716940869063, 'baseline'), ({(5334, 2, 172)}, -1.1833821036860173, 'baseline'), ({(5334, 3, 149)}, -1.255503909819766, 'baseline'), ({(5334, 2, 3483)}, -1.6357305124133046, 'baseline'), ({(5334, 3, 772)}, -1.848644642989326, 'baseline'), ({(5334, 3, 78)}, -1.8688806827512936, 'baseline'), ({(5334, 5, 5335)}, -1.8735043544588905, 'baseline'), ({(5334, 3, 9)}, -1.8946399492696266, 'baseline')]",12,"[(24903, 2, 172), (5334, 1, 264), (5334, 2, 31), (7882, 2, 31), (24903, 1, 264), (7882, 3, 149), (5334, 2, 172), (24903, 11, 6729), (7882, 11, 6729), (5334, 2, 68), (7882, 2, 68), (5334, 3, 149)]",[2],"(5334, 11, 6729)",[5.368633],2.0,5.368633,1,6.271142
"[({(6812, 4, 66)}, -0.5193837706762334, 'baseline'), ({(6812, 2, 30)}, -0.6944835433649217, 'baseline'), ({(6812, 2, 68)}, -0.7945455778823711, 'baseline'), ({(6812, 2, 171)}, -1.0543610983116771, 'baseline'), ({(6812, 2, 172)}, -1.089037376558926, 'baseline'), ({(6812, 3, 7)}, -1.1566584627558405, 'baseline'), ({(6812, 2, 709)}, -1.1858784609251232, 'baseline'), ({(6812, 3, 10)}, -1.2222106000793076, 'baseline'), ({(6812, 3, 9)}, -1.3559382877730672, 'baseline'), ({(6812, 3, 78)}, -1.3701523073448374, 'baseline')]",13,"[(22183, 11, 7869), (6812, 4, 66), (6812, 2, 172), (17502, 2, 172), (14783, 2, 171), (6812, 2, 30), (14783, 11, 7869), (6812, 2, 171), (22183, 4, 66), (17502, 11, 7869), (6812, 2, 68), (7869, 2, 68), (14783, 2, 30)]",[1],"(6812, 11, 7869)",[6.2226686],1.0,6.2226686,1,6.495025
"[({(5696, 2, 31)}, -0.7718208570616821, 'baseline'), ({(5696, 2, 30)}, -0.7827991915081297, 'baseline'), ({(5696, 2, 68)}, -0.7896138934414325, 'baseline'), ({(5696, 3, 10)}, -1.127440915697775, 'baseline'), ({(5696, 3, 78)}, -1.192800011579785, 'baseline'), ({(5696, 3, 7)}, -1.2921370653399786, 'baseline'), ({(5696, 3, 279)}, -1.3756424080705296, 'baseline'), ({(5696, 2, 27)}, -1.4925715868886085, 'baseline'), ({(5696, 3, 276)}, -1.52091364454959, 'baseline'), ({(5696, 3, 20)}, -1.5925737956754784, 'baseline')]",12,"[(5696, 2, 68), (11495, 3, 78), (5696, 3, 78), (7984, 2, 31), (7984, 3, 10), (15167, 2, 30), (5696, 3, 10), (15167, 11, 7984), (5696, 2, 31), (7984, 2, 68), (11495, 11, 7984), (5696, 2, 30)]",[1],"(5696, 11, 7984)",[5.5002604],1.0,5.5002604,1,6.2951746
"[({(6848, 2, 2083)}, -0.29245679353372156, 'baseline'), ({(6848, 3, 629)}, -0.41653963866681926, 'baseline'), ({(6848, 2, 2082)}, -0.45607426285883246, 'baseline'), ({(6848, 3, 2084)}, -0.9719270346641053, 'baseline'), ({(6848, 1, 65)}, -1.2261566482801873, 'baseline'), ({(6848, 3, 4028)}, -1.334410333995083, 'baseline'), ({(6848, 3, 479)}, -1.461265085105243, 'baseline'), ({(6848, 3, 220)}, -1.4860236903111872, 'baseline'), ({(6848, 4, 66)}, -1.5161967513464902, 'baseline'), ({(6848, 3, 39)}, -1.5188543102480774, 'baseline')]",13,"[(6848, 1, 65), (6848, 2, 2083), (18965, 3, 2084), (11980, 2, 2083), (18126, 1, 65), (24095, 9, 11980), (18965, 9, 11980), (18126, 9, 11980), (18126, 3, 629), (6848, 3, 629), (6848, 2, 2082), (24095, 2, 2082), (6848, 3, 2084)]",[1],"(6848, 9, 11980)",[6.4534197],1.0,6.4534197,1,8.735666
"[({(5380, 4, 66)}, -0.5188720240433359, 'baseline'), ({(5380, 2, 68)}, -0.7530150580035792, 'baseline'), ({(5380, 2, 30)}, -0.774012091669546, 'baseline'), ({(5380, 3, 40)}, -1.0869984558555523, 'baseline'), ({(5380, 3, 9)}, -1.0891942857706503, 'baseline'), ({(5380, 3, 10)}, -1.1004085087357123, 'baseline'), ({(5380, 3, 220)}, -1.1880771630476143, 'baseline'), ({(5380, 3, 6)}, -1.2046501715000277, 'baseline'), ({(5380, 3, 476)}, -1.231629399209172, 'baseline'), ({(5380, 3, 37)}, -1.2689383688422498, 'baseline')]",12,"[(5380, 4, 66), (5380, 2, 30), (5380, 3, 40), (24904, 11, 8038), (25545, 4, 66), (25545, 11, 8038), (5380, 2, 68), (24904, 3, 9), (8038, 2, 30), (24904, 3, 40), (8038, 2, 68), (5380, 3, 9)]",[1],"(5380, 11, 8038)",[6.768837],1.0,6.768837,1,6.7899523
"[({(7933, 9, 6144)}, -0.6443619559369779, 'baseline'), ({(7933, 10, 7830)}, -0.6944319958315279, 'baseline'), ({(7933, 2, 30)}, -0.8292781178159448, 'baseline'), ({(7933, 2, 31)}, -0.8506278893601328, 'baseline'), ({(7933, 3, 6)}, -0.9681017266704556, 'baseline'), ({(7933, 2, 171)}, -0.9945572793351041, 'baseline'), ({(7933, 3, 41)}, -1.0032985071035818, 'baseline'), ({(7933, 8, 7393)}, -1.0106099476273906, 'baseline'), ({(7933, 8, 7427)}, -1.1645731132073616, 'baseline'), ({(7933, 3, 94)}, -1.184471730477083, 'baseline')]",12,"[(7933, 10, 7830), (7933, 9, 6144), (22756, 9, 6144), (7933, 2, 30), (8340, 3, 6), (20934, 10, 7830), (7933, 2, 31), (8340, 2, 31), (8340, 2, 30), (7933, 3, 6), (20934, 12, 8340), (22756, 12, 8340)]",[1],"(7933, 12, 8340)",[7.8756547],1.0,7.8756547,1,9.299835
"[({(6914, 2, 29)}, -0.44359217293778713, 'baseline'), ({(6914, 4, 66)}, -0.6369437290228754, 'baseline'), ({(6914, 3, 33)}, -0.7525769306320709, 'baseline'), ({(6914, 3, 36)}, -0.7711173065449329, 'baseline'), ({(6914, 3, 39)}, -1.0241233011041027, 'baseline'), ({(6914, 3, 220)}, -1.1010373325215779, 'baseline'), ({(6914, 3, 6)}, -1.1040084248488187, 'baseline'), ({(6914, 3, 75)}, -1.186940228720345, 'baseline'), ({(6914, 2, 266)}, -1.2783924406018328, 'baseline'), ({(6914, 2, 28)}, -1.408654080499574, 'baseline')]",15,"[(6914, 3, 33), (6914, 3, 39), (21346, 3, 36), (25367, 9, 7790), (25217, 3, 33), (17452, 4, 66), (24118, 9, 7790), (6914, 4, 66), (17452, 9, 7790), (6914, 2, 29), (24118, 2, 29), (21346, 9, 7790), (25367, 3, 39), (6914, 3, 36), (25217, 9, 7790)]",[1],"(6914, 9, 7790)",[7.9728417],1.0,7.9728417,1,9.0881
"[({(6633, 3, 1855)}, -1.1079520867036023, 'baseline'), ({(6633, 3, 1529)}, -1.1275363787023276, 'baseline'), ({(6633, 3, 2366)}, -1.2176803130131362, 'baseline'), ({(6633, 3, 914)}, -1.3288327355093812, 'baseline'), ({(6633, 3, 243)}, -1.4815585826642261, 'baseline'), ({(6633, 3, 39)}, -1.523621459445397, 'baseline'), ({(6633, 3, 78)}, -1.5252126658641292, 'baseline'), ({(6633, 3, 1024)}, -1.5348825037740041, 'baseline'), ({(6633, 3, 220)}, -1.5450540869483078, 'baseline'), ({(6633, 3, 4051)}, -1.546005410562463, 'baseline')]",10,"[(8569, 3, 1855), (8569, 3, 2366), (6633, 3, 1529), (6633, 3, 243), (8569, 3, 1529), (8569, 3, 243), (6633, 3, 914), (8569, 3, 914), (6633, 3, 2366), (6633, 3, 1855)]",[1],"(6633, 12, 8569)",[6.991192],1.0,6.991192,4,6.3372664
"[({(4870, 2, 709)}, -0.5774275019375394, 'baseline'), ({(4870, 2, 888)}, -0.8044589738543181, 'baseline'), ({(4870, 2, 30)}, -0.8440474481088861, 'baseline'), ({(4870, 3, 890)}, -0.9879122729685876, 'baseline'), ({(4870, 3, 892)}, -1.0772317481179072, 'baseline'), ({(4870, 3, 40)}, -1.193339449426985, 'baseline'), ({(4870, 3, 88)}, -1.2085857039916315, 'baseline'), ({(4870, 1, 864)}, -1.2169362671530584, 'baseline'), ({(4870, 3, 7)}, -1.2370365976114523, 'baseline'), ({(4870, 3, 41)}, -1.3367558747649515, 'baseline')]",12,"[(4870, 2, 888), (19769, 9, 8151), (8151, 3, 890), (8151, 2, 888), (19769, 2, 709), (19769, 2, 30), (4870, 3, 890), (24307, 3, 892), (4870, 2, 709), (4870, 3, 892), (4870, 2, 30), (24307, 9, 8151)]",[1],"(4870, 9, 8151)",[7.0433154],1.0,7.0433154,1,8.065897
"[({(6054, 2, 171)}, -0.45143157598397005, 'baseline'), ({(6054, 3, 177)}, -0.735974802389786, 'baseline'), ({(6054, 2, 30)}, -0.8440474481088861, 'baseline'), ({(6054, 3, 519)}, -0.8852597808907504, 'baseline'), ({(6054, 2, 31)}, -0.9317942593600667, 'baseline'), ({(6054, 3, 715)}, -1.0612105761123636, 'baseline'), ({(6054, 3, 712)}, -1.1741988010418845, 'baseline'), ({(6054, 1, 864)}, -1.2169389902307004, 'baseline'), ({(6054, 3, 952)}, -1.2837151881836315, 'baseline'), ({(6054, 3, 6059)}, -1.389069421295225, 'baseline')]",13,"[(23877, 2, 31), (23877, 9, 8151), (19769, 9, 8151), (6054, 2, 31), (6054, 3, 519), (23877, 3, 177), (19769, 2, 30), (6054, 3, 177), (19769, 3, 519), (6054, 2, 30), (6054, 2, 171), (24307, 2, 171), (24307, 9, 8151)]",[1],"(6054, 9, 8151)",[7.556359],1.0,7.556359,1,7.925308
"[({(7426, 1, 65)}, -0.5916535637705909, 'baseline'), ({(7426, 2, 31)}, -0.7718208570616821, 'baseline'), ({(7426, 2, 30)}, -0.7827970085048761, 'baseline'), ({(7426, 8, 7427)}, -0.8714558991879917, 'baseline'), ({(7426, 8, 7429)}, -0.8970730387576248, 'baseline'), ({(7426, 3, 40)}, -1.0095281127800013, 'baseline'), ({(7426, 8, 7428)}, -1.0167141923037968, 'baseline'), ({(7426, 3, 39)}, -1.094824035260104, 'baseline'), ({(7426, 3, 41)}, -1.3037739649978783, 'baseline'), ({(7426, 3, 75)}, -1.337048200603533, 'baseline')]",13,"[(7426, 8, 7429), (15167, 2, 30), (7984, 2, 31), (11495, 1, 65), (19349, 8, 7429), (15167, 11, 7984), (7426, 1, 65), (7426, 2, 31), (19349, 11, 7984), (11495, 11, 7984), (7426, 8, 7427), (7426, 2, 30), (19349, 8, 7427)]",[2],"(7426, 11, 7984)",[5.3478117],2.0,5.3478117,2,6.122612
"[({(5964, 3, 41)}, -1.2270757936502037, 'baseline'), ({(5964, 2, 30)}, -1.3960485228498758, 'baseline'), ({(5964, 3, 78)}, -1.4170883773771679, 'baseline'), ({(5964, 3, 6)}, -1.4305089263121158, 'baseline'), ({(5964, 2, 31)}, -1.450750371379178, 'baseline'), ({(5964, 3, 9)}, -1.4609749136256305, 'baseline'), ({(5964, 2, 68)}, -1.5016986690457939, 'baseline'), ({(5964, 3, 476)}, -1.5040913240778462, 'baseline'), ({(5964, 3, 5966)}, -1.5147244164242424, 'baseline'), ({(5964, 3, 10)}, -1.564517364174896, 'baseline')]",10,"[(5964, 2, 30), (5964, 3, 41), (11744, 3, 41), (11744, 2, 31), (11744, 3, 6), (11744, 2, 30), (11744, 3, 78), (5964, 3, 78), (5964, 2, 31), (5964, 3, 6)]",[1],"(5964, 12, 11744)",[8.310704],1.0,8.310704,1,7.914914
"[({(7382, 2, 1662)}, -0.5910589888305288, 'baseline'), ({(7382, 1, 65)}, -0.6115798809889097, 'baseline'), ({(7382, 2, 728)}, -0.6629875033810386, 'baseline'), ({(7382, 2, 30)}, -0.9397349230269989, 'baseline'), ({(7382, 4, 924)}, -1.124635384281096, 'baseline'), ({(7382, 3, 6)}, -1.1532428600318618, 'baseline'), ({(7382, 3, 1745)}, -1.1565615541373335, 'baseline'), ({(7382, 3, 7)}, -1.1664469782251168, 'baseline'), ({(7382, 3, 40)}, -1.1918443362076387, 'baseline'), ({(7382, 3, 2127)}, -1.272201292452105, 'baseline')]",14,"[(7382, 4, 924), (24648, 1, 65), (7382, 1, 65), (24648, 9, 8339), (17784, 9, 8339), (24648, 2, 30), (25264, 2, 728), (22308, 2, 1662), (25264, 9, 8339), (7382, 2, 728), (22308, 9, 8339), (7382, 2, 30), (17784, 4, 924), (7382, 2, 1662)]",[1],"(7382, 9, 8339)",[7.43949],1.0,7.43949,1,8.900803
"[({(5844, 2, 31)}, -0.8157979301518908, 'baseline'), ({(5844, 2, 30)}, -0.8304213751318316, 'baseline'), ({(5844, 3, 78)}, -1.0219316466172808, 'baseline'), ({(5844, 3, 10)}, -1.0430374563460407, 'baseline'), ({(5844, 3, 75)}, -1.2675191410249629, 'baseline'), ({(5844, 3, 666)}, -1.4221211470636315, 'baseline'), ({(5844, 3, 185)}, -1.5403453958183555, 'baseline'), ({(5844, 3, 276)}, -1.5675766773092603, 'baseline'), ({(5844, 2, 2270)}, -1.5770671234183915, 'baseline'), ({(5844, 5, 5845)}, -1.7232350337420697, 'baseline')]",13,"[(5844, 2, 31), (23470, 3, 75), (25411, 2, 31), (25766, 2, 30), (5844, 3, 78), (5844, 2, 30), (25411, 11, 7992), (5844, 3, 75), (25411, 3, 78), (5844, 3, 10), (25411, 3, 10), (23470, 11, 7992), (25766, 11, 7992)]",[2],"(5844, 11, 7992)",[5.487088],2.0,5.487088,1,6.604808
"[({(6263, 1, 65)}, -0.5737164778337467, 'baseline'), ({(6263, 2, 68)}, -0.7530128527460099, 'baseline'), ({(6263, 2, 30)}, -0.774012091669546, 'baseline'), ({(6263, 2, 31)}, -0.7917619026684578, 'baseline'), ({(6263, 3, 10)}, -1.1004085087357123, 'baseline'), ({(6263, 3, 78)}, -1.1232031802820046, 'baseline'), ({(6263, 3, 651)}, -1.1958651493883357, 'baseline'), ({(6263, 3, 37)}, -1.2689411711528218, 'baseline'), ({(6263, 3, 1321)}, -1.286375599328194, 'baseline'), ({(6263, 3, 1493)}, -1.2930963652876275, 'baseline')]",12,"[(6263, 2, 31), (8038, 3, 10), (25545, 11, 8038), (24904, 11, 8038), (6263, 2, 30), (6263, 1, 65), (24904, 2, 31), (6263, 2, 68), (6263, 3, 10), (8038, 2, 30), (25545, 1, 65), (8038, 2, 68)]",[1],"(6263, 11, 8038)",[7.372405],1.0,7.372405,1,7.416071
"[({(5920, 3, 748)}, -0.4256045559630638, 'baseline'), ({(5920, 3, 279)}, -0.5883554471128528, 'baseline'), ({(5920, 3, 40)}, -0.7167922593512702, 'baseline'), ({(5920, 2, 31)}, -0.7244139163187451, 'baseline'), ({(5920, 2, 30)}, -0.7286156362350833, 'baseline'), ({(5920, 3, 220)}, -0.734986361126461, 'baseline'), ({(5920, 3, 7)}, -0.7497789886132163, 'baseline'), ({(5920, 3, 39)}, -0.8071846217451656, 'baseline'), ({(5920, 3, 6)}, -0.8312560525174596, 'baseline'), ({(5920, 3, 10)}, -1.0659522821043024, 'baseline')]",10,"[(5920, 2, 31), (8676, 2, 31), (5920, 3, 40), (8676, 2, 30), (5920, 2, 30), (8676, 3, 279), (8676, 3, 748), (5920, 3, 748), (5920, 3, 279), (8676, 3, 40)]",[1],"(5920, 12, 8676)",[8.628375],1.0,8.628375,1,9.47781
"[({(6419, 2, 729)}, -0.6947432753601942, 'baseline'), ({(6419, 3, 506)}, -0.9050052206914897, 'baseline'), ({(6419, 2, 30)}, -0.9397325470368932, 'baseline'), ({(6419, 2, 31)}, -1.0168535182229883, 'baseline'), ({(6419, 2, 68)}, -1.0921783120682222, 'baseline'), ({(6419, 2, 266)}, -1.1966007840251054, 'baseline'), ({(6419, 3, 1348)}, -1.250099242191969, 'baseline'), ({(6419, 3, 39)}, -1.30620904192958, 'baseline'), ({(6419, 3, 41)}, -1.4186771404630747, 'baseline'), ({(6419, 3, 1744)}, -1.465019801838581, 'baseline')]",13,"[(24648, 9, 8339), (24001, 9, 8339), (24648, 2, 30), (6419, 2, 729), (14980, 9, 8339), (6419, 2, 31), (6419, 3, 506), (6419, 2, 30), (14980, 3, 506), (24001, 2, 68), (24648, 2, 31), (6419, 2, 68), (24001, 2, 729)]",[1],"(6419, 9, 8339)",[6.468383],1.0,6.468383,1,6.532011
"[({(4757, 2, 31)}, -0.7718208570616821, 'baseline'), ({(4757, 2, 68)}, -0.7896117047990339, 'baseline'), ({(4757, 3, 40)}, -1.0095281127800013, 'baseline'), ({(4757, 3, 6)}, -1.0853100760568637, 'baseline'), ({(4757, 3, 10)}, -1.1274434591419107, 'baseline'), ({(4757, 3, 220)}, -1.1723410455444263, 'baseline'), ({(4757, 3, 149)}, -1.2018898686336827, 'baseline'), ({(4757, 2, 266)}, -1.2063116078301772, 'baseline'), ({(4757, 3, 504)}, -1.8281345613761117, 'baseline'), ({(4757, 3, 1019)}, -2.211715111914117, 'baseline')]",12,"[(7984, 2, 31), (4757, 2, 31), (7984, 3, 10), (4757, 3, 10), (15167, 11, 7984), (4757, 2, 68), (4757, 3, 6), (15167, 3, 6), (11495, 11, 7984), (7984, 2, 68), (4757, 3, 40), (11495, 3, 40)]",[3],"(4757, 11, 7984)",[5.195715],3.0,5.195715,4,5.4328356
"[({(4727, 2, 68)}, -0.7530150580035792, 'baseline'), ({(4727, 2, 30)}, -0.774012091669546, 'baseline'), ({(4727, 2, 31)}, -0.7917640930130195, 'baseline'), ({(4727, 3, 39)}, -1.069719348441073, 'baseline'), ({(4727, 1, 1034)}, -1.0717385007945397, 'baseline'), ({(4727, 3, 9)}, -1.0891942857706503, 'baseline'), ({(4727, 3, 10)}, -1.1004085087357123, 'baseline'), ({(4727, 3, 479)}, -1.1507941401429458, 'baseline'), ({(4727, 3, 220)}, -1.1880744820025768, 'baseline'), ({(4727, 3, 476)}, -1.2316321442055853, 'baseline')]",12,"[(24904, 3, 39), (4727, 2, 30), (19445, 1, 1034), (4727, 1, 1034), (24904, 11, 8038), (4727, 2, 68), (24904, 2, 31), (19445, 11, 8038), (4727, 2, 31), (8038, 2, 68), (4727, 3, 39), (8038, 2, 30)]",[1],"(4727, 11, 8038)",[6.294883],1.0,6.294883,1,6.7546163
"[({(7769, 4, 66)}, -0.6897344445033974, 'baseline'), ({(7769, 3, 185)}, -0.7722311567629098, 'baseline'), ({(7769, 3, 219)}, -0.8254325910569271, 'baseline'), ({(7769, 3, 39)}, -0.8824341852183787, 'baseline'), ({(7769, 2, 68)}, -0.9346375205386627, 'baseline'), ({(7769, 2, 31)}, -0.9402943950414209, 'baseline'), ({(7769, 3, 40)}, -0.9532336701771658, 'baseline'), ({(7769, 3, 220)}, -0.9684196576602401, 'baseline'), ({(7769, 3, 479)}, -0.9770665594452165, 'baseline'), ({(7769, 3, 476)}, -1.046832507752104, 'baseline')]",13,"[(8626, 3, 39), (7769, 2, 68), (7769, 3, 39), (7769, 3, 219), (17514, 12, 8626), (22533, 12, 8626), (7769, 4, 66), (22533, 4, 66), (10257, 3, 219), (17514, 3, 185), (7769, 3, 185), (8626, 2, 68), (10257, 12, 8626)]",[3],"(7769, 12, 8626)",[7.243],3.0,7.243,1,8.398724
"[({(6853, 1, 65)}, -0.5737144388531203, 'baseline'), ({(6853, 2, 68)}, -0.753010693420466, 'baseline'), ({(6853, 2, 30)}, -0.774012091669546, 'baseline'), ({(6853, 2, 31)}, -0.7917619026684578, 'baseline'), ({(6853, 3, 651)}, -1.1958678416958701, 'baseline'), ({(6853, 3, 37)}, -1.2689383688422498, 'baseline'), ({(6853, 3, 1321)}, -1.286375599328194, 'baseline'), ({(6853, 3, 1493)}, -1.2930935243671946, 'baseline'), ({(6853, 3, 1839)}, -1.3228454156632787, 'baseline'), ({(6853, 2, 172)}, -1.3782859797295108, 'baseline')]",12,"[(6853, 2, 30), (6853, 2, 68), (25545, 11, 8038), (24904, 11, 8038), (24904, 2, 31), (8038, 3, 651), (6853, 1, 65), (8038, 2, 30), (25545, 1, 65), (6853, 2, 31), (8038, 2, 68), (6853, 3, 651)]",[2],"(6853, 11, 8038)",[5.7399254],2.0,5.7399254,1,6.491535
"[({(6437, 2, 68)}, -0.753010693420466, 'baseline'), ({(6437, 2, 30)}, -0.774012091669546, 'baseline'), ({(6437, 1, 2467)}, -0.9888699574033083, 'baseline'), ({(6437, 3, 651)}, -1.1958651493883357, 'baseline'), ({(6437, 3, 37)}, -1.2689411711528218, 'baseline'), ({(6437, 2, 312)}, -1.27498960826635, 'baseline'), ({(6437, 3, 75)}, -1.282497286644006, 'baseline'), ({(6437, 3, 1493)}, -1.2930963652876275, 'baseline'), ({(6437, 2, 29)}, -1.504084937874485, 'baseline'), ({(6437, 3, 91)}, -1.5927978720244378, 'baseline')]",11,"[(25630, 11, 8038), (6437, 1, 2467), (25630, 1, 2467), (6437, 2, 30), (6437, 2, 68), (8038, 3, 37), (8038, 3, 651), (8038, 2, 30), (6437, 3, 37), (6437, 3, 651), (8038, 2, 68)]",[2],"(6437, 11, 8038)",[5.46376],2.0,5.46376,1,6.6256256
"[({(5517, 2, 1323)}, -0.3413559015978492, 'baseline'), ({(5517, 3, 1005)}, -0.6328642138087777, 'baseline'), ({(5517, 3, 1123)}, -0.6524982208313053, 'baseline'), ({(5517, 1, 65)}, -0.7631900632497933, 'baseline'), ({(5517, 2, 30)}, -0.8595909739845243, 'baseline'), ({(5517, 2, 31)}, -0.9214420392847654, 'baseline'), ({(5517, 3, 1026)}, -1.0377256997501645, 'baseline'), ({(5517, 3, 75)}, -1.2050802014737394, 'baseline'), ({(5517, 3, 39)}, -1.230536268396679, 'baseline'), ({(5517, 3, 10)}, -1.256822361346727, 'baseline')]",13,"[(24615, 3, 1123), (24615, 2, 1323), (24615, 9, 7903), (5517, 1, 65), (22636, 2, 30), (5517, 3, 1005), (5517, 2, 1323), (18547, 1, 65), (5517, 3, 1123), (5517, 2, 30), (18547, 9, 7903), (24615, 3, 1005), (22636, 9, 7903)]",[1],"(5517, 9, 7903)",[8.895411],1.0,8.895411,1,9.563314
"[({(5675, 2, 68)}, -0.7530128527460099, 'baseline'), ({(5675, 2, 30)}, -0.7740164434837796, 'baseline'), ({(5675, 3, 40)}, -1.0869984558555523, 'baseline'), ({(5675, 3, 10)}, -1.1004085087357123, 'baseline'), ({(5675, 3, 651)}, -1.1958678416958701, 'baseline'), ({(5675, 3, 6)}, -1.2046501715000277, 'baseline'), ({(5675, 3, 37)}, -1.2689356249014885, 'baseline'), ({(5675, 3, 1321)}, -1.286375599328194, 'baseline'), ({(5675, 3, 1493)}, -1.2930963652876275, 'baseline'), ({(5675, 3, 149)}, -1.322618639637977, 'baseline')]",11,"[(5675, 2, 30), (8038, 3, 10), (5675, 2, 68), (24904, 11, 8038), (5675, 3, 651), (5675, 3, 40), (5675, 3, 10), (8038, 3, 651), (8038, 2, 30), (24904, 3, 40), (8038, 2, 68)]",[2],"(5675, 11, 8038)",[6.277701],2.0,6.277701,2,7.0910316
"[({(6566, 2, 486)}, -0.5414747266140805, 'baseline'), ({(6566, 2, 6567)}, -0.763825571902701, 'baseline'), ({(6566, 3, 489)}, -0.8976176838435691, 'baseline'), ({(6566, 3, 1687)}, -0.9199297423510421, 'baseline'), ({(6566, 1, 484)}, -1.0733100710359176, 'baseline'), ({(6566, 3, 6571)}, -1.1398379762095474, 'baseline'), ({(6566, 3, 3740)}, -1.1960496899952877, 'baseline'), ({(6566, 3, 1679)}, -1.1969914676197588, 'baseline'), ({(6566, 3, 6570)}, -1.2344784704239982, 'baseline'), ({(6566, 4, 924)}, -1.4883228627317062, 'baseline')]",14,"[(6566, 2, 486), (23042, 2, 486), (15334, 2, 6567), (22998, 9, 7758), (15334, 9, 7758), (6566, 3, 489), (7756, 3, 489), (6566, 2, 6567), (7756, 9, 7758), (15334, 1, 484), (23042, 9, 7758), (6566, 3, 1687), (6566, 1, 484), (22998, 3, 1687)]",[1],"(6566, 9, 7758)",[5.939334],1.0,5.939334,1,8.5208435
"[({(6619, 2, 31)}, -1.017670126620552, 'baseline'), ({(6619, 2, 812)}, -1.1305579928440326, 'baseline'), ({(6619, 2, 172)}, -1.1833794293286568, 'baseline'), ({(6619, 3, 149)}, -1.255503909819766, 'baseline'), ({(6619, 2, 1166)}, -1.3033367679227161, 'baseline'), ({(6619, 3, 816)}, -1.3149430412467353, 'baseline'), ({(6619, 2, 132)}, -1.3372363328822074, 'baseline'), ({(6619, 2, 1165)}, -1.5261356501841423, 'baseline'), ({(6619, 3, 148)}, -1.5887795854050661, 'baseline'), ({(6619, 3, 1872)}, -1.6328609982962345, 'baseline')]",14,"[(24903, 2, 172), (7882, 2, 31), (7882, 3, 149), (24903, 11, 6729), (7882, 11, 6729), (6619, 2, 31), (6619, 2, 172), (6619, 2, 1166), (24384, 2, 1166), (24384, 11, 6729), (6619, 2, 812), (22892, 2, 812), (22892, 11, 6729), (6619, 3, 149)]",[1],"(6619, 11, 6729)",[6.4957533],1.0,6.4957533,1,7.5059404
"[({(5781, 1, 65)}, -0.7240712806161622, 'baseline'), ({(5781, 4, 66)}, -0.7887658349403625, 'baseline'), ({(5781, 2, 31)}, -1.017667665122971, 'baseline'), ({(5781, 2, 172)}, -1.1833821036860173, 'baseline'), ({(5781, 2, 1166)}, -1.3033367679227161, 'baseline'), ({(5781, 3, 41)}, -1.3683468437502322, 'baseline'), ({(5781, 2, 3278)}, -1.6646079040174466, 'baseline'), ({(5781, 3, 772)}, -1.8486486420443713, 'baseline'), ({(5781, 2, 2975)}, -1.8587354811993737, 'baseline'), ({(5781, 2, 131)}, -1.8867567953424684, 'baseline')]",15,"[(24903, 2, 172), (24968, 1, 65), (7882, 2, 31), (5781, 2, 1166), (5781, 2, 31), (24903, 11, 6729), (25228, 4, 66), (7882, 11, 6729), (24384, 2, 1166), (5781, 2, 172), (24384, 11, 6729), (24968, 11, 6729), (25228, 11, 6729), (5781, 1, 65), (5781, 4, 66)]",[3],"(5781, 11, 6729)",[4.1819787],3.0,4.1819787,2,5.655415
"[({(6976, 2, 68)}, -0.7732814990439172, 'baseline'), ({(6976, 2, 31)}, -0.8157956726093928, 'baseline'), ({(6976, 3, 9)}, -0.9950920321954482, 'baseline'), ({(6976, 3, 10)}, -1.0430350169620892, 'baseline'), ({(6976, 3, 40)}, -1.0984138451434504, 'baseline'), ({(6976, 3, 39)}, -1.1232984912639996, 'baseline'), ({(6976, 3, 476)}, -1.1678298117268928, 'baseline'), ({(6976, 3, 6)}, -1.1762833373664885, 'baseline'), ({(6976, 3, 220)}, -1.1818073250854804, 'baseline'), ({(6976, 2, 69)}, -1.4991498827934093, 'baseline')]",11,"[(6976, 3, 10), (25411, 3, 9), (25411, 2, 31), (6976, 2, 68), (6976, 3, 9), (25411, 3, 40), (25411, 11, 7992), (25411, 2, 68), (6976, 3, 40), (25411, 3, 10), (6976, 2, 31)]",[2],"(6976, 11, 7992)",[5.7494726],2.0,5.7494726,3,5.79963
"[({(5834, 2, 31)}, -1.017670126620552, 'baseline'), ({(5834, 1, 1034)}, -1.1400068136835793, 'baseline'), ({(5834, 3, 40)}, -1.1771675523386111, 'baseline'), ({(5834, 2, 172)}, -1.1833821036860173, 'baseline'), ({(5834, 2, 789)}, -1.196458997685048, 'baseline'), ({(5834, 2, 1166)}, -1.3033339104266461, 'baseline'), ({(5834, 3, 6)}, -1.3561636939859727, 'baseline'), ({(5834, 3, 39)}, -1.370243798318062, 'baseline'), ({(5834, 2, 28)}, -1.444136662006979, 'baseline'), ({(5834, 3, 294)}, -1.7807631994494049, 'baseline')]",13,"[(24903, 2, 172), (5834, 3, 40), (9250, 1, 1034), (9250, 11, 6729), (24903, 2, 789), (7882, 3, 40), (5834, 1, 1034), (5834, 2, 31), (7882, 2, 31), (24903, 11, 6729), (7882, 11, 6729), (5834, 2, 172), (5834, 2, 789)]",[6],"(5834, 11, 6729)",[4.8135157],6.0,4.8135157,2,6.3059583
"[({(5133, 2, 5135)}, -0.3076618381651115, 'baseline'), ({(5133, 3, 4194)}, -0.504820133287258, 'baseline'), ({(5133, 5, 5134)}, -0.5887812978398157, 'baseline'), ({(5133, 3, 4866)}, -0.6139941832308624, 'baseline'), ({(5133, 3, 5138)}, -0.7987488760658324, 'baseline'), ({(5133, 3, 3744)}, -0.8061699786201233, 'baseline'), ({(5133, 3, 5150)}, -0.8156027990409707, 'baseline'), ({(5133, 3, 5151)}, -0.8290684383852797, 'baseline'), ({(5133, 3, 5146)}, -0.8797523051062243, 'baseline'), ({(5133, 3, 5143)}, -0.9570383909608542, 'baseline')]",11,"[(5133, 3, 4866), (10165, 9, 10166), (5133, 3, 4194), (10166, 3, 4194), (5133, 3, 5138), (10165, 3, 5138), (10166, 3, 4866), (5133, 2, 5135), (10166, 2, 5135), (5133, 5, 5134), (10165, 5, 5134)]",[3],"(5133, 9, 10166)",[5.318922],3.0,5.318922,1,6.655379
"[({(5907, 2, 171)}, -0.47475858734172594, 'baseline'), ({(5907, 2, 709)}, -0.49916843310869063, 'baseline'), ({(5907, 4, 66)}, -0.7279424267651696, 'baseline'), ({(5907, 3, 177)}, -0.7709938304791811, 'baseline'), ({(5907, 2, 30)}, -0.875304287724237, 'baseline'), ({(5907, 2, 31)}, -0.8879086845249025, 'baseline'), ({(5907, 3, 710)}, -1.0886172428193686, 'baseline'), ({(5907, 3, 712)}, -1.1181217813791753, 'baseline'), ({(5907, 3, 75)}, -1.3054784299859383, 'baseline'), ({(5907, 3, 711)}, -1.3835261601094258, 'baseline')]",13,"[(21465, 2, 171), (17411, 4, 66), (17411, 9, 6144), (5907, 2, 171), (5907, 4, 66), (5907, 2, 709), (21465, 2, 30), (20123, 2, 709), (21465, 9, 6144), (5907, 3, 177), (5907, 2, 30), (20123, 9, 6144), (21465, 3, 177)]",[1],"(5907, 9, 6144)",[5.1767097],1.0,5.1767097,2,6.9573603
"[({(6504, 1, 65)}, -0.6447781154099257, 'baseline'), ({(6504, 2, 68)}, -0.7732814990439172, 'baseline'), ({(6504, 2, 30)}, -0.8304213751318316, 'baseline'), ({(6504, 3, 9)}, -0.9950920321954482, 'baseline'), ({(6504, 3, 10)}, -1.0430325256937552, 'baseline'), ({(6504, 3, 6)}, -1.1762860017685568, 'baseline'), ({(6504, 3, 7)}, -1.258590123970732, 'baseline'), ({(6504, 2, 69)}, -1.4991498827934093, 'baseline'), ({(6504, 5, 6505)}, -1.7165645557080846, 'baseline'), ({(6504, 3, 253)}, -1.7953237143208036, 'baseline')]",13,"[(25411, 3, 9), (13418, 11, 7992), (25766, 2, 30), (13418, 1, 65), (6504, 2, 68), (6504, 1, 65), (6504, 2, 30), (25411, 11, 7992), (25411, 2, 68), (6504, 3, 10), (25411, 3, 10), (6504, 3, 9), (25766, 11, 7992)]",[1],"(6504, 11, 7992)",[5.759282],1.0,5.759282,1,6.168879
"[({(5411, 1, 65)}, -0.8940321238534934, 'baseline'), ({(5411, 4, 66)}, -1.1089002650084243, 'baseline'), ({(5411, 2, 31)}, -1.2339268742129834, 'baseline'), ({(5411, 2, 68)}, -1.3310206975079506, 'baseline'), ({(5411, 3, 2257)}, -1.3503950711866632, 'baseline'), ({(5411, 3, 40)}, -1.3760807259817966, 'baseline'), ({(5411, 3, 192)}, -1.412140644929678, 'baseline'), ({(5411, 2, 4759)}, -1.5137953057772944, 'baseline'), ({(5411, 3, 149)}, -1.5215909730477624, 'baseline'), ({(5411, 2, 132)}, -1.6272671375444643, 'baseline')]",12,"[(24384, 1, 65), (5411, 4, 66), (24384, 11, 8097), (8097, 2, 31), (5411, 3, 2257), (5411, 2, 68), (23042, 11, 8097), (8097, 2, 68), (5411, 1, 65), (8097, 3, 2257), (5411, 2, 31), (23042, 4, 66)]",[1],"(5411, 11, 8097)",[5.5788765],1.0,5.5788765,1,7.0618706
"[({(6766, 4, 66)}, -0.4664973425304928, 'baseline'), ({(6766, 1, 65)}, -0.6447781154099257, 'baseline'), ({(6766, 2, 30)}, -0.8304235982931094, 'baseline'), ({(6766, 3, 78)}, -1.021934113126208, 'baseline'), ({(6766, 3, 10)}, -1.0430350169620892, 'baseline'), ({(6766, 3, 40)}, -1.0984113387389947, 'baseline'), ({(6766, 3, 220)}, -1.1818126136880245, 'baseline'), ({(6766, 3, 479)}, -1.2409847054664622, 'baseline'), ({(6766, 3, 7)}, -1.258592910107659, 'baseline'), ({(6766, 3, 56)}, -1.3468775073529586, 'baseline')]",13,"[(6766, 3, 78), (6766, 3, 10), (13418, 11, 7992), (6766, 1, 65), (6766, 2, 30), (13418, 1, 65), (25766, 2, 30), (25411, 11, 7992), (25411, 3, 78), (25411, 3, 10), (6766, 4, 66), (13418, 4, 66), (25766, 11, 7992)]",[1],"(6766, 11, 7992)",[5.936288],1.0,5.936288,1,6.3387327
"[({(7392, 1, 2467)}, -0.4417860570341731, 'baseline'), ({(7392, 2, 29)}, -0.44359217293778713, 'baseline'), ({(7392, 3, 33)}, -0.7525769306320709, 'baseline'), ({(7392, 2, 30)}, -0.8390974286648607, 'baseline'), ({(7392, 2, 68)}, -0.8435032616002552, 'baseline'), ({(7392, 3, 40)}, -1.0440895686365437, 'baseline'), ({(7392, 3, 3075)}, -1.0456302770249815, 'baseline'), ({(7392, 3, 479)}, -1.0860074865489426, 'baseline'), ({(7392, 3, 220)}, -1.1010347693638611, 'baseline'), ({(7392, 3, 10)}, -1.102952947391004, 'baseline')]",14,"[(7392, 2, 30), (25367, 9, 7790), (25217, 3, 33), (7392, 1, 2467), (24118, 9, 7790), (25367, 1, 2467), (7392, 3, 33), (7392, 2, 68), (7392, 2, 29), (24118, 2, 29), (25217, 2, 68), (14852, 9, 7790), (14852, 2, 30), (25217, 9, 7790)]",[1],"(7392, 9, 7790)",[9.100961],1.0,9.100961,1,9.634243
"[({(7281, 2, 31)}, -0.8157956726093928, 'baseline'), ({(7281, 2, 30)}, -0.8304235982931094, 'baseline'), ({(7281, 3, 40)}, -1.0984113387389947, 'baseline'), ({(7281, 3, 6)}, -1.1762833373664885, 'baseline'), ({(7281, 3, 75)}, -1.2675163409485835, 'baseline'), ({(7281, 3, 279)}, -1.3985506004085577, 'baseline'), ({(7281, 2, 69)}, -1.4991467332472739, 'baseline'), ({(7281, 3, 38)}, -1.5414415743647527, 'baseline'), ({(7281, 3, 37)}, -1.64660611919616, 'baseline'), ({(7281, 3, 706)}, -1.690201597019412, 'baseline')]",13,"[(7281, 3, 75), (7281, 2, 31), (23470, 3, 75), (25411, 2, 31), (25766, 2, 30), (25766, 3, 6), (25411, 3, 40), (7281, 2, 30), (7281, 3, 40), (7281, 3, 6), (25411, 11, 7992), (23470, 11, 7992), (25766, 11, 7992)]",[1],"(7281, 11, 7992)",[5.6247983],1.0,5.6247983,1,6.138865
"[({(6083, 2, 69)}, -0.3947154889052317, 'baseline'), ({(6083, 4, 66)}, -0.6121697396060108, 'baseline'), ({(6083, 3, 74)}, -0.7559916697172314, 'baseline'), ({(6083, 2, 68)}, -0.8371132738107995, 'baseline'), ({(6083, 3, 40)}, -1.0031066272345524, 'baseline'), ({(6083, 3, 220)}, -1.0181739270498722, 'baseline'), ({(6083, 1, 6071)}, -1.0363585242130189, 'baseline'), ({(6083, 3, 10)}, -1.0556828588398532, 'baseline'), ({(6083, 3, 6)}, -1.1329553716853482, 'baseline'), ({(6083, 3, 1630)}, -1.176685696665464, 'baseline')]",13,"[(22330, 3, 74), (6083, 2, 68), (21899, 4, 66), (21899, 3, 40), (17052, 2, 69), (6083, 3, 40), (6083, 2, 69), (6083, 4, 66), (22330, 9, 8418), (6083, 3, 74), (21899, 2, 68), (21899, 9, 8418), (17052, 9, 8418)]",[1],"(6083, 9, 8418)",[8.4987545],1.0,8.4987545,1,8.809921
"[({(7080, 1, 1054)}, -0.2673821333811995, 'baseline'), ({(7080, 3, 460)}, -0.7692986124772955, 'baseline'), ({(7080, 3, 519)}, -0.8393713095383151, 'baseline'), ({(7080, 2, 30)}, -0.875304287724237, 'baseline'), ({(7080, 2, 31)}, -0.8879040850143698, 'baseline'), ({(7080, 4, 485)}, -1.0769046485134455, 'baseline'), ({(7080, 3, 39)}, -1.2611438945184026, 'baseline'), ({(7080, 3, 10)}, -1.3103796014237814, 'baseline'), ({(7080, 3, 1255)}, -1.4664246363165168, 'baseline'), ({(7080, 3, 1264)}, -1.4943099405443425, 'baseline')]",14,"[(7080, 3, 460), (20123, 1, 1054), (7080, 1, 1054), (18009, 3, 460), (7080, 3, 519), (7080, 2, 31), (20123, 2, 31), (21465, 2, 30), (15284, 3, 519), (7080, 2, 30), (18009, 9, 6144), (21465, 9, 6144), (15284, 9, 6144), (20123, 9, 6144)]",[3],"(7080, 9, 6144)",[5.680443],3.0,5.680443,1,6.4506083
"[({(4777, 1, 1054)}, -0.2673801788804456, 'baseline'), ({(4777, 3, 519)}, -0.8393734931129339, 'baseline'), ({(4777, 2, 31)}, -0.8879110084492007, 'baseline'), ({(4777, 4, 169)}, -1.0211256785668832, 'baseline'), ({(4777, 3, 40)}, -1.0841886619411276, 'baseline'), ({(4777, 2, 312)}, -1.3493043214949003, 'baseline'), ({(4777, 3, 1255)}, -1.4664246363165168, 'baseline'), ({(4777, 3, 1264)}, -1.4943099405443425, 'baseline'), ({(4777, 3, 2912)}, -1.6682112604820258, 'baseline'), ({(4777, 2, 131)}, -1.6796797493826037, 'baseline')]",12,"[(20123, 1, 1054), (4777, 3, 40), (4777, 3, 519), (4777, 4, 169), (20123, 2, 31), (4777, 2, 31), (15284, 3, 519), (20123, 4, 169), (15284, 9, 6144), (20123, 3, 40), (4777, 1, 1054), (20123, 9, 6144)]",[1],"(4777, 9, 6144)",[6.509964],1.0,6.509964,1,7.26068
"[({(7407, 8, 7410)}, -0.7732042527294497, 'baseline'), ({(7407, 4, 169)}, -0.7769585873827953, 'baseline'), ({(7407, 2, 68)}, -0.7945477705268892, 'baseline'), ({(7407, 8, 7409)}, -0.8931411496654833, 'baseline'), ({(7407, 3, 6)}, -0.9628398001208509, 'baseline'), ({(7407, 3, 40)}, -0.9762242856539369, 'baseline'), ({(7407, 3, 39)}, -1.1030039387065806, 'baseline'), ({(7407, 3, 10)}, -1.2222133309810022, 'baseline'), ({(7407, 3, 220)}, -1.2249526543287022, 'baseline'), ({(7407, 3, 504)}, -1.4517581661623602, 'baseline')]",14,"[(7407, 8, 7410), (7407, 3, 6), (19562, 8, 7409), (14783, 11, 7869), (14783, 3, 6), (19562, 11, 7869), (7407, 8, 7409), (17218, 8, 7410), (10513, 11, 7869), (7407, 4, 169), (10513, 4, 169), (7869, 2, 68), (7407, 2, 68), (17218, 11, 7869)]",[1],"(7407, 11, 7869)",[8.217218],1.0,8.217218,1,7.057395
"[({(6300, 2, 171)}, -0.45143157598397005, 'baseline'), ({(6300, 1, 168)}, -0.502886630929422, 'baseline'), ({(6300, 2, 30)}, -0.8440474481088861, 'baseline'), ({(6300, 2, 31)}, -0.9317895731390634, 'baseline'), ({(6300, 3, 460)}, -1.0241208321248116, 'baseline'), ({(6300, 3, 715)}, -1.0612130370531356, 'baseline'), ({(6300, 3, 892)}, -1.0772342811660287, 'baseline'), ({(6300, 2, 266)}, -1.0857649208654339, 'baseline'), ({(6300, 2, 68)}, -1.1274279819677044, 'baseline'), ({(6300, 3, 40)}, -1.1933421380166243, 'baseline')]",15,"[(23877, 2, 31), (23877, 9, 8151), (19769, 9, 8151), (6300, 2, 30), (6300, 2, 171), (19769, 2, 30), (6300, 3, 460), (15376, 9, 8151), (6300, 1, 168), (24307, 9, 8151), (25418, 3, 460), (25418, 9, 8151), (6300, 2, 31), (24307, 2, 171), (15376, 1, 168)]",[1],"(6300, 9, 8151)",[7.506406],1.0,7.506406,2,8.371053
"[({(7125, 4, 66)}, -0.5193878327315897, 'baseline'), ({(7125, 2, 31)}, -0.7211236752122016, 'baseline'), ({(7125, 2, 68)}, -0.7945455778823711, 'baseline'), ({(7125, 3, 40)}, -0.976221971325088, 'baseline'), ({(7125, 2, 172)}, -1.0890348287702125, 'baseline'), ({(7125, 3, 39)}, -1.1030039387065806, 'baseline'), ({(7125, 3, 10)}, -1.2222133309810022, 'baseline'), ({(7125, 3, 220)}, -1.2249526543287022, 'baseline'), ({(7125, 3, 9)}, -1.3559412340351393, 'baseline'), ({(7125, 2, 1813)}, -1.4585341208408984, 'baseline')]",14,"[(22183, 11, 7869), (7125, 2, 68), (17502, 2, 172), (14783, 11, 7869), (22183, 4, 66), (7125, 2, 31), (17502, 11, 7869), (17218, 3, 40), (7869, 2, 68), (7125, 4, 66), (7125, 3, 40), (7125, 2, 172), (14783, 2, 31), (17218, 11, 7869)]",[3],"(7125, 11, 7869)",[4.5708923],3.0,4.5708923,2,5.6012373
"[({(4978, 1, 264)}, -0.7511404191072605, 'baseline'), ({(4978, 4, 924)}, -0.7735971253507785, 'baseline'), ({(4978, 2, 30)}, -0.8408972805738208, 'baseline'), ({(4978, 2, 31)}, -0.8666590951813049, 'baseline'), ({(4978, 3, 6)}, -1.0456030467013209, 'baseline'), ({(4978, 3, 40)}, -1.095141326383074, 'baseline'), ({(4978, 2, 171)}, -1.2019193544630524, 'baseline'), ({(4978, 3, 41)}, -1.2314876399811467, 'baseline'), ({(4978, 3, 75)}, -1.3529496406782793, 'baseline'), ({(4978, 3, 94)}, -1.365768927687621, 'baseline')]",12,"[(4978, 2, 30), (19806, 1, 264), (4978, 1, 264), (90, 2, 31), (90, 2, 30), (14186, 11, 90), (19806, 11, 90), (4978, 3, 6), (4978, 2, 31), (4978, 4, 924), (14186, 4, 924), (90, 3, 6)]",[1],"(4978, 11, 90)",[7.091424],1.0,7.091424,1,7.456912
"[({(7426, 1, 65)}, -0.5737185601860487, 'baseline'), ({(7426, 8, 7427)}, -0.7465728855842205, 'baseline'), ({(7426, 8, 7429)}, -0.7738509398031387, 'baseline'), ({(7426, 2, 30)}, -0.7740143138587857, 'baseline'), ({(7426, 2, 31)}, -0.7917664231976493, 'baseline'), ({(7426, 8, 7428)}, -1.0090628631055467, 'baseline'), ({(7426, 3, 39)}, -1.069716877351237, 'baseline'), ({(7426, 3, 40)}, -1.0869958045434958, 'baseline'), ({(7426, 3, 75)}, -1.2825029342508558, 'baseline'), ({(7426, 3, 666)}, -1.2945955622322982, 'baseline')]",13,"[(7426, 8, 7429), (19349, 8, 7429), (24904, 11, 8038), (25545, 11, 8038), (7426, 1, 65), (7426, 2, 31), (24904, 2, 31), (24904, 8, 7427), (19349, 11, 8038), (7426, 8, 7427), (25545, 1, 65), (7426, 2, 30), (8038, 2, 30)]",[2],"(7426, 11, 8038)",[5.328424],2.0,5.328424,1,6.6888194
"[({(6394, 3, 2586)}, -0.8777376628993477, 'baseline'), ({(6394, 3, 113)}, -0.9235716268569509, 'baseline'), ({(6394, 3, 2593)}, -0.9718648205874578, 'baseline'), ({(6394, 4, 66)}, -1.2908231897887474, 'baseline'), ({(6394, 3, 9)}, -1.298659187432198, 'baseline'), ({(6394, 2, 68)}, -1.3908824255664163, 'baseline'), ({(6394, 2, 31)}, -1.5066770256139697, 'baseline'), ({(6394, 3, 479)}, -1.5781764234599052, 'baseline'), ({(6394, 3, 476)}, -1.5975147464553254, 'baseline'), ({(6394, 3, 1839)}, -1.7029826898609919, 'baseline')]",13,"[(25102, 3, 2593), (6394, 3, 2586), (13565, 9, 3917), (25628, 3, 9), (25102, 3, 2586), (13565, 4, 66), (25628, 9, 3917), (6394, 3, 113), (25102, 3, 113), (25102, 9, 3917), (6394, 4, 66), (6394, 3, 9), (6394, 3, 2593)]",[2],"(6394, 9, 3917)",[7.0177784],2.0,7.0177784,1,8.089542
"[({(7868, 11, 7869)}, -0.6233433547542284, 'baseline'), ({(7868, 1, 65)}, -0.7240691431941377, 'baseline'), ({(7868, 2, 31)}, -1.017670126620552, 'baseline'), ({(7868, 4, 485)}, -1.0257696877191254, 'baseline'), ({(7868, 2, 30)}, -1.0578453310695162, 'baseline'), ({(7868, 3, 149)}, -1.2555066911710737, 'baseline'), ({(7868, 3, 6)}, -1.3561636939859727, 'baseline'), ({(7868, 3, 39)}, -1.3702379175361523, 'baseline'), ({(7868, 3, 649)}, -1.6252914266047749, 'baseline'), ({(7868, 3, 801)}, -1.657853124426406, 'baseline')]",13,"[(24968, 1, 65), (7868, 2, 30), (7868, 2, 31), (7868, 1, 65), (7868, 11, 7869), (10240, 11, 6729), (7882, 2, 31), (7882, 11, 6729), (24968, 11, 6729), (7868, 4, 485), (10240, 11, 7869), (24968, 2, 30), (7882, 4, 485)]",[3],"(7868, 11, 6729)",[6.2449236],3.0,6.2449236,1,7.079462
"[({(6115, 2, 31)}, -1.017667665122971, 'baseline'), ({(6115, 2, 68)}, -1.1720769555328745, 'baseline'), ({(6115, 2, 209)}, -1.1881144750413255, 'baseline'), ({(6115, 3, 149)}, -1.255501186317317, 'baseline'), ({(6115, 2, 132)}, -1.3372392469693104, 'baseline'), ({(6115, 3, 6)}, -1.3561636939859727, 'baseline'), ({(6115, 3, 212)}, -1.3617023198789018, 'baseline'), ({(6115, 3, 39)}, -1.3702408269815862, 'baseline'), ({(6115, 3, 227)}, -1.388505327521684, 'baseline'), ({(6115, 3, 213)}, -1.3917732404707657, 'baseline')]",12,"[(6115, 2, 132), (14726, 2, 132), (14726, 11, 6729), (6115, 2, 209), (7882, 2, 31), (7882, 3, 149), (7882, 11, 6729), (6115, 2, 31), (6729, 2, 209), (6115, 3, 149), (7882, 2, 68), (6115, 2, 68)]",[1],"(6115, 11, 6729)",[7.1000633],1.0,7.1000633,1,7.6898937
"[({(6263, 2, 729)}, -0.6477539407032153, 'baseline'), ({(6263, 3, 2702)}, -0.9133305376544201, 'baseline'), ({(6263, 3, 2034)}, -0.9218214338878937, 'baseline'), ({(6263, 1, 65)}, -1.0199455339387251, 'baseline'), ({(6263, 2, 68)}, -1.276015071604717, 'baseline'), ({(6263, 3, 78)}, -1.319942621037803, 'baseline'), ({(6263, 3, 10)}, -1.394996637988694, 'baseline'), ({(6263, 2, 31)}, -1.4045992129518279, 'baseline'), ({(6263, 3, 9)}, -1.4556244278385406, 'baseline'), ({(6263, 3, 41)}, -1.498887887690833, 'baseline')]",14,"[(20133, 9, 9452), (6263, 2, 729), (25510, 3, 2702), (15183, 1, 65), (6263, 3, 2034), (9452, 2, 68), (6263, 3, 2702), (25510, 9, 9452), (25501, 3, 2034), (6263, 2, 68), (20133, 2, 729), (15183, 9, 9452), (25501, 9, 9452), (6263, 1, 65)]",[4],"(6263, 9, 9452)",[6.1948757],4.0,6.1948757,1,7.2706003
"[({(5834, 2, 1166)}, -0.27230776521620115, 'baseline'), ({(5834, 2, 789)}, -0.4571950353772254, 'baseline'), ({(5834, 3, 1177)}, -0.9910571059794681, 'baseline'), ({(5834, 3, 1171)}, -1.0096864882335457, 'baseline'), ({(5834, 2, 31)}, -1.0154557499300696, 'baseline'), ({(5834, 2, 28)}, -1.082109187812327, 'baseline'), ({(5834, 2, 172)}, -1.1470656616363415, 'baseline'), ({(5834, 3, 40)}, -1.2499945629808669, 'baseline'), ({(5834, 3, 46)}, -1.2803750413595671, 'baseline'), ({(5834, 3, 6)}, -1.281619470345398, 'baseline')]",14,"[(25132, 3, 1177), (14803, 9, 1470), (5834, 2, 1166), (5834, 2, 31), (5834, 3, 1171), (5834, 3, 1177), (24435, 9, 1470), (25132, 9, 1470), (14803, 3, 1171), (5834, 2, 789), (13201, 9, 1470), (13201, 2, 789), (14803, 2, 31), (24435, 2, 1166)]",[1],"(5834, 9, 1470)",[7.1067524],1.0,7.1067524,1,8.630572
"[({(7610, 3, 1123)}, -0.6525003525257052, 'baseline'), ({(7610, 2, 68)}, -0.9245280597398733, 'baseline'), ({(7610, 3, 1339)}, -1.0543760234575748, 'baseline'), ({(7610, 3, 3734)}, -1.0563378922241706, 'baseline'), ({(7610, 2, 1189)}, -1.0689523462060389, 'baseline'), ({(7610, 3, 2221)}, -1.0761047715318113, 'baseline'), ({(7610, 3, 4088)}, -1.1577747488483607, 'baseline'), ({(7610, 3, 39)}, -1.2305389545301233, 'baseline'), ({(7610, 3, 9)}, -1.2421472324980507, 'baseline'), ({(7610, 3, 1281)}, -1.2728875024471396, 'baseline')]",13,"[(19496, 9, 7903), (7610, 2, 1189), (24615, 3, 1123), (24615, 9, 7903), (20901, 9, 7903), (7610, 3, 3734), (7903, 2, 1189), (7610, 3, 1339), (19496, 3, 3734), (24615, 2, 68), (20901, 3, 1339), (7610, 3, 1123), (7610, 2, 68)]",[1],"(7610, 9, 7903)",[8.964809],1.0,8.964809,1,9.556608
"[({(6766, 2, 2083)}, -0.29245679353372156, 'baseline'), ({(6766, 3, 629)}, -0.4165416013912463, 'baseline'), ({(6766, 2, 2082)}, -0.45607426285883246, 'baseline'), ({(6766, 3, 5562)}, -0.6793827066458733, 'baseline'), ({(6766, 3, 630)}, -0.774890841070013, 'baseline'), ({(6766, 3, 1417)}, -0.8519492871600043, 'baseline'), ({(6766, 3, 2905)}, -0.9067894211590072, 'baseline'), ({(6766, 1, 65)}, -1.2261566482801873, 'baseline'), ({(6766, 3, 479)}, -1.461265085105243, 'baseline'), ({(6766, 3, 220)}, -1.4860236903111872, 'baseline')]",13,"[(18126, 3, 630), (6766, 3, 630), (11980, 2, 2083), (14094, 9, 11980), (24095, 9, 11980), (18126, 9, 11980), (18126, 3, 629), (24095, 2, 2082), (6766, 2, 2083), (6766, 3, 629), (6766, 2, 2082), (6766, 3, 5562), (14094, 3, 5562)]",[1],"(6766, 9, 11980)",[6.844674],1.0,6.844674,1,8.600188
"[({(5067, 2, 31)}, -0.7718208570616821, 'baseline'), ({(5067, 2, 30)}, -0.7827948254358088, 'baseline'), ({(5067, 2, 68)}, -0.7896138934414325, 'baseline'), ({(5067, 3, 40)}, -1.0095256606329681, 'baseline'), ({(5067, 3, 6)}, -1.085315056304607, 'baseline'), ({(5067, 3, 10)}, -1.1274434591419107, 'baseline'), ({(5067, 3, 9)}, -1.1623042669518364, 'baseline'), ({(5067, 3, 41)}, -1.3037711067860454, 'baseline'), ({(5067, 3, 192)}, -1.4871839326307181, 'baseline'), ({(5067, 2, 27)}, -1.492574723334535, 'baseline')]",12,"[(7984, 2, 31), (15167, 2, 30), (5067, 3, 6), (15167, 11, 7984), (5067, 2, 31), (15167, 3, 6), (11495, 11, 7984), (7984, 2, 68), (5067, 2, 30), (5067, 3, 40), (11495, 3, 40), (5067, 2, 68)]",[3],"(5067, 11, 7984)",[4.4354706],3.0,4.4354706,1,5.666048
"[({(7628, 4, 66)}, -0.48510148342531645, 'baseline'), ({(7628, 3, 279)}, -0.5883533561289889, 'baseline'), ({(7628, 3, 40)}, -0.7167944367565814, 'baseline'), ({(7628, 2, 31)}, -0.7244139163187451, 'baseline'), ({(7628, 2, 30)}, -0.7286178225103251, 'baseline'), ({(7628, 3, 7)}, -0.7497811913790816, 'baseline'), ({(7628, 3, 6)}, -0.8312538759322047, 'baseline'), ({(7628, 8, 7410)}, -0.9040822826875, 'baseline'), ({(7628, 8, 7393)}, -0.9274750144581588, 'baseline'), ({(7628, 8, 7408)}, -0.9958229065713173, 'baseline')]",11,"[(7628, 3, 279), (21590, 4, 66), (21590, 12, 8676), (8676, 2, 31), (7628, 2, 31), (8676, 2, 30), (7628, 3, 40), (7628, 4, 66), (8676, 3, 279), (7628, 2, 30), (8676, 3, 40)]",[2],"(7628, 12, 8676)",[6.7755637],2.0,6.7755637,2,8.142027
"[({(5200, 2, 30)}, -0.6944813823597885, 'baseline'), ({(5200, 2, 31)}, -0.7211236752122016, 'baseline'), ({(5200, 1, 1054)}, -0.7874720354201947, 'baseline'), ({(5200, 2, 171)}, -1.0543610983116771, 'baseline'), ({(5200, 2, 266)}, -1.1904437546422386, 'baseline'), ({(5200, 3, 75)}, -1.2151733869946857, 'baseline'), ({(5200, 2, 1538)}, -1.568331567988933, 'baseline'), ({(5200, 3, 38)}, -1.6916564882726701, 'baseline'), ({(5200, 3, 1112)}, -1.7793266425828045, 'baseline'), ({(5200, 3, 706)}, -1.8242267418073341, 'baseline')]",13,"[(22183, 11, 7869), (5200, 1, 1054), (14783, 2, 171), (5200, 2, 266), (14783, 11, 7869), (18137, 11, 7869), (5200, 2, 31), (18137, 1, 1054), (22183, 2, 266), (14783, 2, 31), (5200, 2, 30), (14783, 2, 30), (5200, 2, 171)]",[1],"(5200, 11, 7869)",[6.642962],1.0,6.642962,2,6.3907385
"[({(6246, 4, 66)}, -0.6529196180609096, 'baseline'), ({(6246, 2, 30)}, -0.8408972805738208, 'baseline'), ({(6246, 2, 31)}, -0.8666613988236024, 'baseline'), ({(6246, 1, 1034)}, -1.0205232515578488, 'baseline'), ({(6246, 3, 6)}, -1.0456030467013209, 'baseline'), ({(6246, 3, 40)}, -1.0951363216840717, 'baseline'), ({(6246, 3, 149)}, -1.1896999151663799, 'baseline'), ({(6246, 2, 172)}, -1.2175477438186102, 'baseline'), ({(6246, 3, 91)}, -1.4148643130603122, 'baseline'), ({(6246, 3, 92)}, -1.4259814064150005, 'baseline')]",12,"[(18172, 1, 1034), (6246, 4, 66), (6246, 2, 31), (6246, 2, 30), (90, 2, 31), (90, 2, 30), (11884, 11, 90), (18172, 11, 90), (6246, 3, 6), (6246, 1, 1034), (11884, 4, 66), (90, 3, 6)]",[1],"(6246, 11, 90)",[6.155286],1.0,6.155286,1,6.5092406
"[({(5305, 3, 5315)}, -0.6884615789774702, 'baseline'), ({(5305, 3, 5314)}, -0.7142043000613145, 'baseline'), ({(5305, 3, 1952)}, -0.8653779200376852, 'baseline'), ({(5305, 3, 94)}, -0.9225474906665555, 'baseline'), ({(5305, 3, 5312)}, -1.249589652664598, 'baseline'), ({(5305, 3, 5313)}, -1.2850518738985592, 'baseline'), ({(5305, 3, 689)}, -1.3013366315272787, 'baseline'), ({(5305, 3, 285)}, -1.369060556915613, 'baseline'), ({(5305, 3, 41)}, -1.426564624149739, 'baseline')]",11,"[(5305, 3, 94), (9442, 12, 9444), (9444, 3, 5315), (9442, 3, 5312), (5305, 3, 5315), (5305, 3, 5312), (9444, 3, 5314), (9444, 3, 94), (9444, 3, 1952), (5305, 3, 1952), (5305, 3, 5314)]",[137],"(5305, 12, 9444)",[2.4253652],137.0,2.4253652,1,7.808302
"[({(4952, 2, 30)}, -0.6944813823597885, 'baseline'), ({(4952, 2, 31)}, -0.7211236752122016, 'baseline'), ({(4952, 1, 941)}, -0.9524407621456198, 'baseline'), ({(4952, 3, 75)}, -1.215181548262272, 'baseline'), ({(4952, 3, 38)}, -1.6916528341189385, 'baseline'), ({(4952, 3, 706)}, -1.8242227292493611, 'baseline'), ({(4952, 3, 176)}, -2.0126713295858454, 'baseline'), ({(4952, 3, 175)}, -2.2106863220890154, 'baseline'), ({(4952, 3, 36)}, -2.3055437447639524, 'baseline'), ({(4952, 3, 717)}, -2.3973252119468538, 'baseline')]",14,"[(22308, 11, 7869), (19562, 3, 75), (14783, 11, 7869), (19562, 11, 7869), (4952, 3, 38), (22308, 3, 38), (4952, 2, 31), (16127, 1, 941), (14783, 2, 31), (4952, 2, 30), (16127, 11, 7869), (4952, 3, 75), (14783, 2, 30), (4952, 1, 941)]",[1],"(4952, 11, 7869)",[5.5536623],1.0,5.5536623,1,5.530306
