facts,exp,new_score,prediction,new_rank,original_rank,new_scores,exp_length,new_ranks,original_score
"[({(5660, 109, 5014)}, -1.0185383499814231, 'baseline'), ({(5660, 116, 404)}, -1.206537577511652, 'baseline'), ({(5660, 12, 5014)}, -1.2323740018737106, 'baseline'), ({(5660, 186, 5014)}, -1.3991781437598951, 'baseline'), ({(5660, 31, 1314)}, -1.5044086477880407, 'baseline'), ({(1314, 2, 5660)}, -1.6286123065647375, 'baseline'), ({(5660, 84, 689)}, -1.665128257240835, 'baseline'), ({(404, 38, 5660)}, -1.7237397276004451, 'baseline'), ({(5660, 227, 10080)}, -1.7679859866185281, 'baseline'), ({(6750, 32, 5660)}, -1.8143408723818188, 'baseline')]","[(5660, 12, 5014), (462, 136, 5014), (5660, 31, 1314), (5660, 186, 5014), (1314, 2, 5979), (5660, 116, 404), (462, 136, 6402), (5979, 155, 6402), (462, 116, 404), (5660, 109, 5014)]",6.6251707,"(5660, 136, 6402)",1.0,1,[6.6251707],10,[1],6.9425015
"[({(2258, 26, 64)}, -0.5774834375251283, 'baseline'), ({(2258, 26, 1098)}, -0.6065373028973163, 'baseline'), ({(2258, 26, 342)}, -0.6492534960569688, 'baseline'), ({(2258, 31, 658)}, -0.7944744342126328, 'baseline'), ({(2258, 86, 1283)}, -1.0377997328981743, 'baseline'), ({(2258, 31, 466)}, -1.055010701722703, 'baseline'), ({(2258, 84, 7557)}, -1.4930330471748108, 'baseline'), ({(2037, 6, 2258)}, -1.6531396372257783, 'baseline'), ({(1174, 102, 2258)}, -1.7031765854736318, 'baseline'), ({(1174, 38, 2258)}, -1.751329322864225, 'baseline')]","[(11264, 51, 160), (2258, 26, 342), (2258, 86, 1283), (13009, 86, 1283), (13009, 26, 1098), (11264, 107, 658), (13009, 26, 342), (2258, 26, 64), (2258, 31, 658), (5849, 26, 64), (2258, 26, 1098), (5849, 14, 160), (13009, 14, 160)]",8.173195,"(2258, 14, 160)",1.0,1,[8.173195],13,[1],8.303699
"[({(3742, 34, 90)}, -0.7856844127115531, 'baseline'), ({(3742, 31, 4)}, -1.1129407416312118, 'baseline'), ({(3742, 26, 342)}, -1.1728958206716162, 'baseline'), ({(3742, 86, 482)}, -2.427641553840093, 'baseline'), ({(3742, 116, 3625)}, -2.6437116167850494, 'baseline'), ({(3742, 30, 3624)}, -2.8205294961248475, 'baseline'), ({(268, 32, 3742)}, -3.1511215179443015, 'baseline'), ({(3742, 12, 482)}, -3.422924120630948, 'baseline'), ({(482, 32, 3742)}, -3.936838996660011, 'baseline'), ({(3742, 106, 7132)}, -3.95008211912773, 'baseline')]","[(3742, 34, 90), (10201, 25, 62), (3742, 116, 3625), (3742, 86, 482), (90, 25, 62), (3742, 26, 342), (418, 25, 62), (10201, 107, 4), (482, 25, 62), (3625, 25, 62), (3742, 31, 4), (418, 26, 342)]",4.1544375,"(3742, 25, 62)",1.0,1,[4.1544375],12,[1],3.8423574
"[({(10634, 48, 32)}, 0.2485073304544947, 'baseline'), ({(10634, 17, 818)}, -0.2584558186047533, 'baseline'), ({(10634, 17, 1730)}, -0.6946359401533804, 'baseline'), ({(10634, 19, 1654)}, -1.027311746515836, 'baseline'), ({(10634, 17, 1753)}, -1.5370876065016847, 'baseline'), ({(10634, 19, 7778)}, -2.0747036896686857, 'baseline'), ({(5439, 155, 10634)}, -2.3937989687415446, 'baseline'), ({(7487, 27, 10634)}, -2.4939220051250377, 'baseline'), ({(10634, 3, 3199)}, -2.520820703560314, 'baseline'), ({(881, 8, 10634)}, -3.2622527330810973, 'baseline')]","[(14350, 48, 32), (10634, 17, 818), (14350, 43, 141), (12424, 43, 141), (13109, 43, 141), (10634, 17, 1753), (12849, 43, 141), (10634, 17, 1730), (11106, 43, 141), (11106, 19, 1654), (10634, 48, 32), (12424, 17, 818), (13109, 17, 1730), (12849, 17, 1753), (10634, 19, 1654)]",5.5647016,"(10634, 43, 141)",1.0,1,[5.5647016],15,[1],7.3984365
"[({(1445, 148, 7018)}, -0.5808107562872531, 'baseline'), ({(1445, 148, 4653)}, -0.5881186486800298, 'baseline'), ({(1445, 148, 6025)}, -0.6158133387258574, 'baseline'), ({(1445, 148, 1264)}, -0.6175119536797761, 'baseline'), ({(1445, 148, 4599)}, -0.6204127222934801, 'baseline'), ({(1445, 148, 1922)}, -0.6353698489351366, 'baseline'), ({(1445, 148, 2861)}, -0.6466059757249453, 'baseline'), ({(1445, 148, 1449)}, -0.6485216384641755, 'baseline'), ({(1080, 54, 1445)}, -1.6530936661476359, 'baseline'), ({(1445, 133, 1080)}, -1.6606934611764834, 'baseline')]","[(1445, 148, 6025), (1445, 148, 7018), (1445, 148, 1264), (6025, 231, 9623), (9623, 231, 4599), (1264, 231, 9623), (1445, 148, 4599), (9623, 231, 7018), (1445, 148, 4653), (4653, 231, 9623)]",6.999976,"(1445, 148, 9623)",1.0,1,[6.999976],10,[1],7.140051
"[({(7412, 34, 90)}, -0.14797445956809563, 'baseline'), ({(7412, 13, 382)}, -0.958713437745085, 'baseline'), ({(7412, 13, 119)}, -1.168588855383015, 'baseline'), ({(7412, 13, 158)}, -1.2008705314338566, 'baseline'), ({(7412, 13, 1934)}, -1.2204697719557671, 'baseline'), ({(7412, 86, 1485)}, -1.2470055087322907, 'baseline'), ({(7412, 13, 1046)}, -1.256183737755328, 'baseline'), ({(7412, 136, 4283)}, -1.3600086280661698, 'baseline'), ({(1964, 102, 7412)}, -1.627027361051663, 'baseline'), ({(9418, 6, 7412)}, -1.6896287450300975, 'baseline')]","[(11144, 198, 160), (160, 70, 382), (7412, 34, 90), (10682, 48, 119), (10682, 100, 160), (12902, 198, 160), (7412, 13, 158), (160, 70, 158), (11144, 150, 1934), (7412, 13, 119), (12902, 129, 90), (7412, 13, 382), (7412, 13, 1934)]",8.881491,"(7412, 14, 160)",1.0,1,[8.881491],13,[1],8.902123
"[({(7435, 35, 6615)}, -1.0487747075581677, 'baseline'), ({(7435, 35, 7125)}, -1.0657570657459052, 'baseline'), ({(7435, 35, 4507)}, -1.078706856836193, 'baseline'), ({(7435, 35, 1551)}, -1.0892930237798992, 'baseline'), ({(7435, 35, 611)}, -1.1104448718833642, 'baseline'), ({(7435, 35, 3408)}, -1.1174156421451165, 'baseline'), ({(7435, 35, 3796)}, -1.1375929083726868, 'baseline'), ({(7435, 35, 1234)}, -1.1562812936881144, 'baseline'), ({(7434, 64, 7435)}, -1.2815073411733535, 'baseline'), ({(4518, 64, 7435)}, -1.3107501138485804, 'baseline')]","[(6615, 58, 7238), (7435, 35, 7125), (7435, 35, 1551), (12431, 35, 4507), (7125, 18, 11269), (12431, 35, 611), (7435, 35, 4507), (7435, 35, 611), (12431, 35, 7238), (7435, 35, 6615), (7238, 18, 11269), (12431, 35, 1551)]",6.8016653,"(7435, 35, 7238)",2.0,1,[6.8016653],12,[2],6.9823084
"[({(1329, 13, 75)}, -1.2292395498463706, 'baseline'), ({(1329, 13, 449)}, -1.2386345011956432, 'baseline'), ({(1329, 13, 331)}, -1.2386454659063781, 'baseline'), ({(1329, 13, 92)}, -1.2402146787781791, 'baseline'), ({(1329, 13, 834)}, -1.2447628556861516, 'baseline'), ({(1329, 13, 2282)}, -1.251138044754759, 'baseline'), ({(1329, 13, 1046)}, -1.2631989055313961, 'baseline'), ({(1329, 13, 1405)}, -1.2807841703348053, 'baseline'), ({(1329, 13, 1302)}, -1.288310874849181, 'baseline'), ({(1329, 13, 637)}, -1.3057285504302976, 'baseline')]","[(1329, 13, 449), (11033, 37, 834), (1163, 152, 75), (1329, 13, 92), (1329, 13, 834), (1329, 13, 75), (92, 152, 1163), (1163, 152, 331), (449, 152, 1163), (11033, 37, 1163), (1329, 13, 331)]",5.921736,"(1329, 13, 1163)",4.0,1,[5.921736],11,[4],5.9050293
"[({(409, 123, 1893)}, -1.7330415146498994, 'baseline'), ({(409, 8, 1440)}, -1.9260777481584874, 'baseline'), ({(409, 8, 6036)}, -1.9795528726547127, 'baseline'), ({(409, 8, 1061)}, -1.9948446897581118, 'baseline'), ({(409, 8, 8871)}, -2.1009550503581345, 'baseline'), ({(409, 8, 2381)}, -2.2691549069675836, 'baseline'), ({(1027, 192, 409)}, -2.3551951393026105, 'baseline'), ({(2380, 8, 409)}, -2.4419722302543625, 'baseline'), ({(3039, 8, 409)}, -2.493191381527371, 'baseline'), ({(8646, 77, 409)}, -2.500994232606057, 'baseline')]","[(1061, 17, 862), (409, 8, 1061), (6036, 17, 862), (8871, 17, 862), (409, 8, 1440), (409, 8, 6036), (409, 8, 8871), (409, 123, 1893), (1440, 17, 862), (1893, 17, 862)]",6.9867926,"(409, 17, 862)",1.0,1,[6.9867926],10,[1],6.73506
"[({(12882, 133, 10174)}, 4.387940274786015, 'baseline'), ({(1748, 83, 12882)}, 3.0563128700203777, 'baseline'), ({(10174, 54, 12882)}, -2.7333944255643683, 'baseline'), ({(10174, 144, 12882)}, -2.9139376550874947, 'baseline'), ({(10174, 15, 12882)}, -2.945017234808155, 'baseline'), ({(12882, 135, 10174)}, -4.110483379003394, 'baseline')]","[(1748, 83, 12882), (10198, 25, 62), (1748, 25, 62), (10174, 54, 12882), (10174, 144, 12882), (12882, 133, 10174), (10174, 15, 10198), (10174, 15, 12882)]",9.953467,"(12882, 25, 62)",1.0,1,[9.953467],8,[1],6.162185
"[({(7706, 48, 32)}, -0.651661854483936, 'baseline'), ({(7706, 17, 60)}, -0.7380289427175528, 'baseline'), ({(7706, 41, 212)}, -0.9884621945697526, 'baseline'), ({(7706, 41, 310)}, -1.1929602249395048, 'baseline'), ({(138, 42, 7706)}, -1.2640315738490078, 'baseline'), ({(985, 42, 7706)}, -1.362636537417697, 'baseline'), ({(7706, 138, 11268)}, -1.5163712022966538, 'baseline'), ({(1374, 20, 7706)}, -1.5910977304727953, 'baseline'), ({(7706, 21, 4936)}, -1.6291340662020066, 'baseline'), ({(972, 22, 7706)}, -1.7183384159385549, 'baseline')]","[(13130, 41, 310), (13130, 17, 1002), (138, 42, 7706), (9812, 17, 1002), (9812, 17, 60), (9411, 41, 138), (7706, 17, 60), (9380, 48, 32), (7706, 48, 32), (9411, 17, 1002), (7706, 41, 212), (9757, 17, 1002), (9380, 17, 1002), (7706, 41, 310), (212, 42, 9757)]",7.713657,"(7706, 17, 1002)",1.0,1,[7.713657],15,[1],8.005735
"[({(2494, 48, 32)}, 0.34546700687952075, 'baseline'), ({(2494, 48, 1080)}, -0.613590289517085, 'baseline'), ({(2494, 24, 1445)}, -1.33965821864998, 'baseline'), ({(2494, 45, 4028)}, -1.5837353905095928, 'baseline'), ({(2500, 192, 2494)}, -1.8022786717964703, 'baseline'), ({(2494, 8, 360)}, -2.0148467517918656, 'baseline'), ({(2494, 192, 2500)}, -2.0315255846951, 'baseline'), ({(2494, 102, 5311)}, -2.1680412582583988, 'baseline'), ({(2494, 38, 5311)}, -2.1684347248213243, 'baseline'), ({(5700, 84, 2494)}, -2.2076052617279953, 'baseline')]","[(434, 161, 32), (2500, 85, 434), (2494, 45, 4028), (434, 161, 1445), (2500, 192, 2494), (2494, 48, 32), (2494, 48, 1080), (434, 161, 1080), (4028, 85, 434), (2494, 24, 1445)]",7.919627,"(2494, 85, 434)",1.0,1,[7.919627],10,[1],8.090952
"[({(5672, 34, 90)}, -0.5734165417875511, 'baseline'), ({(5672, 14, 160)}, -0.5774813529124762, 'baseline'), ({(5672, 28, 32)}, -0.6088706103449888, 'baseline'), ({(5672, 26, 1098)}, -0.650965442733516, 'baseline'), ({(5672, 26, 1960)}, -0.7853895440123209, 'baseline'), ({(5672, 106, 592)}, -0.9474308608607731, 'baseline'), ({(5672, 26, 2948)}, -0.9847236722607025, 'baseline'), ({(5672, 31, 1211)}, -0.986913955422448, 'baseline'), ({(5672, 31, 470)}, -1.1042098855403168, 'baseline'), ({(5672, 84, 5506)}, -1.5924277758285421, 'baseline')]","[(5672, 14, 160), (13009, 26, 1960), (5672, 26, 1960), (13009, 26, 1098), (5672, 26, 1098), (13009, 34, 90), (5849, 28, 32), (5672, 28, 32), (5849, 26, 64), (13009, 26, 64), (5849, 14, 160), (5672, 34, 90)]",7.1724105,"(5672, 26, 64)",2.0,1,[7.1724105],12,[2],7.616864
"[({(3350, 85, 434)}, 0.34546700687952075, 'baseline'), ({(3350, 43, 384)}, -0.07307245734674764, 'baseline'), ({(3350, 17, 862)}, -0.1445132581060205, 'baseline'), ({(3350, 24, 1327)}, -0.44501032002733126, 'baseline'), ({(3350, 17, 1002)}, -0.6516597676742595, 'baseline'), ({(3350, 17, 1192)}, -0.7203915808074006, 'baseline'), ({(3350, 77, 186)}, -1.5402600799159225, 'baseline'), ({(3350, 6, 4497)}, -1.6223866132184588, 'baseline'), ({(3350, 164, 2810)}, -1.6563854068575667, 'baseline'), ({(3350, 6, 6439)}, -1.7013921480776386, 'baseline')]","[(8188, 48, 32), (3350, 85, 434), (434, 161, 32), (12820, 17, 862), (10159, 48, 32), (3350, 24, 1327), (12820, 48, 32), (3350, 17, 862), (32, 15, 1327), (3350, 17, 1002), (8188, 43, 384), (3350, 43, 384), (10159, 17, 1002)]",6.475954,"(3350, 48, 32)",1.0,1,[6.475954],13,[1],8.392536
"[({(6933, 15, 5570)}, 5.284505075576748, 'baseline'), ({(6933, 133, 1124)}, -0.8532622223547772, 'baseline'), ({(6933, 135, 382)}, -0.9898835971545042, 'baseline'), ({(6933, 154, 5054)}, -1.33855693647791, 'baseline'), ({(1124, 15, 6933)}, -2.5387216259465775, 'baseline'), ({(6933, 94, 1495)}, -2.5624828400974913, 'baseline'), ({(382, 15, 6933)}, -2.6695447429243715, 'baseline'), ({(6933, 94, 6918)}, -2.892768939206983, 'baseline'), ({(434, 161, 6933)}, -3.165609172253856, 'baseline')]","[(382, 15, 14394), (1908, 25, 62), (6933, 135, 382), (6933, 133, 1124), (1124, 15, 13902), (1124, 15, 6933), (6933, 154, 5054), (13123, 25, 62), (14394, 25, 62), (13902, 25, 62), (5570, 22, 1908), (6933, 15, 5570), (13123, 154, 5054)]",6.0759406,"(6933, 25, 62)",1.0,1,[6.0759406],13,[1],5.3587217
"[({(10762, 154, 2620)}, -1.14534344147608, 'baseline'), ({(1080, 15, 10762)}, -2.4792012949258635, 'baseline'), ({(10762, 62, 7983)}, -2.6387670624836104, 'baseline'), ({(7983, 15, 10762)}, -3.5437620272761388, 'baseline')]","[(1080, 15, 12003), (10762, 62, 7983), (1080, 15, 10762), (12003, 25, 62), (7983, 25, 62), (10958, 25, 62), (7983, 15, 10762), (10958, 154, 2620), (10762, 154, 2620)]",21.885656,"(10762, 25, 62)",1.0,1,[21.885656],9,[1],7.438649
"[({(1892, 28, 32)}, -0.6299566824354677, 'baseline'), ({(1892, 26, 990)}, -0.6843530520993574, 'baseline'), ({(1892, 26, 1881)}, -0.8009689931605535, 'baseline'), ({(1892, 26, 1960)}, -0.8407592085694936, 'baseline'), ({(1892, 116, 527)}, -1.2039624433558265, 'baseline'), ({(1892, 84, 1917)}, -1.4613430183363239, 'baseline'), ({(1892, 84, 8064)}, -1.7089106719776523, 'baseline'), ({(326, 6, 1892)}, -1.8446823485485029, 'baseline'), ({(2937, 6, 1892)}, -1.848401231812377, 'baseline'), ({(1892, 97, 5651)}, -1.8979170930421532, 'baseline')]","[(13009, 26, 1960), (13009, 26, 1098), (1892, 26, 1881), (1892, 28, 32), (643, 26, 1098), (1892, 116, 527), (1892, 26, 990), (13009, 26, 1881), (13009, 13, 32), (13009, 26, 990), (643, 116, 527), (1892, 26, 1960)]",6.8858232,"(1892, 26, 1098)",1.0,1,[6.8858232],12,[1],7.2906313
"[({(6342, 13, 202)}, -1.1591435028039723, 'baseline'), ({(6342, 13, 834)}, -1.197837312454561, 'baseline'), ({(6342, 13, 1046)}, -1.2039355726922631, 'baseline'), ({(6342, 13, 1934)}, -1.2049646528527131, 'baseline'), ({(6342, 13, 27)}, -1.2147951177090381, 'baseline'), ({(6342, 13, 2282)}, -1.2193020507117636, 'baseline'), ({(6342, 13, 119)}, -1.2479242956041614, 'baseline'), ({(6342, 13, 92)}, -1.2587838889303873, 'baseline'), ({(6342, 13, 2410)}, -1.2905272598177837, 'baseline'), ({(6342, 13, 1361)}, -1.2936044211757427, 'baseline')]","[(6342, 13, 834), (6342, 13, 27), (6342, 13, 1046), (10791, 13, 27), (1682, 58, 202), (1682, 152, 834), (6076, 29, 1934), (10546, 13, 1046), (10546, 13, 1682), (6342, 13, 202), (6076, 29, 1682), (10791, 13, 1682), (6342, 13, 1934)]",5.633364,"(6342, 13, 1682)",6.0,1,[5.633364],13,[6],5.9206314
"[({(12508, 43, 141)}, -0.7143729006555778, 'baseline'), ({(12508, 17, 60)}, -0.7500196922373786, 'baseline'), ({(12508, 17, 1002)}, -0.7543605136383137, 'baseline'), ({(12508, 17, 2424)}, -0.9298404247114788, 'baseline'), ({(12508, 41, 138)}, -1.0518543173893775, 'baseline'), ({(12508, 41, 139)}, -1.2322239472391783, 'baseline'), ({(138, 42, 12508)}, -1.3665963743248237, 'baseline'), ({(1374, 20, 12508)}, -1.5248650699026876, 'baseline'), ({(2815, 20, 12508)}, -1.652104005055096, 'baseline'), ({(7160, 20, 12508)}, -1.7115138927850597, 'baseline')]","[(12508, 17, 60), (10685, 17, 2123), (7323, 17, 2123), (12508, 17, 1002), (138, 42, 5203), (5203, 17, 2123), (10685, 17, 2424), (2123, 181, 1002), (12508, 17, 2424), (7323, 43, 141), (8666, 17, 60), (12508, 43, 141), (8666, 17, 2123), (12508, 41, 138)]",5.6950517,"(12508, 17, 2123)",3.0,1,[5.6950517],14,[3],6.6341934
"[({(2457, 34, 90)}, -0.9851813056497452, 'baseline'), ({(2457, 28, 32)}, -1.0632388653886347, 'baseline'), ({(2457, 13, 1080)}, -1.1877336258585542, 'baseline'), ({(2457, 13, 637)}, -1.2084267939800717, 'baseline'), ({(2457, 13, 32)}, -1.2397516936740953, 'baseline'), ({(2457, 13, 181)}, -1.2426053066331935, 'baseline'), ({(2457, 13, 119)}, -1.2809214689378188, 'baseline'), ({(2457, 13, 1046)}, -1.3533792186299958, 'baseline'), ({(2457, 13, 308)}, -1.3635065318108313, 'baseline'), ({(2457, 13, 853)}, -1.4103374950149108, 'baseline')]","[(2457, 28, 32), (2457, 13, 32), (2457, 34, 90), (2457, 13, 1080), (637, 152, 382), (11609, 150, 1080), (11609, 150, 382), (382, 218, 32), (382, 234, 90), (2457, 13, 637)]",5.9261713,"(2457, 13, 382)",4.0,1,[5.9261713],10,[4],6.046425
"[({(7327, 85, 434)}, -0.23925192612386595, 'baseline'), ({(7327, 43, 141)}, -0.26448962887694594, 'baseline'), ({(7327, 48, 32)}, -0.4379199708943294, 'baseline'), ({(7327, 17, 393)}, -0.5184031345230768, 'baseline'), ({(7327, 100, 160)}, -0.5466046685827229, 'baseline'), ({(7327, 17, 862)}, -0.6257346102383828, 'baseline'), ({(7327, 82, 1771)}, -0.6467962402120636, 'baseline'), ({(7327, 19, 2998)}, -1.5692774594023993, 'baseline'), ({(7327, 19, 1974)}, -1.7215664112596916, 'baseline'), ({(53, 22, 7327)}, -1.7414569448294548, 'baseline')]","[(7327, 48, 32), (13109, 48, 32), (7327, 100, 160), (13205, 17, 393), (7327, 43, 141), (13109, 17, 215), (13205, 43, 141), (4848, 17, 215), (13205, 17, 215), (7327, 17, 393), (9660, 85, 434), (4848, 100, 160), (9660, 17, 215), (7327, 85, 434)]",5.585817,"(7327, 17, 215)",1.0,1,[5.585817],14,[1],6.6937075
"[({(1127, 10, 6066)}, -0.7846758469467328, 'baseline'), ({(1127, 10, 4121)}, -0.8013994152238872, 'baseline'), ({(1127, 10, 468)}, -0.8148360090656246, 'baseline'), ({(670, 19, 1127)}, -1.4381002379757954, 'baseline'), ({(1127, 7, 1608)}, -1.6266800414707183, 'baseline'), ({(1127, 47, 670)}, -1.6412337199207743, 'baseline'), ({(1127, 7, 2758)}, -1.6602244463237976, 'baseline'), ({(1127, 7, 296)}, -1.6628273041427755, 'baseline'), ({(1127, 7, 4600)}, -1.6928984952899946, 'baseline'), ({(1127, 7, 440)}, -1.6948799249926059, 'baseline')]","[(1127, 7, 1608), (5136, 10, 468), (1127, 10, 6066), (2003, 10, 6315), (5136, 10, 6315), (6315, 27, 670), (1127, 10, 4121), (5136, 10, 6066), (2003, 7, 1608), (1127, 10, 468), (670, 19, 1127), (5136, 10, 4121)]",5.8493824,"(1127, 10, 6315)",7.0,1,[5.8493824],12,[7],6.301168
"[({(8758, 19, 4418)}, -0.7296062002893272, 'baseline'), ({(8758, 6, 4975)}, -1.1652176725400425, 'baseline'), ({(8758, 82, 8686)}, -1.3086361205440993, 'baseline'), ({(8758, 48, 1928)}, -1.460613041668433, 'baseline'), ({(8758, 43, 141)}, -1.5010555167606112, 'baseline'), ({(7015, 192, 8758)}, -1.5019259558632578, 'baseline'), ({(8758, 192, 7015)}, -1.506201924437529, 'baseline'), ({(11663, 165, 8758)}, -1.578580018842705, 'baseline'), ({(8758, 82, 8759)}, -1.5979848381074049, 'baseline'), ({(8758, 17, 862)}, -1.8559018516284829, 'baseline')]","[(9890, 43, 141), (8758, 19, 4418), (8758, 6, 4975), (13176, 19, 1724), (9918, 19, 4418), (1724, 7, 4975), (9890, 19, 1724), (13176, 48, 1928), (8758, 82, 8686), (8758, 43, 141), (1724, 47, 9918), (9918, 82, 8686), (8758, 48, 1928)]",6.1661935,"(8758, 19, 1724)",2.0,1,[6.1661935],13,[2],7.7758446
"[({(9376, 124, 2846)}, -0.5859404705202935, 'baseline'), ({(9376, 61, 2940)}, -0.9694932989411412, 'baseline'), ({(9376, 61, 3360)}, -1.4555684836670784, 'baseline'), ({(9376, 166, 5422)}, -1.549268877864189, 'baseline'), ({(9376, 101, 6590)}, -1.5596191730573241, 'baseline'), ({(9376, 108, 5422)}, -1.593528077362454, 'baseline'), ({(3830, 63, 9376)}, -2.337628149043961, 'baseline'), ({(9376, 101, 8681)}, -2.4070792340407876, 'baseline')]","[(13973, 25, 62), (5611, 25, 62), (5611, 101, 6590), (9376, 101, 6590), (12908, 124, 2846), (9376, 61, 2940), (13973, 95, 3360), (13973, 95, 2940), (12908, 25, 62), (9376, 166, 5422), (5422, 25, 62), (9376, 124, 2846), (9376, 61, 3360)]",6.933482,"(9376, 25, 62)",1.0,1,[6.933482],13,[1],7.0566015
"[({(1658, 34, 90)}, -0.6382969834918959, 'baseline'), ({(1658, 28, 32)}, -0.6794168861302182, 'baseline'), ({(1658, 26, 342)}, -0.698184636944346, 'baseline'), ({(1658, 31, 4)}, -0.9090407478727863, 'baseline'), ({(1658, 31, 657)}, -1.1827445930397715, 'baseline'), ({(1658, 31, 1130)}, -1.5316949480549915, 'baseline'), ({(3552, 6, 1658)}, -1.8802805701969518, 'baseline'), ({(4362, 6, 1658)}, -1.8841892348122884, 'baseline'), ({(982, 7, 1658)}, -1.9519794470143352, 'baseline'), ({(9608, 6, 1658)}, -1.9708352596959655, 'baseline')]","[(1658, 31, 657), (1658, 26, 342), (13009, 31, 4), (1658, 31, 4), (2114, 31, 657), (13009, 26, 342), (1658, 34, 90), (13009, 13, 32), (13009, 26, 990), (9470, 26, 990), (1658, 28, 32), (2114, 26, 990), (9470, 34, 90)]",6.3586545,"(1658, 26, 990)",1.0,1,[6.3586545],13,[1],6.9488378
"[({(3577, 66, 3796)}, -1.2852457735438336, 'baseline'), ({(4877, 22, 3577)}, -1.5948534915252413, 'baseline'), ({(3577, 38, 364)}, -1.8025532794520414, 'baseline'), ({(3577, 6, 5432)}, -1.8759938172762438, 'baseline'), ({(3577, 66, 4986)}, -1.9750086049269275, 'baseline'), ({(3577, 8, 988)}, -2.2208876482121997, 'baseline'), ({(3577, 8, 2380)}, -2.3803869306940326, 'baseline'), ({(3577, 3, 2891)}, -2.414277964422457, 'baseline'), ({(3577, 3, 6082)}, -2.6085650249148316, 'baseline'), ({(6081, 8, 3577)}, -2.620690146377107, 'baseline')]","[(4877, 16, 32), (364, 185, 32), (5432, 13, 32), (4986, 133, 32), (3577, 66, 3796), (32, 15, 3796), (3577, 38, 364), (4877, 22, 3577), (3577, 6, 5432), (3577, 66, 4986)]",6.3002048,"(3577, 48, 32)",1.0,1,[6.3002048],10,[1],6.6759186
"[({(2016, 196, 4688)}, -1.5138404224295645, 'baseline'), ({(2016, 45, 4688)}, -1.811075599840581, 'baseline'), ({(792, 8, 2016)}, -1.9287478406974017, 'baseline'), ({(2016, 8, 4325)}, -1.932920655509404, 'baseline'), ({(2016, 3, 4325)}, -1.9868123387841248, 'baseline'), ({(4325, 8, 2016)}, -2.007919975851042, 'baseline'), ({(1920, 21, 2016)}, -2.032796253342413, 'baseline'), ({(4325, 3, 2016)}, -2.0409012780925657, 'baseline'), ({(7578, 8, 2016)}, -2.062305119037757, 'baseline'), ({(8501, 164, 2016)}, -2.0875241954396766, 'baseline')]","[(792, 17, 60), (792, 8, 2016), (2016, 8, 4325), (2016, 196, 4688), (2016, 45, 4688), (2016, 3, 4325), (4688, 17, 60), (4325, 17, 60)]",6.5235305,"(2016, 17, 60)",1.0,1,[6.5235305],8,[1],6.498813
"[({(5605, 17, 1192)}, -0.752828901712777, 'baseline'), ({(5605, 45, 7550)}, -1.70154926863546, 'baseline'), ({(5605, 123, 3441)}, -1.778493144163137, 'baseline'), ({(5605, 77, 1686)}, -1.8276669538395849, 'baseline'), ({(5605, 123, 8435)}, -1.8350391554792747, 'baseline'), ({(5605, 45, 5293)}, -1.9108339605639855, 'baseline'), ({(5605, 77, 5293)}, -1.9173733350320064, 'baseline'), ({(5605, 123, 1471)}, -2.0113604317908953, 'baseline'), ({(5605, 77, 4684)}, -2.0319443183498676, 'baseline'), ({(5605, 45, 5194)}, -2.0969941228662172, 'baseline')]","[(5605, 77, 1686), (1686, 17, 862), (1192, 181, 862), (5605, 123, 8435), (7550, 17, 862), (5605, 17, 1192), (8435, 17, 862), (5605, 45, 7550), (5605, 123, 3441), (3441, 17, 862)]",6.390821,"(5605, 17, 862)",1.0,1,[6.390821],10,[1],6.5098124
"[({(7019, 14, 160)}, -0.12417888827166745, 'baseline'), ({(7019, 26, 64)}, -0.4716819328207765, 'baseline'), ({(7019, 26, 1098)}, -0.49864509201401896, 'baseline'), ({(7019, 26, 342)}, -0.5381091143286157, 'baseline'), ({(7019, 31, 163)}, -0.6179121461259498, 'baseline'), ({(7019, 26, 1881)}, -0.6597489442100437, 'baseline'), ({(7019, 28, 1080)}, -0.8063375978783613, 'baseline'), ({(7019, 31, 84)}, -0.905386592614615, 'baseline'), ({(7019, 184, 6110)}, -0.9085749258296417, 'baseline'), ({(7019, 28, 158)}, -1.0154239884248957, 'baseline')]","[(7019, 26, 1098), (8471, 11, 23), (2114, 26, 1098), (7019, 26, 342), (7019, 14, 160), (5849, 11, 23), (5472, 26, 342), (8471, 31, 163), (10359, 14, 160), (5472, 11, 23), (5849, 26, 64), (2114, 11, 23), (10359, 11, 23), (7019, 26, 64), (7019, 31, 163)]",8.836364,"(7019, 11, 23)",1.0,1,[8.836364],15,[1],8.85631
"[({(868, 34, 90)}, -0.6324874509515077, 'baseline'), ({(868, 14, 160)}, -0.6492577995174423, 'baseline'), ({(868, 28, 32)}, -0.6739769407616731, 'baseline'), ({(868, 26, 1098)}, -0.695003074972811, 'baseline'), ({(868, 26, 64)}, -0.6972368869898686, 'baseline'), ({(868, 28, 382)}, -0.9590657314315193, 'baseline'), ({(868, 14, 5334)}, -1.0691779330710385, 'baseline'), ({(868, 106, 249)}, -1.1488259686660076, 'baseline'), ({(868, 26, 3054)}, -1.3586478498502077, 'baseline'), ({(868, 13, 637)}, -1.411247927778747, 'baseline')]","[(13009, 26, 1098), (13009, 26, 342), (9470, 26, 342), (868, 28, 32), (13009, 13, 32), (868, 14, 160), (868, 26, 64), (13009, 26, 64), (868, 34, 90), (13009, 14, 160), (868, 26, 1098), (9470, 34, 90)]",7.3643713,"(868, 26, 342)",1.0,1,[7.3643713],12,[1],7.565317
"[({(3116, 14, 160)}, -0.12417888827166745, 'baseline'), ({(3116, 31, 4)}, -0.4577755824684077, 'baseline'), ({(3116, 13, 32)}, -0.4668899685119985, 'baseline'), ({(3116, 30, 1501)}, -1.3179834530026657, 'baseline'), ({(3116, 31, 7999)}, -1.4938990663845586, 'baseline'), ({(1642, 32, 3116)}, -1.6163833105959153, 'baseline'), ({(467, 7, 3116)}, -1.7779454890469626, 'baseline'), ({(3116, 109, 6850)}, -1.8190704414410586, 'baseline'), ({(1250, 7, 3116)}, -1.8695643405869706, 'baseline'), ({(7999, 2, 3116)}, -1.9436144346179172, 'baseline')]","[(3116, 14, 160), (3116, 31, 7999), (3644, 11, 23), (10359, 14, 160), (3116, 30, 1501), (10679, 11, 23), (1501, 7, 3644), (9520, 11, 23), (10648, 31, 7999), (3116, 31, 4), (9520, 31, 4), (3116, 13, 32), (10359, 11, 23), (10648, 11, 23), (10679, 28, 32)]",7.4739914,"(3116, 11, 23)",1.0,1,[7.4739914],15,[1],7.8973103
"[({(3481, 13, 202)}, -1.1990505580735482, 'baseline'), ({(3481, 13, 27)}, -1.2058947698959093, 'baseline'), ({(3481, 13, 637)}, -1.2095877045832468, 'baseline'), ({(3481, 203, 5143)}, -1.2097143349292856, 'baseline'), ({(3481, 14, 160)}, -1.2204697719557671, 'baseline'), ({(3481, 34, 90)}, -1.2412122302327688, 'baseline'), ({(3481, 13, 2282)}, -1.273816852864764, 'baseline'), ({(3481, 13, 1080)}, -1.2741992924083168, 'baseline'), ({(3481, 13, 2410)}, -1.2898933085569197, 'baseline'), ({(3481, 13, 449)}, -1.2900229283083473, 'baseline')]","[(11144, 198, 160), (1934, 58, 637), (3481, 13, 27), (9894, 163, 1934), (3481, 13, 637), (3481, 203, 5143), (3008, 203, 5143), (9894, 131, 202), (11144, 150, 1934), (3481, 13, 202), (27, 58, 1934), (3481, 14, 160), (3008, 13, 1934)]",5.978681,"(3481, 13, 1934)",3.0,1,[5.978681],13,[3],6.271813
"[({(6848, 11, 23)}, -0.13963066023181614, 'baseline'), ({(6848, 28, 382)}, -0.781816086027194, 'baseline'), ({(6848, 86, 742)}, -0.798305478922696, 'baseline'), ({(6848, 86, 87)}, -1.2905300965075908, 'baseline'), ({(6848, 31, 3248)}, -1.5733281858672776, 'baseline'), ({(6848, 31, 2461)}, -1.6023524090314716, 'baseline'), ({(2961, 6, 6848)}, -1.6396317988294025, 'baseline'), ({(7785, 6, 6848)}, -1.6600077246634697, 'baseline'), ({(8210, 6, 6848)}, -1.699850742283446, 'baseline'), ({(5137, 6, 6848)}, -1.7100499278875738, 'baseline')]","[(3892, 28, 32), (3248, 2, 11711), (6848, 86, 87), (6848, 28, 382), (382, 152, 32), (32, 15, 9656), (6848, 86, 742), (10026, 13, 32), (6848, 31, 3248), (10026, 11, 23), (87, 32, 3892), (11711, 28, 32), (742, 83, 9656), (6848, 11, 23)]",7.4489737,"(6848, 28, 32)",1.0,1,[7.4489737],14,[1],7.389966
"[({(6079, 220, 6386)}, -0.1944080306114191, 'baseline'), ({(6079, 220, 4005)}, -0.2309673964107927, 'baseline'), ({(6079, 148, 7018)}, -0.5280178567759058, 'baseline'), ({(6079, 148, 1264)}, -0.5542964733740563, 'baseline'), ({(6079, 148, 6025)}, -0.5643906843574126, 'baseline'), ({(6079, 148, 2034)}, -0.5648838754227818, 'baseline'), ({(6079, 148, 3021)}, -0.5757671190022247, 'baseline'), ({(6079, 148, 9623)}, -0.58433417934178, 'baseline'), ({(6079, 148, 1922)}, -0.5853198807728854, 'baseline'), ({(434, 161, 6079)}, -1.2647758028542355, 'baseline')]","[(10954, 148, 7018), (10954, 148, 1264), (6079, 220, 4005), (4557, 148, 6025), (10954, 220, 4005), (13528, 220, 8450), (13528, 220, 6386), (6079, 220, 6386), (6079, 148, 6025), (10954, 220, 8450), (6079, 148, 7018), (6079, 148, 1264), (4557, 220, 8450)]",7.748253,"(6079, 220, 8450)",3.0,1,[7.748253],13,[3],8.157777
"[({(4592, 3, 750)}, -2.1122380029517647, 'baseline'), ({(4592, 8, 10076)}, -2.141336648766165, 'baseline'), ({(4592, 8, 7146)}, -2.1471375645153925, 'baseline'), ({(4592, 3, 316)}, -2.1528526981237333, 'baseline'), ({(4592, 8, 2246)}, -2.2074824732001557, 'baseline'), ({(4592, 3, 10076)}, -2.2077976470571605, 'baseline'), ({(4592, 3, 317)}, -2.2225897939845614, 'baseline'), ({(4592, 8, 2586)}, -2.2423854177029945, 'baseline'), ({(7146, 8, 4592)}, -2.3123875818638266, 'baseline'), ({(10076, 8, 4592)}, -2.31850998708954, 'baseline')]","[(4592, 8, 10076), (4592, 8, 2246), (2246, 17, 818), (316, 17, 818), (7146, 17, 818), (10076, 17, 818), (4592, 3, 316), (4592, 3, 750), (4592, 8, 7146), (750, 17, 818)]",5.553486,"(4592, 17, 818)",1.0,1,[5.553486],10,[1],5.790435
"[({(8007, 85, 434)}, 0.5980760345699644, 'baseline'), ({(8007, 48, 32)}, 0.24850546189809705, 'baseline'), ({(8007, 39, 150)}, -1.0218875591318417, 'baseline'), ({(8007, 17, 2044)}, -1.1267236305290214, 'baseline'), ({(8007, 19, 1060)}, -1.1317446806664198, 'baseline'), ({(8007, 19, 2167)}, -1.5854238755394292, 'baseline'), ({(8007, 38, 9171)}, -1.9296089477601837, 'baseline'), ({(1060, 47, 8007)}, -2.134619225786907, 'baseline'), ({(8007, 38, 7458)}, -2.134846017996573, 'baseline'), ({(9508, 183, 8007)}, -2.1623085979388383, 'baseline')]","[(14350, 48, 32), (8007, 17, 2044), (14350, 43, 141), (11381, 39, 150), (8007, 85, 434), (10702, 85, 434), (8007, 48, 32), (8007, 19, 1060), (10702, 43, 141), (12810, 19, 1060), (12439, 43, 141), (12810, 43, 141), (8007, 39, 150), (11381, 43, 141), (12439, 17, 2044)]",5.7139864,"(8007, 43, 141)",1.0,1,[5.7139864],15,[1],7.8901253
"[({(3861, 28, 32)}, -0.6088706103449888, 'baseline'), ({(3861, 115, 747)}, -0.6392500777722561, 'baseline'), ({(3861, 26, 990)}, -0.6761526118151128, 'baseline'), ({(3861, 26, 1881)}, -0.7377478186734232, 'baseline'), ({(3861, 31, 4)}, -0.8112245636786488, 'baseline'), ({(3861, 26, 1936)}, -0.8673960910946273, 'baseline'), ({(3861, 13, 32)}, -0.8869854802303063, 'baseline'), ({(3861, 31, 657)}, -1.1682382858163909, 'baseline'), ({(3861, 31, 1130)}, -1.4313019911137772, 'baseline'), ({(3861, 31, 568)}, -1.4675237077945391, 'baseline')]","[(3861, 115, 747), (8698, 26, 64), (13009, 31, 4), (8698, 115, 747), (3861, 26, 1881), (3861, 26, 990), (5849, 28, 32), (3861, 28, 32), (13009, 26, 1881), (5849, 26, 64), (13009, 26, 990), (13009, 26, 64), (3861, 31, 4)]",7.32696,"(3861, 26, 64)",1.0,1,[7.32696],13,[1],7.833797
"[({(9419, 31, 9900)}, -0.9964983719198514, 'baseline'), ({(9419, 31, 6394)}, -1.0661173909284094, 'baseline'), ({(9419, 34, 90)}, -1.1159399903967435, 'baseline'), ({(9419, 86, 482)}, -1.3957278022816229, 'baseline'), ({(9419, 116, 10417)}, -1.4276124806331316, 'baseline'), ({(2300, 7, 9419)}, -1.5969290515950327, 'baseline'), ({(9419, 30, 14)}, -1.6779059106087184, 'baseline'), ({(3179, 7, 9419)}, -1.7862178693613617, 'baseline'), ({(14, 7, 9419)}, -1.911857905353029, 'baseline'), ({(9419, 97, 4272)}, -1.983054338918186, 'baseline')]","[(9419, 34, 90), (9419, 116, 10417), (3053, 31, 2512), (9419, 31, 9900), (9419, 86, 482), (5247, 116, 10417), (482, 32, 1228), (1228, 31, 2512), (6487, 34, 90), (5247, 31, 2512), (3053, 31, 9900), (12112, 31, 2512), (6487, 31, 2512), (9419, 31, 6394), (12112, 31, 6394)]",6.2135415,"(9419, 31, 2512)",3.0,1,[6.2135415],15,[3],6.3330984
"[({(4929, 14, 160)}, -0.12417888827166745, 'baseline'), ({(4929, 26, 64)}, -0.4716819328207765, 'baseline'), ({(4929, 26, 1098)}, -0.4986471338370601, 'baseline'), ({(4929, 26, 342)}, -0.5381091143286157, 'baseline'), ({(4929, 106, 1327)}, -0.6667973866329137, 'baseline'), ({(4929, 106, 249)}, -0.7702045021759575, 'baseline'), ({(4929, 26, 7311)}, -1.1214376587217942, 'baseline'), ({(4929, 26, 183)}, -1.1451351459105124, 'baseline'), ({(4929, 26, 2242)}, -1.1462369531137357, 'baseline'), ({(2250, 2, 4929)}, -1.4057808504272145, 'baseline')]","[(4929, 26, 1098), (2114, 26, 1098), (4929, 26, 342), (5849, 11, 23), (5472, 26, 342), (10359, 14, 160), (5472, 11, 23), (10359, 11, 23), (4460, 106, 1327), (4929, 106, 1327), (5849, 26, 64), (2114, 11, 23), (4929, 14, 160), (4929, 26, 64), (4460, 11, 23)]",8.488932,"(4929, 11, 23)",1.0,1,[8.488932],15,[1],8.66317
"[({(4489, 219, 90)}, -0.7356329250754019, 'baseline'), ({(4489, 18, 8332)}, -0.8175231462186043, 'baseline'), ({(9811, 37, 4489)}, -1.2958133883623382, 'baseline'), ({(786, 35, 4489)}, -1.307770794187832, 'baseline'), ({(6653, 35, 4489)}, -1.3178145212220889, 'baseline'), ({(857, 35, 4489)}, -1.346647530532985, 'baseline'), ({(610, 35, 4489)}, -1.4419432210568286, 'baseline'), ({(10009, 35, 4489)}, -1.4706403067426235, 'baseline'), ({(4489, 154, 1437)}, -1.497916942387917, 'baseline'), ({(4353, 58, 4489)}, -1.5531809839287558, 'baseline')]","[(5138, 18, 795), (2840, 18, 8332), (854, 18, 795), (2131, 93, 786), (2131, 82, 795), (786, 35, 4489), (5138, 139, 90), (9811, 37, 854), (2131, 93, 6653), (9811, 37, 4489), (2840, 18, 795), (4489, 219, 90), (4489, 18, 8332), (6653, 35, 4489)]",7.1662397,"(4489, 18, 795)",1.0,1,[7.1662397],14,[1],7.114539
"[({(10519, 48, 1124)}, -0.979518269377623, 'baseline'), ({(10444, 76, 10519)}, -1.5516532898256616, 'baseline'), ({(10823, 20, 10519)}, -1.8645762834229878, 'baseline'), ({(10519, 43, 141)}, -1.9390872129362458, 'baseline'), ({(1189, 20, 10519)}, -1.974318063734559, 'baseline'), ({(10519, 134, 1271)}, -2.0863295916475195, 'baseline'), ({(10519, 134, 985)}, -2.2044892134878094, 'baseline'), ({(10519, 134, 1546)}, -2.225388364878274, 'baseline'), ({(10519, 41, 138)}, -2.244408946402842, 'baseline'), ({(10519, 17, 2123)}, -2.2786464625302876, 'baseline')]","[(1124, 15, 9596), (9252, 43, 141), (10823, 20, 8207), (10444, 76, 6706), (10519, 43, 141), (9252, 24, 9596), (1189, 20, 10519), (10519, 48, 1124), (8207, 160, 9596), (6706, 160, 9596), (10823, 20, 10519), (1189, 20, 8207), (10444, 76, 10519)]",3.8173885,"(10519, 66, 9596)",4.0,1,[3.8173885],13,[4],5.9763412
"[({(4349, 110, 494)}, -0.29923293214382674, 'baseline'), ({(4349, 85, 434)}, -0.4177505035086142, 'baseline'), ({(4649, 47, 4349)}, -1.570852956786984, 'baseline'), ({(1081, 27, 4349)}, -1.79344324660535, 'baseline'), ({(4349, 38, 3059)}, -1.9280594072895108, 'baseline'), ({(7948, 8, 4349)}, -2.013441871091032, 'baseline'), ({(8652, 8, 4349)}, -2.0439978647318084, 'baseline'), ({(8652, 192, 4349)}, -2.0549984423739582, 'baseline'), ({(4349, 8, 7948)}, -2.056173879653829, 'baseline'), ({(4676, 8, 4349)}, -2.087495055424008, 'baseline')]","[(5682, 17, 871), (11857, 110, 494), (4349, 85, 434), (4349, 110, 494), (4349, 38, 3059), (12620, 17, 871), (11857, 17, 871), (9660, 17, 871), (4649, 47, 4349), (9660, 85, 434), (1081, 27, 12620), (7651, 19, 4649), (1081, 27, 4349), (7651, 17, 871), (3059, 12, 5682)]",6.506563,"(4349, 17, 871)",1.0,1,[6.506563],15,[1],6.9785805
"[({(6253, 34, 90)}, -0.8498140320871197, 'baseline'), ({(6253, 26, 342)}, -1.1184890866802975, 'baseline'), ({(6253, 26, 64)}, -1.1682382858163909, 'baseline'), ({(6253, 14, 2272)}, -1.2521416450401321, 'baseline'), ({(6253, 31, 3823)}, -1.3623015790686752, 'baseline'), ({(6253, 31, 4488)}, -1.3761962716507634, 'baseline'), ({(6253, 28, 1080)}, -1.4056933934370175, 'baseline'), ({(6253, 14, 29)}, -1.4074522781615844, 'baseline'), ({(6253, 26, 2948)}, -1.4104433363599151, 'baseline'), ({(361, 6, 6253)}, -1.7088481938469533, 'baseline')]","[(6253, 31, 3823), (6253, 26, 342), (300, 51, 2272), (5265, 31, 657), (13009, 26, 342), (5265, 31, 3823), (6253, 26, 64), (6253, 14, 2272), (300, 107, 657), (8098, 34, 90), (6253, 34, 90), (8098, 31, 657), (13009, 26, 64), (13009, 31, 657)]",6.9616513,"(6253, 31, 657)",1.0,1,[6.9616513],14,[1],6.9195323
"[({(9122, 85, 434)}, -0.2392558213570727, 'baseline'), ({(9122, 43, 141)}, -0.26448962887694594, 'baseline'), ({(9122, 48, 32)}, -0.4379239141050678, 'baseline'), ({(9122, 17, 393)}, -0.5184011253081525, 'baseline'), ({(9122, 17, 862)}, -0.6257324960434402, 'baseline'), ({(9122, 25, 62)}, -0.7798463133704173, 'baseline'), ({(9122, 19, 929)}, -1.248304015104618, 'baseline'), ({(9122, 19, 240)}, -1.389212728469588, 'baseline'), ({(9122, 8, 268)}, -1.806254936280981, 'baseline'), ({(9122, 192, 2476)}, -2.0051084502972, 'baseline')]","[(9122, 85, 434), (9122, 17, 862), (13109, 48, 32), (13205, 17, 393), (13109, 17, 215), (13205, 43, 141), (9122, 43, 141), (13205, 17, 215), (9122, 48, 32), (9660, 85, 434), (9660, 17, 215), (14213, 17, 862), (9122, 17, 393), (14213, 17, 215)]",5.8988028,"(9122, 17, 215)",1.0,1,[5.8988028],14,[1],7.1839924
"[({(2634, 31, 136)}, -0.871591220614701, 'baseline'), ({(2634, 31, 657)}, -0.9380832484887809, 'baseline'), ({(2634, 11, 23)}, -0.9481035662821552, 'baseline'), ({(2634, 147, 382)}, -1.1394406670441024, 'baseline'), ({(2634, 30, 10464)}, -1.2137956701279984, 'baseline'), ({(2634, 13, 32)}, -1.305535294067819, 'baseline'), ({(2634, 183, 904)}, -1.4911244073917993, 'baseline'), ({(2634, 31, 5878)}, -1.515402314579289, 'baseline'), ({(2634, 86, 1485)}, -1.543169534639148, 'baseline'), ({(2634, 13, 382)}, -1.580262844908224, 'baseline')]","[(2634, 147, 382), (10464, 67, 844), (10590, 31, 844), (2634, 30, 10464), (2634, 31, 657), (2634, 11, 23), (2634, 31, 136), (10359, 31, 844), (3457, 107, 844), (1635, 107, 844), (10359, 11, 23), (1635, 107, 657), (10590, 28, 382), (3457, 107, 136)]",6.908776,"(2634, 31, 844)",3.0,1,[6.908776],14,[3],7.234824
"[({(3809, 120, 791)}, -0.25774218464875887, 'baseline'), ({(3809, 154, 2438)}, -0.5231371336459754, 'baseline'), ({(3809, 25, 62)}, -0.6011977730964172, 'baseline'), ({(3809, 111, 8335)}, -1.834685772546094, 'baseline'), ({(32, 15, 3809)}, -1.9465728966520641, 'baseline'), ({(8335, 15, 3809)}, -2.2179913945715675, 'baseline'), ({(372, 83, 3809)}, -2.6038423850794006, 'baseline'), ({(9418, 24, 3809)}, -3.1798939288295163, 'baseline'), ({(6485, 24, 3809)}, -3.4061279195253586, 'baseline')]","[(8335, 15, 6289), (13586, 33, 90), (32, 15, 3809), (90, 25, 62), (32, 206, 90), (14281, 33, 90), (13586, 154, 2438), (3809, 120, 791), (3809, 154, 2438), (14281, 120, 791), (6289, 33, 90), (3809, 25, 62), (3809, 111, 8335)]",4.481242,"(3809, 33, 90)",1.0,1,[4.481242],13,[1],6.958826
"[({(2857, 182, 2192)}, -0.21232666689628027, 'baseline'), ({(2857, 10, 579)}, -0.6270769306314475, 'baseline'), ({(1308, 19, 2857)}, -1.316566953442298, 'baseline'), ({(2554, 19, 2857)}, -1.3811476212323623, 'baseline'), ({(6958, 19, 2857)}, -1.5041554559736534, 'baseline'), ({(8632, 19, 2857)}, -1.5135759640500042, 'baseline'), ({(4446, 19, 2857)}, -1.5225799009439542, 'baseline'), ({(3995, 19, 2857)}, -1.5521920742572628, 'baseline'), ({(2857, 47, 1369)}, -1.636555436680064, 'baseline'), ({(2857, 47, 5220)}, -1.6402099255123461, 'baseline')]","[(2857, 10, 579), (2857, 182, 2192), (2465, 27, 2554), (1308, 19, 2857), (9820, 10, 579), (2465, 27, 1308), (6958, 19, 2857), (2465, 210, 2192), (2554, 19, 2857), (9820, 10, 2465), (2465, 27, 6958)]",6.654722,"(2857, 10, 2465)",2.0,1,[6.654722],11,[2],6.8358297
"[({(1253, 71, 7245)}, -1.4909718023754872, 'baseline'), ({(7245, 6, 7148)}, -1.6436732672372245, 'baseline'), ({(7245, 6, 874)}, -1.6593506776652576, 'baseline'), ({(7245, 6, 6278)}, -1.675491439450489, 'baseline'), ({(7245, 77, 8164)}, -1.7175213886644527, 'baseline'), ({(7245, 6, 4354)}, -1.7388138523766279, 'baseline'), ({(7245, 6, 2440)}, -1.7467881048955272, 'baseline'), ({(7245, 6, 7190)}, -1.77973199855888, 'baseline'), ({(7245, 6, 7708)}, -1.8646501434419671, 'baseline'), ({(7245, 77, 9263)}, -1.9356087944076488, 'baseline')]","[(1253, 214, 160), (7245, 6, 874), (7245, 77, 8164), (1253, 71, 7245), (7245, 6, 7148), (8164, 100, 160), (874, 14, 160), (7148, 14, 160), (7245, 6, 6278), (6278, 14, 160)]",7.3723683,"(7245, 100, 160)",1.0,1,[7.3723683],10,[1],7.8238983
"[({(4794, 11, 23)}, -0.5084703056336355, 'baseline'), ({(4794, 34, 90)}, -0.5957603359284144, 'baseline'), ({(4794, 28, 32)}, -0.781816086027194, 'baseline'), ({(4794, 26, 64)}, -0.8996260026961181, 'baseline'), ({(4794, 74, 7395)}, -1.304057907067999, 'baseline'), ({(4794, 31, 2512)}, -1.4037376668057493, 'baseline'), ({(11368, 6, 4794)}, -1.6346686230584426, 'baseline'), ({(4794, 14, 3701)}, -1.8615953437110626, 'baseline'), ({(4794, 31, 4959)}, -1.8839269216406365, 'baseline'), ({(4794, 109, 3313)}, -1.9211341251395277, 'baseline')]","[(1883, 11, 23), (4794, 11, 23), (11452, 28, 382), (4794, 26, 64), (4794, 28, 32), (4794, 34, 90), (4794, 74, 7395), (382, 218, 32), (1883, 13, 382), (11452, 74, 7395), (5472, 26, 64), (382, 234, 90), (5472, 28, 382)]",5.743254,"(4794, 28, 382)",2.0,1,[5.743254],13,[2],5.9059772
"[({(5115, 86, 268)}, -0.34184089945346896, 'baseline'), ({(268, 32, 5115)}, -0.6243403558509879, 'baseline'), ({(5115, 12, 268)}, -1.120090053165041, 'baseline'), ({(268, 38, 5115)}, -1.2128804237830995, 'baseline'), ({(5115, 34, 90)}, -1.274238407515688, 'baseline'), ({(5115, 14, 160)}, -1.2804927399789388, 'baseline'), ({(5115, 155, 13056)}, -1.4089743417078227, 'baseline'), ({(5115, 26, 1098)}, -1.47068111444246, 'baseline'), ({(5115, 26, 64)}, -1.4831931980595003, 'baseline'), ({(5115, 31, 1314)}, -1.5248000831003525, 'baseline')]","[(9823, 34, 90), (5115, 12, 268), (268, 8, 2316), (9823, 86, 2316), (268, 38, 5115), (5115, 34, 90), (268, 32, 5115), (5115, 86, 268)]",6.4714355,"(5115, 86, 2316)",3.0,1,[6.4714355],8,[3],7.1986084
"[({(1081, 27, 870)}, -0.7651895069157079, 'baseline'), ({(1081, 27, 5038)}, -0.7856666973677366, 'baseline'), ({(1081, 27, 4360)}, -0.8098705565409882, 'baseline'), ({(1081, 27, 5174)}, -0.824604299154559, 'baseline'), ({(1081, 27, 3364)}, -0.8303966365535648, 'baseline'), ({(1081, 27, 1910)}, -0.9208543332076115, 'baseline'), ({(1081, 103, 3365)}, -0.9853885349124035, 'baseline'), ({(1081, 27, 673)}, -1.075850836917279, 'baseline'), ({(1081, 27, 674)}, -1.0966397146014426, 'baseline'), ({(1081, 27, 9219)}, -1.121352742124619, 'baseline')]","[(7303, 8, 5038), (1081, 27, 870), (1081, 27, 5174), (1081, 27, 3364), (1081, 27, 4360), (1081, 27, 5038), (870, 3, 7303), (7303, 8, 5174), (3364, 8, 7303), (4360, 8, 7303)]",5.6985435,"(1081, 27, 7303)",6.0,1,[5.6985435],10,[6],6.3773446
"[({(12076, 48, 32)}, 0.3454649465946112, 'baseline'), ({(12076, 17, 862)}, 0.07373526940259946, 'baseline'), ({(12076, 66, 540)}, -1.073591343993718, 'baseline'), ({(12076, 19, 313)}, -1.3493626515441746, 'baseline'), ({(12076, 19, 711)}, -1.4592289083407979, 'baseline'), ({(12076, 6, 2125)}, -1.5142662198942531, 'baseline'), ({(12076, 19, 1709)}, -1.5800103232579412, 'baseline'), ({(12076, 21, 7233)}, -1.6253539351963406, 'baseline'), ({(12076, 6, 6028)}, -1.7034327485088097, 'baseline'), ({(12076, 38, 2296)}, -1.7429759337421402, 'baseline')]","[(1889, 85, 434), (434, 161, 32), (5285, 85, 434), (12076, 17, 862), (5285, 19, 711), (12076, 19, 313), (13359, 85, 434), (12076, 48, 32), (12076, 66, 540), (12076, 19, 711), (1889, 19, 313), (13359, 17, 862), (434, 161, 540)]",7.2013893,"(12076, 85, 434)",1.0,1,[7.2013893],13,[1],8.028749
"[({(457, 182, 3202)}, -0.35263502729408647, 'baseline'), ({(457, 10, 6327)}, -0.7425191994995549, 'baseline'), ({(457, 10, 4121)}, -0.7522243012371671, 'baseline'), ({(1731, 30, 457)}, -1.3587123429074062, 'baseline'), ({(10756, 30, 457)}, -1.4333615249165614, 'baseline'), ({(457, 7, 4013)}, -1.5260056413750958, 'baseline'), ({(457, 7, 1692)}, -1.592736705140462, 'baseline'), ({(7431, 30, 457)}, -1.5981824918941112, 'baseline'), ({(457, 7, 8703)}, -1.6157349711205637, 'baseline'), ({(457, 7, 3060)}, -1.6355418279340526, 'baseline')]","[(457, 182, 3202), (457, 10, 4121), (6327, 27, 6381), (371, 10, 7869), (7869, 27, 6381), (6381, 6, 1731), (7869, 210, 3202), (1731, 30, 457), (5136, 10, 7869), (10756, 30, 371), (457, 10, 6327), (5136, 10, 4121), (10756, 30, 457)]",6.332065,"(457, 10, 7869)",2.0,1,[6.332065],13,[2],6.1483383
"[({(4552, 35, 3796)}, -1.210913768980429, 'baseline'), ({(4552, 35, 1562)}, -1.2810363824410453, 'baseline'), ({(4552, 64, 3282)}, -1.3415726244304582, 'baseline'), ({(3282, 64, 4552)}, -1.351077864542102, 'baseline'), ({(3502, 64, 4552)}, -1.364477036314784, 'baseline'), ({(4552, 64, 6448)}, -1.365065494594707, 'baseline'), ({(1624, 64, 4552)}, -1.3706423187470431, 'baseline'), ({(4552, 64, 2617)}, -1.3716435251028263, 'baseline'), ({(4552, 64, 471)}, -1.371675989902206, 'baseline'), ({(513, 64, 4552)}, -1.3770881673854023, 'baseline')]","[(3502, 64, 4552), (4552, 35, 3796), (4552, 35, 1562), (3282, 64, 4552), (3282, 35, 2732), (3502, 35, 2732), (2732, 58, 1562), (2732, 58, 3796), (4552, 64, 3282)]",7.2516737,"(4552, 35, 2732)",1.0,1,[7.2516737],9,[1],6.999007
"[({(3794, 72, 1718)}, -0.5276010012049981, 'baseline'), ({(526, 29, 3794)}, -1.0491669050675465, 'baseline'), ({(3794, 58, 1340)}, -1.2361424605132323, 'baseline'), ({(3794, 58, 834)}, -1.2383470881403549, 'baseline'), ({(3794, 58, 1302)}, -1.2400667335754236, 'baseline'), ({(6157, 58, 3794)}, -1.275780334640373, 'baseline'), ({(2734, 58, 3794)}, -1.2826347771402749, 'baseline'), ({(2978, 58, 3794)}, -1.31177101576787, 'baseline'), ({(3794, 58, 1585)}, -1.3138660090240057, 'baseline'), ({(374, 13, 3794)}, -1.3375113745925997, 'baseline')]","[(3794, 58, 1340), (9331, 23, 209), (1340, 23, 209), (526, 29, 8497), (1718, 157, 9331), (8497, 23, 209), (3794, 58, 834), (3794, 72, 1718), (526, 29, 3794), (1302, 23, 209), (3794, 58, 1302), (834, 23, 209)]",8.569893,"(3794, 23, 209)",1.0,1,[8.569893],12,[1],8.168217
"[({(3306, 13, 202)}, -1.1591461432372643, 'baseline'), ({(3306, 28, 32)}, -1.2086638086602333, 'baseline'), ({(3306, 13, 2282)}, -1.2193020507117636, 'baseline'), ({(3306, 13, 92)}, -1.2587838889303873, 'baseline'), ({(3306, 13, 1163)}, -1.2604538172174153, 'baseline'), ({(3306, 13, 1361)}, -1.2936072629227735, 'baseline'), ({(3306, 13, 449)}, -1.3055807747676496, 'baseline'), ({(3306, 13, 181)}, -1.3207539090404887, 'baseline'), ({(3306, 13, 1405)}, -1.3295329576119341, 'baseline'), ({(3306, 147, 382)}, -1.3526429359010594, 'baseline')]","[(3306, 13, 1163), (6592, 37, 1682), (3306, 13, 92), (5244, 13, 92), (6592, 37, 32), (1682, 154, 10452), (1682, 58, 202), (5244, 13, 1682), (3306, 28, 32), (2282, 58, 1682), (3306, 13, 2282), (3306, 13, 202), (1163, 154, 10452)]",5.5467086,"(3306, 13, 1682)",5.0,1,[5.5467086],13,[5],5.862156
"[({(3660, 11, 23)}, -0.7267527872099008, 'baseline'), ({(3660, 28, 32)}, -0.8563550608836538, 'baseline'), ({(3660, 31, 844)}, -0.871591220614701, 'baseline'), ({(3660, 31, 658)}, -0.8731349167278156, 'baseline'), ({(3660, 13, 32)}, -1.0929896285140313, 'baseline'), ({(3660, 26, 990)}, -1.1126231812459915, 'baseline'), ({(3660, 26, 1936)}, -1.117587724423621, 'baseline'), ({(3660, 26, 1098)}, -1.1203188766124281, 'baseline'), ({(3660, 74, 524)}, -1.1312843855305204, 'baseline'), ({(3660, 26, 1960)}, -1.2615069980024054, 'baseline')]","[(3660, 28, 32), (3660, 31, 658), (3660, 31, 844), (3660, 13, 32), (11131, 185, 32), (3660, 11, 23), (12767, 107, 658), (9520, 11, 23), (9520, 31, 136), (3457, 107, 844), (11131, 107, 136), (12767, 107, 136), (3457, 107, 136)]",6.9067717,"(3660, 31, 136)",1.0,1,[6.9067717],13,[1],7.3106804
"[({(1927, 85, 434)}, -0.041460217998435266, 'baseline'), ({(1927, 43, 141)}, -0.17201558131694616, 'baseline'), ({(1927, 17, 862)}, -0.3107597227798798, 'baseline'), ({(1927, 17, 393)}, -0.735099574525136, 'baseline'), ({(1927, 82, 8686)}, -0.8816903951721682, 'baseline'), ({(1927, 48, 1928)}, -0.9220368692270445, 'baseline'), ({(1927, 19, 4418)}, -1.5653241018246506, 'baseline'), ({(1927, 19, 1724)}, -1.5869993236093192, 'baseline'), ({(1927, 39, 7132)}, -1.6303172922693467, 'baseline'), ({(10467, 175, 1927)}, -1.7186563905109131, 'baseline')]","[(2283, 212, 4563), (10651, 85, 434), (1927, 17, 393), (1927, 17, 862), (10651, 212, 4563), (12791, 212, 4563), (1927, 43, 141), (5822, 212, 4563), (2283, 43, 141), (5822, 82, 8686), (1927, 85, 434), (12791, 17, 393), (10651, 17, 862), (1927, 82, 8686)]",6.0011005,"(1927, 212, 4563)",1.0,1,[6.0011005],14,[1],7.7084093
"[({(740, 37, 854)}, -1.2224141162915172, 'baseline'), ({(740, 37, 6243)}, -1.2409682659006942, 'baseline'), ({(740, 37, 855)}, -1.3106104600017867, 'baseline'), ({(740, 37, 2840)}, -1.3496542098895226, 'baseline'), ({(740, 37, 773)}, -1.3933706935436738, 'baseline'), ({(740, 37, 2035)}, -1.4045178847734445, 'baseline'), ({(740, 37, 961)}, -1.4236507439945367, 'baseline'), ({(740, 37, 794)}, -1.4339044151860052, 'baseline'), ({(740, 37, 4353)}, -1.4341528929440888, 'baseline'), ({(740, 37, 3514)}, -1.4657955563131428, 'baseline')]","[(740, 37, 6243), (855, 58, 1577), (1577, 58, 854), (773, 18, 1172), (740, 37, 855), (740, 37, 854), (1577, 18, 1172), (2840, 18, 1172), (740, 37, 773), (740, 37, 2840), (6243, 58, 1577)]",5.937626,"(740, 37, 1577)",5.0,1,[5.937626],11,[5],6.135332
"[({(8128, 182, 2192)}, -0.21889502244596853, 'baseline'), ({(8128, 10, 358)}, -0.5796792133806913, 'baseline'), ({(8128, 10, 1840)}, -0.6109734623361015, 'baseline'), ({(8128, 10, 5382)}, -0.6124813782683913, 'baseline'), ({(8128, 10, 1171)}, -0.634653769132832, 'baseline'), ({(8128, 10, 65)}, -0.6360734938628038, 'baseline'), ({(8128, 10, 2875)}, -0.6466820890642893, 'baseline'), ({(8128, 10, 2465)}, -0.6509760074534866, 'baseline'), ({(8128, 10, 579)}, -0.6716834532198259, 'baseline'), ({(8128, 10, 6589)}, -0.6781825018529234, 'baseline')]","[(3062, 10, 5382), (5814, 10, 1968), (3062, 10, 1840), (5814, 10, 1171), (3062, 10, 1968), (8128, 10, 358), (8128, 182, 2192), (8128, 10, 5382), (8128, 10, 1840), (8128, 10, 1171), (1968, 210, 2192), (3062, 10, 358)]",6.839287,"(8128, 10, 1968)",4.0,1,[6.839287],12,[4],6.9333606
"[({(8270, 34, 90)}, -0.14797445956809563, 'baseline'), ({(8270, 28, 32)}, -0.1827733177530828, 'baseline'), ({(8270, 86, 441)}, -0.8529526921850729, 'baseline'), ({(8270, 31, 3257)}, -1.116276110254944, 'baseline'), ({(8270, 191, 12720)}, -1.173604012513055, 'baseline'), ({(8270, 31, 655)}, -1.3884635226019795, 'baseline'), ({(10343, 6, 8270)}, -1.596615836355109, 'baseline'), ({(4169, 6, 8270)}, -1.6337297008312237, 'baseline'), ({(1121, 7, 8270)}, -1.736688619518043, 'baseline'), ({(4973, 6, 8270)}, -1.7508299313810554, 'baseline')]","[(8270, 34, 90), (4835, 14, 160), (8270, 28, 32), (12382, 51, 160), (441, 198, 160), (6644, 14, 160), (12382, 185, 32), (12902, 198, 160), (8270, 191, 12720), (8270, 86, 441), (4835, 191, 12720), (12902, 129, 90), (6644, 31, 3257), (8270, 31, 3257)]",8.066574,"(8270, 14, 160)",1.0,1,[8.066574],14,[1],8.478947
"[({(8285, 21, 10982)}, -1.658736572220102, 'baseline'), ({(8285, 8, 5181)}, -1.9069154680516331, 'baseline'), ({(8285, 8, 360)}, -1.981253194691203, 'baseline'), ({(8285, 8, 2228)}, -2.1060121903691673, 'baseline'), ({(1878, 21, 8285)}, -2.2935494940254006, 'baseline'), ({(8285, 8, 8955)}, -2.3198669495708155, 'baseline'), ({(8285, 8, 266)}, -2.333780361487925, 'baseline'), ({(8285, 8, 1353)}, -2.5457301783133617, 'baseline'), ({(2062, 8, 8285)}, -2.5531223940425947, 'baseline'), ({(8285, 8, 2062)}, -2.5539054720966456, 'baseline')]","[(8285, 21, 10982), (10982, 17, 862), (1878, 21, 8285), (1878, 17, 862), (360, 17, 862), (8285, 8, 360), (8285, 8, 2228), (2228, 17, 862), (5181, 17, 862), (8285, 8, 5181)]",6.737481,"(8285, 17, 862)",1.0,1,[6.737481],10,[1],6.5313535
"[({(8714, 49, 1796)}, -1.2170147259447965, 'baseline'), ({(3082, 49, 1796)}, -1.2235078121103236, 'baseline'), ({(1246, 49, 1796)}, -1.2433955741508644, 'baseline'), ({(11759, 49, 1796)}, -1.2533583140562519, 'baseline'), ({(6780, 49, 1796)}, -1.2587534122468247, 'baseline'), ({(8620, 49, 1796)}, -1.2599164222660446, 'baseline'), ({(7077, 49, 1796)}, -1.2830500198350367, 'baseline'), ({(6070, 49, 1796)}, -1.3077992037589508, 'baseline'), ({(7219, 49, 1796)}, -1.3194611983663254, 'baseline'), ({(9997, 49, 1796)}, -1.3194726749737495, 'baseline')]","[(11759, 49, 1796), (6780, 49, 1796), (841, 98, 12362), (11759, 98, 12362), (6780, 98, 8642), (8714, 49, 1796), (1246, 49, 1796), (841, 98, 556), (3082, 98, 8642), (1246, 98, 556), (841, 98, 8642), (3082, 49, 1796), (8714, 98, 8911), (841, 98, 8911)]",7.0767384,"(1796, 130, 841)",3.0,1,[7.0767384],14,[3],6.8177223
"[({(1754, 104, 2722)}, -1.2352269316026654, 'baseline'), ({(1754, 29, 1080)}, -1.4072681399988822, 'baseline'), ({(3465, 65, 1754)}, -1.4211590208087508, 'baseline'), ({(1754, 29, 75)}, -1.4295387660176533, 'baseline'), ({(2012, 65, 1754)}, -1.4328126438195574, 'baseline'), ({(1754, 29, 331)}, -1.4482786812785577, 'baseline'), ({(910, 65, 1754)}, -1.4588300580542317, 'baseline'), ({(1754, 29, 1405)}, -1.4605756292783816, 'baseline'), ({(3706, 65, 1754)}, -1.470144511007436, 'baseline'), ({(623, 65, 1754)}, -1.481795584811309, 'baseline')]","[(1080, 152, 181), (181, 72, 2722), (181, 72, 3465), (2012, 65, 1754), (1754, 29, 75), (1754, 29, 1080), (75, 152, 181), (1754, 104, 2722), (3465, 65, 1754), (181, 69, 2012)]",5.755133,"(1754, 29, 181)",3.0,1,[5.755133],10,[3],5.848309
"[({(2946, 85, 434)}, -0.23925192612386595, 'baseline'), ({(2946, 43, 141)}, -0.26448962887694594, 'baseline'), ({(2946, 48, 32)}, -0.4379239141050678, 'baseline'), ({(2946, 17, 862)}, -0.6257346102383828, 'baseline'), ({(2946, 24, 592)}, -0.9584897198101395, 'baseline'), ({(2946, 66, 592)}, -0.9775634796141028, 'baseline'), ({(2946, 17, 1192)}, -1.309935007021004, 'baseline'), ({(2946, 19, 1965)}, -1.6746265799979811, 'baseline'), ({(2946, 45, 6046)}, -1.9133165792809288, 'baseline'), ({(2946, 19, 2671)}, -1.940884109201754, 'baseline')]","[(2946, 17, 862), (2946, 85, 434), (13109, 48, 32), (2946, 24, 592), (13109, 17, 215), (13205, 43, 141), (2946, 43, 141), (13205, 17, 215), (9491, 24, 592), (9660, 85, 434), (9660, 17, 215), (9491, 17, 215), (2946, 48, 32), (14213, 17, 862), (14213, 17, 215)]",6.1037235,"(2946, 17, 215)",2.0,1,[6.1037235],15,[2],6.474165
"[({(7787, 11, 23)}, -0.7267527872099008, 'baseline'), ({(7787, 34, 90)}, -0.7935402734629676, 'baseline'), ({(7787, 14, 160)}, -0.8227439316027849, 'baseline'), ({(7787, 115, 747)}, -0.8242465002450663, 'baseline'), ({(7787, 31, 657)}, -0.8383732354259408, 'baseline'), ({(7787, 31, 658)}, -0.8731349167278156, 'baseline'), ({(7787, 13, 32)}, -1.0929896285140313, 'baseline'), ({(7787, 193, 1080)}, -1.3309745433679323, 'baseline'), ({(7787, 136, 34)}, -1.3705803397376426, 'baseline'), ({(7787, 31, 439)}, -1.3867068496393926, 'baseline')]","[(7787, 14, 160), (3071, 115, 747), (3071, 31, 136), (7787, 115, 747), (7787, 34, 90), (13368, 107, 657), (13368, 107, 136), (10871, 34, 90), (7787, 11, 23), (9520, 11, 23), (11131, 51, 160), (9520, 31, 136), (7787, 31, 657), (11131, 107, 136), (10871, 31, 136)]",6.2897406,"(7787, 31, 136)",1.0,1,[6.2897406],15,[1],6.917391
"[({(8365, 13, 202)}, -1.248403113063236, 'baseline'), ({(8365, 13, 1934)}, -1.264631358588798, 'baseline'), ({(8365, 13, 1046)}, -1.2785687645570933, 'baseline'), ({(8365, 13, 1080)}, -1.2839088822091798, 'baseline'), ({(8365, 13, 119)}, -1.2853890762121885, 'baseline'), ({(8365, 13, 274)}, -1.2856166637639213, 'baseline'), ({(8365, 13, 27)}, -1.28808571300219, 'baseline'), ({(8365, 13, 1260)}, -1.2926815293173455, 'baseline'), ({(8365, 13, 181)}, -1.3115770874067454, 'baseline'), ({(8365, 13, 92)}, -1.3477481839486343, 'baseline')]","[(8365, 13, 202), (8365, 13, 1080), (8365, 13, 119), (8867, 151, 119), (6286, 29, 158), (8365, 13, 1934), (8920, 13, 158), (1146, 13, 1080), (1146, 13, 158), (8365, 13, 1046), (6286, 29, 1934), (8867, 151, 1046), (8920, 13, 202), (8867, 151, 158)]",5.3941097,"(8365, 13, 158)",7.0,1,[5.3941097],14,[7],5.7749047
"[({(7436, 166, 90)}, -0.5895666547940591, 'baseline'), ({(7436, 124, 4722)}, -0.9306161389462658, 'baseline'), ({(7436, 25, 62)}, -0.9990543909805573, 'baseline'), ({(7436, 101, 975)}, -1.0263515162146946, 'baseline'), ({(7436, 61, 4288)}, -1.0707850922841278, 'baseline'), ({(7436, 101, 1800)}, -1.1313050444101038, 'baseline'), ({(7436, 101, 6854)}, -1.132380964748746, 'baseline'), ({(7436, 101, 594)}, -1.1989031920400612, 'baseline'), ({(7445, 68, 7436)}, -1.210366553316725, 'baseline'), ({(7436, 101, 9982)}, -1.2380515715304667, 'baseline')]","[(7436, 61, 4288), (7436, 166, 90), (4886, 61, 4288), (6182, 217, 3433), (7436, 101, 975), (6182, 108, 90), (7436, 124, 4722), (3851, 217, 3433), (7727, 101, 975), (3433, 25, 62), (4886, 217, 3433), (7436, 25, 62), (3851, 124, 4722), (7727, 217, 3433)]",8.782799,"(7436, 217, 3433)",1.0,1,[8.782799],14,[1],9.396436
"[({(2369, 10, 4491)}, -0.09305793701561733, 'baseline'), ({(2369, 10, 5312)}, -0.10201321641112897, 'baseline'), ({(2369, 10, 2070)}, -0.17179459667280017, 'baseline'), ({(2369, 10, 9728)}, -0.24503507997699822, 'baseline'), ({(2471, 30, 2369)}, -0.979383741134146, 'baseline'), ({(12250, 30, 2369)}, -1.0328829296168933, 'baseline'), ({(2369, 7, 2471)}, -1.0930175502475137, 'baseline'), ({(7800, 19, 2369)}, -1.107272598951861, 'baseline'), ({(2369, 7, 7271)}, -1.1460102583674134, 'baseline'), ({(2369, 7, 6604)}, -1.1574655110244718, 'baseline')]","[(2070, 210, 2517), (9728, 210, 2517), (6805, 103, 2471), (2471, 30, 2369), (5312, 210, 2517), (2369, 10, 5312), (2369, 10, 9728), (4491, 210, 2517), (6805, 210, 2517), (2369, 10, 4491), (2369, 10, 2070)]",8.47002,"(2369, 182, 2517)",1.0,1,[8.47002],11,[1],9.2232685
"[({(7479, 19, 1857)}, -0.92800806312685, 'baseline'), ({(7479, 43, 141)}, -1.0059914645193504, 'baseline'), ({(7479, 19, 39)}, -1.205152747179495, 'baseline'), ({(1857, 47, 7479)}, -1.211037832304727, 'baseline'), ({(7479, 85, 434)}, -1.2569108530990503, 'baseline'), ({(7479, 17, 862)}, -1.257458485696021, 'baseline'), ({(7479, 48, 181)}, -1.917586721307164, 'baseline'), ({(447, 22, 7479)}, -2.0361722757150296, 'baseline'), ({(7479, 66, 2879)}, -2.057720591299517, 'baseline')]","[(13529, 19, 2998), (2998, 47, 5167), (7479, 43, 141), (7479, 19, 1857), (7479, 85, 434), (1857, 47, 7479), (5167, 19, 39), (8878, 85, 434), (13529, 43, 141), (8878, 19, 2998), (7479, 19, 39), (13529, 19, 1857)]",4.0295873,"(7479, 19, 2998)",9.0,1,[4.0295873],12,[9],6.0403447
"[({(2323, 107, 163)}, -0.8161949162302891, 'baseline'), ({(2323, 25, 62)}, -1.0933700359507723, 'baseline'), ({(1794, 2, 2323)}, -1.1257746336281542, 'baseline'), ({(2323, 107, 8253)}, -1.152641516926063, 'baseline'), ({(7820, 145, 2323)}, -1.463853695739247, 'baseline'), ({(4191, 145, 2323)}, -1.5462688887658433, 'baseline'), ({(9589, 145, 2323)}, -1.5647639755887315, 'baseline'), ({(4191, 162, 2323)}, -1.615938446412372, 'baseline'), ({(2323, 107, 9877)}, -1.706172802966, 'baseline'), ({(2323, 1, 11771)}, -1.7391814927881406, 'baseline')]","[(2323, 107, 163), (11482, 110, 494), (1794, 2, 12041), (7820, 8, 11482), (8964, 25, 62), (7623, 107, 163), (2323, 107, 8253), (1794, 2, 2323), (2323, 25, 62), (7623, 91, 494), (7820, 145, 2323), (8964, 110, 494), (712, 107, 8253), (12041, 91, 494), (712, 91, 494)]",9.010269,"(2323, 91, 494)",1.0,1,[9.010269],15,[1],9.398626
"[({(1727, 17, 1415)}, -0.722571102946163, 'baseline'), ({(1727, 17, 10844)}, -0.7900780538028541, 'baseline'), ({(4638, 20, 1727)}, -1.16356847202436, 'baseline'), ({(1727, 19, 908)}, -1.2946096602557928, 'baseline'), ({(1727, 19, 1250)}, -1.3135118973171465, 'baseline'), ({(1727, 43, 141)}, -1.3282106422763755, 'baseline'), ({(1727, 41, 212)}, -1.367117789815117, 'baseline'), ({(1727, 19, 1646)}, -1.38110606259885, 'baseline'), ({(1727, 19, 1137)}, -1.456265055693931, 'baseline'), ({(1727, 19, 4220)}, -1.5449915603402145, 'baseline')]","[(4638, 20, 11706), (7323, 17, 432), (7323, 17, 1415), (13366, 17, 10844), (1727, 19, 1250), (10623, 19, 1250), (908, 47, 539), (1727, 17, 10844), (4638, 20, 1727), (13366, 17, 432), (11706, 17, 432), (10623, 17, 432), (1727, 19, 908), (539, 17, 432), (1727, 17, 1415)]",6.2120523,"(1727, 17, 432)",5.0,1,[6.2120523],15,[5],7.2044873
"[({(13994, 154, 2438)}, -0.37340044675236855, 'baseline'), ({(13994, 127, 2792)}, -1.2658259376082126, 'baseline'), ({(2792, 15, 13994)}, -1.771950603779554, 'baseline'), ({(12732, 24, 13994)}, -2.069567060825139, 'baseline'), ({(3891, 24, 13994)}, -2.352162359493131, 'baseline'), ({(12732, 66, 13994)}, -2.354087046731955, 'baseline'), ({(3891, 66, 13994)}, -2.4816967295606305, 'baseline')]","[(32, 154, 2438), (3891, 24, 13994), (2792, 15, 13994), (12732, 48, 32), (12732, 24, 13994), (2792, 133, 32), (13994, 154, 2438), (3891, 48, 32), (13994, 127, 2792)]",5.375995,"(13994, 133, 32)",1.0,1,[5.375995],9,[1],7.4030623
"[({(705, 148, 7018)}, -0.6005097485591108, 'baseline'), ({(705, 148, 4653)}, -0.6019108639268317, 'baseline'), ({(705, 220, 6386)}, -0.6201192076024159, 'baseline'), ({(705, 148, 1264)}, -0.6317299078439805, 'baseline'), ({(705, 148, 4599)}, -0.6353235100685087, 'baseline'), ({(705, 148, 4558)}, -0.6354920381190428, 'baseline'), ({(705, 148, 2034)}, -0.6365096207553004, 'baseline'), ({(705, 148, 1922)}, -0.6463797743010506, 'baseline'), ({(705, 148, 9623)}, -0.6466059757249453, 'baseline'), ({(705, 148, 3021)}, -0.6467539040561276, 'baseline')]","[(705, 148, 1264), (2861, 231, 7018), (10954, 148, 2861), (705, 148, 4599), (12391, 148, 4653), (2861, 231, 1264), (705, 220, 6386), (4599, 231, 2861), (10954, 220, 6386), (705, 148, 4653), (12391, 148, 2861), (705, 148, 7018)]",6.8701973,"(705, 148, 2861)",1.0,1,[6.8701973],12,[1],6.9772243
"[({(119, 15, 13557)}, -1.143500471824642, 'baseline'), ({(13557, 25, 62)}, -1.1453486846772343, 'baseline'), ({(10423, 15, 13557)}, -1.4694261632049563, 'baseline')]","[(13832, 154, 2620), (119, 15, 13557), (10958, 25, 62), (10423, 15, 13557), (119, 154, 2620), (10958, 154, 2620), (10423, 15, 13832), (13557, 25, 62)]",8.510433,"(13557, 154, 2620)",4.0,1,[8.510433],8,[4],6.6576047
"[({(10437, 48, 32)}, 0.24850343084617396, 'baseline'), ({(10437, 24, 2607)}, -0.7403811151330746, 'baseline'), ({(10437, 66, 2607)}, -0.7759201154634869, 'baseline'), ({(10437, 39, 150)}, -1.021882626374489, 'baseline'), ({(10437, 17, 2044)}, -1.1267236305290214, 'baseline'), ({(10437, 19, 1060)}, -1.1317343217630353, 'baseline'), ({(3644, 183, 10437)}, -2.2614757085683324, 'baseline'), ({(10437, 38, 3644)}, -2.806917125820579, 'baseline')]","[(14350, 48, 32), (9371, 43, 141), (14350, 43, 141), (10437, 17, 2044), (11381, 39, 150), (10437, 24, 2607), (10437, 39, 150), (10437, 48, 32), (9371, 66, 2607), (12439, 43, 141), (11381, 43, 141), (10437, 66, 2607), (12439, 17, 2044)]",6.507054,"(10437, 43, 141)",1.0,1,[6.507054],13,[1],8.017205
"[({(2611, 160, 249)}, -1.053704290711734, 'baseline'), ({(2611, 41, 985)}, -1.377669183378915, 'baseline'), ({(2611, 160, 382)}, -1.5826286724320702, 'baseline'), ({(6196, 76, 2611)}, -2.1313466228671367, 'baseline'), ({(1931, 76, 2611)}, -2.1783220175370976, 'baseline'), ({(9005, 76, 2611)}, -2.2726071199657265, 'baseline'), ({(4528, 76, 2611)}, -2.281949496606089, 'baseline'), ({(2804, 76, 2611)}, -2.3499168734683606, 'baseline'), ({(12383, 76, 2611)}, -2.3849047665352954, 'baseline'), ({(5600, 20, 2611)}, -2.423323450355888, 'baseline')]","[(382, 15, 14394), (2611, 160, 249), (985, 42, 8323), (1931, 25, 62), (10939, 25, 62), (10939, 199, 249), (8323, 25, 62), (6196, 76, 2611), (14394, 25, 62), (6196, 25, 62), (2611, 160, 382), (2611, 41, 985), (1931, 76, 2611)]",7.5973973,"(2611, 25, 62)",1.0,1,[7.5973973],13,[1],7.586446
"[({(3120, 220, 4005)}, -0.16202416451264975, 'baseline'), ({(3120, 148, 7018)}, -0.528724916833079, 'baseline'), ({(3120, 148, 4599)}, -0.5527103758353984, 'baseline'), ({(3120, 148, 4558)}, -0.5713776071326745, 'baseline'), ({(3120, 148, 1264)}, -0.5728126247017284, 'baseline'), ({(3120, 148, 9623)}, -0.585880265444964, 'baseline'), ({(3120, 148, 2861)}, -0.6201233848153143, 'baseline'), ({(3120, 156, 11080)}, -1.000424488726475, 'baseline'), ({(3120, 133, 32)}, -1.0068331273650437, 'baseline'), ({(3120, 156, 1503)}, -1.0445997220848315, 'baseline')]","[(10954, 148, 1264), (1269, 220, 4005), (10954, 148, 4558), (3120, 220, 4005), (3120, 148, 4599), (10820, 148, 4599), (10820, 220, 6386), (1269, 220, 6386), (10954, 220, 6386), (10820, 148, 7018), (3120, 148, 7018), (3120, 148, 1264), (3120, 148, 4558)]",8.694738,"(3120, 220, 6386)",1.0,1,[8.694738],13,[1],8.844319
"[({(13433, 43, 141)}, -0.022908161745281735, 'baseline'), ({(13433, 100, 160)}, -0.19261365653918178, 'baseline'), ({(13433, 17, 967)}, -0.8349703151293674, 'baseline'), ({(13433, 100, 4849)}, -1.6695765041279722, 'baseline'), ({(9917, 50, 13433)}, -1.8047370058865282, 'baseline'), ({(8242, 50, 13433)}, -2.0706023827645454, 'baseline'), ({(13433, 100, 14172)}, -3.1729999709530086, 'baseline')]","[(13433, 43, 141), (13433, 17, 967), (11393, 17, 862), (4417, 17, 862), (12400, 232, 160), (12400, 17, 862), (13858, 100, 4849), (13433, 100, 160), (9917, 50, 11393), (13433, 100, 4849), (9917, 50, 13433), (13858, 17, 862), (11333, 17, 862), (4417, 43, 141), (11333, 17, 967)]",5.138092,"(13433, 17, 862)",1.0,1,[5.138092],15,[1],7.1964135
"[({(1551, 18, 1172)}, -0.925341835236115, 'baseline'), ({(1551, 222, 10671)}, -1.0597879490549234, 'baseline'), ({(1551, 18, 363)}, -1.2700884574496196, 'baseline'), ({(6448, 35, 1551)}, -1.3741624028651382, 'baseline'), ({(5745, 35, 1551)}, -1.3894993174281514, 'baseline'), ({(6653, 35, 1551)}, -1.392033365728884, 'baseline'), ({(4733, 35, 1551)}, -1.4100865215731564, 'baseline'), ({(7692, 35, 1551)}, -1.421061613679228, 'baseline'), ({(2617, 35, 1551)}, -1.4497309274020784, 'baseline'), ({(3206, 35, 1551)}, -1.4516154577565763, 'baseline')]","[(5745, 35, 1551), (1551, 222, 10671), (1551, 18, 1172), (6778, 18, 10398), (6778, 222, 10671), (3554, 18, 10398), (2474, 18, 10398), (854, 18, 10398), (6448, 35, 1551), (3554, 18, 363), (854, 18, 1172), (5745, 35, 2474), (6448, 35, 1161), (1161, 18, 10398), (1551, 18, 363)]",6.625058,"(1551, 18, 10398)",1.0,1,[6.625058],15,[1],6.7144117
"[({(6053, 85, 434)}, 0.34546700687952075, 'baseline'), ({(6053, 24, 6277)}, -1.1917269187855277, 'baseline'), ({(6053, 66, 2274)}, -1.7976330212030387, 'baseline'), ({(6053, 77, 558)}, -1.920321223607057, 'baseline'), ({(8619, 77, 6053)}, -2.206259729882246, 'baseline'), ({(6053, 38, 9994)}, -2.2132274778508605, 'baseline'), ({(6053, 77, 8619)}, -2.2750757553157315, 'baseline'), ({(6053, 77, 12242)}, -2.3604724258054284, 'baseline'), ({(6053, 3, 7677)}, -2.395205663313184, 'baseline'), ({(6053, 3, 8719)}, -2.399273402079989, 'baseline')]","[(8619, 48, 32), (434, 161, 32), (6053, 77, 558), (6053, 24, 6277), (558, 48, 32), (6053, 66, 2274), (32, 15, 6277), (8619, 77, 6053), (32, 15, 2274), (6053, 85, 434)]",7.660744,"(6053, 48, 32)",1.0,1,[7.660744],10,[1],8.074702
"[({(7744, 13, 4474)}, -1.2870194917593272, 'baseline'), ({(7744, 13, 331)}, -1.308015513498735, 'baseline'), ({(7744, 13, 2091)}, -1.308937996518851, 'baseline'), ({(7744, 13, 816)}, -1.314060253202977, 'baseline'), ({(7744, 13, 1304)}, -1.3169245696420275, 'baseline'), ({(7744, 13, 993)}, -1.3580821497662616, 'baseline'), ({(7744, 13, 1405)}, -1.3723970065586792, 'baseline'), ({(7744, 13, 1585)}, -1.3725418670048541, 'baseline'), ({(7744, 13, 1280)}, -1.3778026229715223, 'baseline'), ({(7744, 13, 7467)}, -1.3877355466875212, 'baseline')]","[(1097, 13, 1304), (7744, 13, 2091), (9283, 13, 2091), (7744, 13, 1304), (8587, 168, 2046), (1097, 13, 2046), (7744, 13, 816), (8586, 13, 2046), (11033, 37, 4474), (7744, 13, 331), (8586, 13, 816), (9283, 13, 2046), (7744, 13, 4474), (8587, 168, 331), (11033, 37, 2046)]",5.7142715,"(7744, 13, 2046)",6.0,1,[5.7142715],15,[6],5.7034497
"[({(4819, 43, 141)}, 0.5980738503115132, 'baseline'), ({(4819, 82, 2456)}, -0.19977364475468712, 'baseline'), ({(4819, 48, 1124)}, -0.3190197534423698, 'baseline'), ({(4819, 17, 243)}, -0.49817251743762103, 'baseline'), ({(4819, 82, 7859)}, -0.6268100970904285, 'baseline'), ({(4819, 17, 3482)}, -1.2288963994726088, 'baseline'), ({(4819, 202, 4168)}, -1.316844413057387, 'baseline'), ({(4819, 21, 4732)}, -1.3477423808581488, 'baseline'), ({(4819, 21, 5162)}, -1.3675303413474749, 'baseline'), ({(4819, 21, 2019)}, -1.6103078286611279, 'baseline')]","[(12070, 82, 7859), (4819, 43, 141), (10328, 85, 434), (4819, 48, 1124), (434, 161, 1124), (14148, 43, 141), (4819, 82, 7859), (4819, 17, 243), (14148, 85, 434), (4819, 82, 2456), (11015, 82, 2456), (10328, 17, 243), (11015, 85, 434), (12070, 85, 434)]",6.347065,"(4819, 85, 434)",1.0,1,[6.347065],14,[1],7.9445515
"[({(1759, 10, 1256)}, -0.7512673699221499, 'baseline'), ({(1759, 10, 9617)}, -0.8658171540730544, 'baseline'), ({(7641, 30, 1759)}, -1.3155718239215652, 'baseline'), ({(1759, 7, 5031)}, -1.419856760595294, 'baseline'), ({(9329, 30, 1759)}, -1.4960789692538765, 'baseline'), ({(1759, 7, 7641)}, -1.5147502705957154, 'baseline'), ({(1759, 7, 7504)}, -1.5575309162430362, 'baseline'), ({(1759, 7, 3828)}, -1.6257460746745127, 'baseline'), ({(1759, 7, 1731)}, -1.6608426771497085, 'baseline'), ({(1759, 7, 2670)}, -1.6869741001930323, 'baseline')]","[(1759, 7, 5031), (6825, 103, 5031), (1501, 10, 6825), (5136, 10, 1256), (6825, 103, 7641), (9329, 30, 1759), (574, 10, 6825), (1759, 10, 9617), (5136, 10, 6825), (1759, 10, 1256), (1501, 7, 9329), (7641, 30, 1759), (574, 10, 9617)]",6.311776,"(1759, 10, 6825)",1.0,1,[6.311776],13,[1],6.1227975
"[({(5090, 48, 382)}, -0.25380854275271386, 'baseline'), ({(5090, 66, 249)}, -0.666082673097747, 'baseline'), ({(5090, 48, 308)}, -0.9568029197776057, 'baseline'), ({(5090, 77, 4974)}, -1.45752214015463, 'baseline'), ({(5090, 8, 2053)}, -1.9038530175195252, 'baseline'), ({(5090, 8, 2563)}, -1.9355353083592237, 'baseline'), ({(5090, 3, 2563)}, -2.051998496809954, 'baseline'), ({(5090, 8, 2422)}, -2.085242684617818, 'baseline'), ({(5090, 8, 4433)}, -2.0869801206367145, 'baseline'), ({(5090, 8, 3666)}, -2.10471151066741, 'baseline')]","[(4974, 85, 434), (434, 161, 308), (434, 161, 382), (5090, 77, 4974), (434, 161, 249), (2053, 85, 434), (5090, 8, 2053), (5090, 48, 308), (5090, 48, 382), (5090, 66, 249)]",6.947709,"(5090, 85, 434)",1.0,1,[6.947709],10,[1],6.9438825
"[({(2348, 48, 32)}, -0.12167083727616798, 'baseline'), ({(2348, 100, 160)}, -0.20962267946946445, 'baseline'), ({(2348, 43, 384)}, -0.266023089693983, 'baseline'), ({(2348, 17, 862)}, -0.3396244316198467, 'baseline'), ({(2348, 17, 215)}, -0.6467983237761051, 'baseline'), ({(2348, 66, 1327)}, -0.6752586633521129, 'baseline'), ({(2348, 17, 871)}, -0.7783203126582364, 'baseline'), ({(2348, 187, 2349)}, -0.9487054050193706, 'baseline'), ({(8037, 149, 2348)}, -1.3255058017904249, 'baseline'), ({(2348, 17, 800)}, -1.3734022368165029, 'baseline')]","[(2348, 17, 215), (8370, 48, 32), (160, 70, 9095), (2348, 43, 384), (8370, 82, 1771), (9481, 17, 862), (2348, 48, 32), (12299, 82, 1771), (9481, 82, 1771), (12299, 43, 384), (2348, 100, 160), (8733, 82, 1771), (8733, 17, 215), (9095, 18, 1771), (2348, 17, 862)]",7.2078266,"(2348, 82, 1771)",1.0,1,[7.2078266],15,[1],8.100239
"[({(166, 8, 1193)}, -1.5151602033355187, 'baseline'), ({(166, 8, 1040)}, -1.5396565352366558, 'baseline'), ({(166, 8, 7785)}, -1.5738411829582335, 'baseline'), ({(166, 8, 2299)}, -1.6254684076886239, 'baseline'), ({(166, 8, 663)}, -1.6665761572617241, 'baseline'), ({(2186, 8, 166)}, -1.66732568680636, 'baseline'), ({(4412, 8, 166)}, -1.6850395651804717, 'baseline'), ({(166, 38, 1301)}, -1.6921720343756959, 'baseline'), ({(166, 3, 687)}, -1.712073397037235, 'baseline'), ({(4658, 8, 166)}, -1.762292442407068, 'baseline')]","[(1040, 19, 559), (166, 8, 2299), (166, 8, 663), (559, 47, 1193), (166, 8, 1193), (7785, 19, 559), (663, 19, 559), (166, 8, 7785), (2299, 19, 559), (166, 8, 1040)]",7.758168,"(166, 19, 559)",1.0,1,[7.758168],10,[1],7.7511554
"[({(2719, 41, 138)}, -0.6653830176231282, 'baseline'), ({(2719, 41, 597)}, -0.8353996717011025, 'baseline'), ({(2719, 41, 212)}, -0.8484938132018466, 'baseline'), ({(2719, 134, 138)}, -0.8681012784077935, 'baseline'), ({(2719, 41, 310)}, -0.8725338220926303, 'baseline'), ({(2719, 134, 1271)}, -0.8964867308277189, 'baseline'), ({(2719, 41, 210)}, -0.903064446475914, 'baseline'), ({(2719, 41, 2556)}, -0.9124486459358144, 'baseline'), ({(2719, 134, 2556)}, -1.0649190008587919, 'baseline'), ({(2719, 134, 212)}, -1.0712366956818384, 'baseline')]","[(2719, 41, 310), (570, 9, 597), (138, 9, 570), (2719, 41, 138), (2719, 41, 212), (310, 75, 570), (2719, 41, 597), (212, 9, 570), (2719, 134, 138)]",6.246509,"(2719, 41, 570)",4.0,1,[6.246509],9,[4],6.5151615
"[({(1843, 34, 90)}, -0.10350679242988937, 'baseline'), ({(1843, 86, 410)}, -0.8510917891316566, 'baseline'), ({(1843, 183, 4593)}, -1.1465626445205461, 'baseline'), ({(1843, 106, 3373)}, -1.4224348480170235, 'baseline'), ({(410, 32, 1843)}, -1.4979936129781253, 'baseline'), ({(2355, 6, 1843)}, -1.7243040120760047, 'baseline'), ({(6371, 6, 1843)}, -1.7304065103358128, 'baseline'), ({(9791, 6, 1843)}, -1.7884965481977915, 'baseline'), ({(12179, 6, 1843)}, -1.8034954377866812, 'baseline'), ({(1843, 109, 2551)}, -1.9194147814691338, 'baseline')]","[(1843, 86, 410), (32, 139, 90), (4593, 48, 32), (410, 32, 1843), (3373, 135, 32), (410, 16, 32), (1843, 34, 90), (1843, 106, 3373), (1843, 183, 4593)]",7.8002195,"(1843, 28, 32)",1.0,1,[7.8002195],9,[1],8.216557
"[({(4660, 107, 658)}, -1.0878632810987208, 'baseline'), ({(1794, 2, 4660)}, -1.3895321934421918, 'baseline'), ({(4660, 107, 136)}, -1.432763590539385, 'baseline'), ({(4660, 30, 1827)}, -1.5134921042969662, 'baseline'), ({(4649, 7, 4660)}, -1.6607574090080157, 'baseline'), ({(4491, 103, 4660)}, -1.7191299153527275, 'baseline'), ({(3312, 145, 4660)}, -1.7245342895982367, 'baseline'), ({(1469, 7, 4660)}, -1.8293622909038443, 'baseline'), ({(5119, 103, 4660)}, -1.8662725413370767, 'baseline'), ({(3113, 38, 4660)}, -1.9060602489987448, 'baseline')]","[(4660, 107, 136), (4649, 7, 6974), (6974, 107, 4), (11264, 107, 658), (1827, 7, 8346), (1794, 2, 4660), (4660, 30, 1827), (4660, 107, 658), (9520, 31, 136), (11264, 107, 4), (9520, 31, 4), (8346, 107, 4), (1794, 2, 11264), (4649, 7, 4660)]",6.5717564,"(4660, 107, 4)",1.0,1,[6.5717564],14,[1],7.1832814
"[({(786, 35, 12986)}, -0.7222373664059477, 'baseline'), ({(471, 64, 786)}, -1.3423883478281804, 'baseline'), ({(6448, 64, 786)}, -1.3511158123762133, 'baseline'), ({(513, 64, 786)}, -1.3658307297584449, 'baseline'), ({(688, 64, 786)}, -1.37182667449108, 'baseline'), ({(3282, 64, 786)}, -1.3745411876594955, 'baseline'), ({(6653, 64, 786)}, -1.381908382708389, 'baseline'), ({(4552, 64, 786)}, -1.3861971764413934, 'baseline'), ({(1624, 64, 786)}, -1.395014606906465, 'baseline'), ({(786, 64, 6448)}, -1.417638049367433, 'baseline')]","[(471, 64, 786), (6448, 35, 12545), (513, 35, 12545), (6448, 64, 786), (12986, 58, 12545), (688, 64, 786), (513, 64, 786), (471, 35, 12545), (786, 35, 12986), (688, 35, 12545)]",5.7749743,"(786, 35, 12545)",3.0,1,[5.7749743],10,[3],6.4405465
"[({(13197, 80, 344)}, -0.8177655375569417, 'baseline'), ({(13197, 5, 11)}, -0.9183366721518161, 'baseline'), ({(13197, 4, 11)}, -0.9201591377239637, 'baseline'), ({(13197, 5, 399)}, -0.9364634125333882, 'baseline'), ({(13197, 4, 399)}, -0.9386423159059615, 'baseline'), ({(13197, 5, 117)}, -0.9796408131420037, 'baseline'), ({(11, 130, 13197)}, -1.3053732900444237, 'baseline'), ({(399, 130, 13197)}, -1.3217749477918774, 'baseline'), ({(117, 130, 13197)}, -1.387496982466306, 'baseline'), ({(13197, 95, 926)}, -1.4002417006511985, 'baseline')]","[(9, 178, 11), (5401, 4, 9), (9, 178, 399), (5401, 80, 344), (13197, 4, 11), (13197, 5, 11), (13197, 4, 399), (13197, 80, 344), (13197, 5, 399)]",7.306233,"(13197, 5, 9)",1.0,1,[7.306233],9,[1],7.7915053
"[({(4093, 45, 5910)}, -1.373523490442429, 'baseline'), ({(4093, 119, 5910)}, -1.3752042048362367, 'baseline'), ({(4093, 45, 4294)}, -1.642426711151555, 'baseline'), ({(4093, 45, 2614)}, -1.693418141390222, 'baseline'), ({(4093, 192, 4925)}, -1.8821503072944348, 'baseline'), ({(4093, 45, 5572)}, -1.9200988828791254, 'baseline'), ({(4093, 45, 4202)}, -1.9283777265379882, 'baseline'), ({(3366, 45, 4093)}, -2.052234818468147, 'baseline'), ({(4093, 45, 3366)}, -2.1191516528417287, 'baseline'), ({(6464, 45, 4093)}, -2.154090924533516, 'baseline')]","[(4093, 45, 5910), (4294, 85, 434), (4093, 192, 4925), (4925, 85, 434), (5910, 85, 434), (4093, 45, 2614), (2614, 85, 434), (4093, 45, 4294), (4093, 119, 5910)]",7.890917,"(4093, 85, 434)",1.0,1,[7.890917],9,[1],7.577811
"[({(7956, 113, 737)}, -0.45379348701373196, 'baseline'), ({(7956, 16, 32)}, -0.53235637009064, 'baseline'), ({(7956, 25, 62)}, -0.5747654537243302, 'baseline'), ({(7956, 172, 7192)}, -0.7309143576908508, 'baseline'), ({(1296, 44, 7956)}, -1.4022986737399696, 'baseline'), ({(1696, 44, 7956)}, -1.4817545575457123, 'baseline'), ({(236, 44, 7956)}, -1.4952372217190197, 'baseline'), ({(4413, 44, 7956)}, -1.5359584875848686, 'baseline'), ({(6896, 44, 7956)}, -1.5911451738478228, 'baseline'), ({(4889, 44, 7956)}, -1.59202389210993, 'baseline')]","[(7956, 25, 62), (7956, 113, 737), (7956, 16, 32), (12382, 51, 160), (12123, 25, 62), (9524, 198, 160), (12382, 185, 32), (12123, 113, 737), (1296, 44, 7956), (12067, 172, 7192), (12067, 198, 160), (1296, 44, 9524), (12123, 198, 160), (7956, 172, 7192)]",6.711666,"(7956, 198, 160)",1.0,1,[6.711666],14,[1],8.374424
"[({(12458, 48, 32)}, 0.34546700687952075, 'baseline'), ({(12458, 17, 862)}, 0.07373719199322486, 'baseline'), ({(12458, 17, 215)}, -0.23925192612386595, 'baseline'), ({(12458, 17, 393)}, -0.39763865654751723, 'baseline'), ({(12458, 24, 592)}, -0.4725406178100942, 'baseline'), ({(12458, 191, 10948)}, -1.1682303818739677, 'baseline'), ({(12458, 19, 550)}, -1.3765991908660176, 'baseline'), ({(12458, 6, 7135)}, -1.4069331487120884, 'baseline'), ({(12458, 19, 5136)}, -1.6508856305179913, 'baseline'), ({(12458, 38, 9259)}, -1.7255595784795326, 'baseline')]","[(12458, 48, 32), (434, 161, 32), (12458, 17, 862), (12820, 85, 434), (12458, 17, 215), (13359, 85, 434), (9660, 85, 434), (9660, 17, 215), (12458, 24, 592), (13359, 17, 862), (13312, 85, 434), (13312, 39, 592), (12458, 17, 393), (12820, 17, 393)]",6.88836,"(12458, 85, 434)",1.0,1,[6.88836],14,[1],8.788849
"[({(2693, 20, 4931)}, -1.303995433413549, 'baseline'), ({(5953, 76, 4931)}, -1.3565852448096352, 'baseline'), ({(4931, 8, 4208)}, -1.4195952083376173, 'baseline'), ({(4931, 8, 948)}, -1.4513394431648194, 'baseline'), ({(948, 8, 4931)}, -1.504219523179883, 'baseline'), ({(4567, 8, 4931)}, -1.5299960754207145, 'baseline'), ({(671, 8, 4931)}, -1.5442019838904497, 'baseline'), ({(4931, 8, 6979)}, -1.5494207195546756, 'baseline'), ({(6979, 8, 4931)}, -1.5522483067262463, 'baseline'), ({(4931, 17, 60)}, -1.5767378379252757, 'baseline')]","[(5953, 76, 4931), (9014, 47, 4208), (2693, 20, 4931), (2693, 20, 7843), (7843, 19, 9014), (4931, 8, 4208), (948, 19, 9014), (4931, 8, 948), (948, 8, 4931), (5953, 76, 7843)]",6.315462,"(4931, 19, 9014)",2.0,1,[6.315462],10,[2],6.3626885
"[({(5072, 48, 1124)}, -0.34608586219750676, 'baseline'), ({(5072, 48, 382)}, -0.46196443020561123, 'baseline'), ({(5072, 85, 434)}, -0.6660783911796789, 'baseline'), ({(5072, 82, 2456)}, -1.0172666798448018, 'baseline'), ({(5072, 17, 818)}, -1.2775082679395278, 'baseline'), ({(5072, 17, 2006)}, -1.3144429951497467, 'baseline'), ({(5072, 17, 243)}, -1.4035389122797048, 'baseline'), ({(5072, 17, 6143)}, -1.7851166551035444, 'baseline'), ({(3730, 140, 5072)}, -1.8525939085110217, 'baseline'), ({(5072, 21, 959)}, -2.059440213977932, 'baseline')]","[(5072, 17, 818), (382, 54, 249), (5072, 85, 434), (9709, 66, 249), (434, 161, 249), (5072, 48, 382), (5596, 66, 249), (5072, 82, 2456), (1124, 15, 8366), (5072, 48, 1124), (9709, 17, 818), (249, 15, 8366), (5596, 82, 2456)]",5.8572917,"(5072, 66, 249)",2.0,1,[5.8572917],13,[2],6.7542014
"[({(5078, 85, 434)}, -0.5562352798611491, 'baseline'), ({(5078, 43, 141)}, -0.6101037565905838, 'baseline'), ({(5078, 48, 32)}, -0.7312621883976761, 'baseline'), ({(5078, 24, 2244)}, -0.7359573582330651, 'baseline'), ({(5078, 82, 6851)}, -0.93032930713242, 'baseline'), ({(5078, 17, 818)}, -1.1530467599098055, 'baseline'), ({(5078, 19, 931)}, -1.9921512169748796, 'baseline'), ({(5078, 19, 2658)}, -2.2258490778521898, 'baseline'), ({(5078, 38, 1335)}, -2.2571423326845417, 'baseline'), ({(5078, 102, 1335)}, -2.258288265191492, 'baseline')]","[(181, 218, 32), (5078, 82, 6851), (5078, 24, 2244), (11717, 48, 181), (11717, 43, 141), (5078, 48, 32), (2244, 133, 181), (434, 161, 181), (11313, 48, 181), (5078, 43, 141), (11313, 82, 6851), (5078, 85, 434)]",4.4405746,"(5078, 48, 181)",2.0,1,[4.4405746],12,[2],5.891928
"[({(1580, 13, 202)}, -1.1591435028039723, 'baseline'), ({(1580, 13, 1934)}, -1.2049646528527131, 'baseline'), ({(1580, 13, 2282)}, -1.2193047205061864, 'baseline'), ({(1580, 34, 90)}, -1.2839482123317814, 'baseline'), ({(1580, 13, 2410)}, -1.2905328741202509, 'baseline'), ({(1580, 13, 1361)}, -1.2936072629227735, 'baseline'), ({(1580, 13, 308)}, -1.3057939476287082, 'baseline'), ({(1580, 13, 1080)}, -1.3082574612302793, 'baseline'), ({(1580, 13, 1405)}, -1.3295329576119341, 'baseline'), ({(1580, 13, 1302)}, -1.3702142705741407, 'baseline')]","[(10791, 13, 2410), (1580, 13, 1934), (1682, 58, 202), (6076, 29, 1934), (1580, 34, 90), (2282, 58, 1682), (6076, 29, 1682), (10791, 13, 1682), (1580, 13, 2410), (1580, 13, 2282), (1580, 13, 202), (1682, 206, 90)]",5.314822,"(1580, 13, 1682)",8.0,1,[5.314822],12,[8],5.7745996
"[({(476, 113, 737)}, -1.0612905299632631, 'baseline'), ({(476, 198, 160)}, -1.1629454697594213, 'baseline'), ({(476, 172, 5721)}, -1.2224439315681688, 'baseline'), ({(476, 198, 5334)}, -1.3422170616827955, 'baseline'), ({(476, 113, 5770)}, -1.3994845393997712, 'baseline'), ({(476, 150, 382)}, -1.4115746595975114, 'baseline'), ({(476, 150, 181)}, -1.4413698440059233, 'baseline')]","[(9686, 46, 1407), (476, 113, 737), (476, 113, 5770), (736, 46, 1407), (476, 198, 160), (736, 198, 5334), (10905, 46, 1407), (10529, 198, 160), (476, 172, 5721), (10529, 46, 1407), (10905, 113, 5770), (10529, 113, 737), (476, 198, 5334), (9686, 172, 5721)]",5.1555586,"(476, 46, 1407)",7.0,1,[5.1555586],14,[7],7.008473
