facts,original_rank,new_rank,new_score,prediction,new_scores,exp,original_score,exp_length,new_ranks
"[({(6427, 3, 278)}, 0.12783531388243244, 'baseline'), ({(6427, 2, 29)}, 0.10035804945555367, 'baseline'), ({(6427, 3, 479)}, 0.04996399111313683, 'baseline'), ({(6427, 3, 40)}, 0.04525474737401932, 'baseline'), ({(6427, 3, 10)}, 0.03935817905445582, 'baseline'), ({(6427, 3, 6)}, 0.036294023479033585, 'baseline'), ({(6427, 3, 9)}, 0.03085426514484299, 'baseline'), ({(6427, 3, 1267)}, 0.024011651933025686, 'baseline'), ({(6427, 3, 7)}, 0.022267381619176085, 'baseline'), ({(6427, 2, 68)}, 0.01540378758883986, 'baseline')]",1,1.0,9.167824,"(6427, 9, 7790)",[9.167824],"[(21346, 9, 7790), (6427, 3, 278), (21346, 3, 278)]",9.176514,3,[1]
"[({(7125, 3, 479)}, 0.15625433178176093, 'baseline'), ({(7125, 3, 476)}, 0.12849764074702888, 'baseline'), ({(7125, 3, 9)}, 0.09029678538024458, 'baseline'), ({(7125, 3, 78)}, 0.09001306727382528, 'baseline'), ({(7125, 3, 10)}, 0.08983616069573405, 'baseline'), ({(7125, 3, 39)}, 0.0868363781101965, 'baseline'), ({(7125, 3, 220)}, 0.08240894511542332, 'baseline'), ({(7125, 3, 40)}, 0.07927803230451083, 'baseline'), ({(7125, 1, 65)}, 0.05781797600540522, 'baseline'), ({(7125, 4, 66)}, 0.05165771673020608, 'baseline')]",1,2.0,5.4830027,"(7125, 11, 8038)",[5.4830027],"[(24904, 11, 8038), (24904, 3, 479), (7125, 3, 479)]",5.990065,3,[2]
"[({(5822, 4, 66)}, 0.08546833230949885, 'baseline'), ({(5822, 3, 476)}, 0.07204822733506717, 'baseline'), ({(5822, 3, 9)}, 0.07117656900909682, 'baseline'), ({(5822, 3, 220)}, 0.04758648109123432, 'baseline'), ({(5822, 3, 6)}, 0.045855562159808835, 'baseline'), ({(5822, 3, 40)}, 0.044381181697750766, 'baseline'), ({(5822, 2, 68)}, 0.03964237400035805, 'baseline'), ({(5822, 3, 369)}, 0.02827552981053835, 'baseline'), ({(5822, 3, 278)}, 0.023800889891991316, 'baseline'), ({(5822, 3, 33)}, 0.02139000126714732, 'baseline')]",1,1.0,6.1915283,"(5822, 11, 7992)",[6.1915283],"[(13418, 11, 7992), (13418, 4, 66), (5822, 4, 66)]",6.493819,3,[1]
"[({(7788, 3, 1321)}, 0.08248333166656646, 'baseline'), ({(7788, 3, 651)}, 0.08159927561582186, 'baseline'), ({(7788, 3, 479)}, 0.06545070839834174, 'baseline'), ({(7788, 3, 666)}, 0.05314830966624885, 'baseline'), ({(7788, 3, 37)}, 0.046852151826227664, 'baseline'), ({(7788, 3, 10)}, 0.04352192113828545, 'baseline'), ({(7788, 3, 40)}, 0.040317575426830975, 'baseline'), ({(7788, 3, 9)}, 0.04030040930299944, 'baseline'), ({(7788, 3, 220)}, 0.031000177334365074, 'baseline'), ({(7788, 9, 7790)}, 0.02938369935598939, 'baseline')]",1,1.0,6.8464165,"(7788, 11, 8038)",[6.8464165],"[(7788, 3, 1321), (8038, 3, 1321)]",7.2885904,2,[1]
"[({(5279, 4, 66)}, 0.10465482910304885, 'baseline'), ({(5279, 3, 40)}, 0.09956316187114463, 'baseline'), ({(5279, 3, 6)}, 0.08792738152948601, 'baseline'), ({(5279, 3, 75)}, 0.08777670102168905, 'baseline'), ({(5279, 3, 20)}, 0.05274252128403027, 'baseline'), ({(5279, 2, 69)}, 0.042331735573759154, 'baseline'), ({(5279, 3, 1964)}, 0.035798589656172615, 'baseline'), ({(5279, 3, 1878)}, 0.029768030147365416, 'baseline'), ({(5279, 3, 891)}, 0.02842859456050111, 'baseline'), ({(5279, 3, 73)}, 0.026139776178222097, 'baseline')]",1,1.0,5.5056376,"(5279, 11, 7992)",[5.5056376],"[(13418, 4, 66), (13418, 11, 7992), (5279, 4, 66)]",5.8608837,3,[1]
"[({(6848, 4, 66)}, 0.1295919819931266, 'baseline'), ({(6848, 3, 9)}, 0.12434391225068847, 'baseline'), ({(6848, 3, 479)}, 0.08703617290167107, 'baseline'), ({(6848, 1, 65)}, 0.07784847452105632, 'baseline'), ({(6848, 2, 68)}, 0.06394771766625668, 'baseline'), ({(6848, 3, 7)}, 0.05342201420573039, 'baseline'), ({(6848, 3, 75)}, 0.04773525428011384, 'baseline'), ({(6848, 2, 31)}, 0.04748539157156329, 'baseline'), ({(6848, 3, 629)}, 0.02645019715349734, 'baseline'), ({(6848, 3, 748)}, 0.010103265734351196, 'baseline')]",1,3.0,5.560849,"(6848, 11, 7992)",[5.560849],"[(13418, 11, 7992), (6848, 4, 66), (13418, 4, 66)]",5.854315,3,[3]
"[({(7058, 3, 7062)}, 0.5876894432659603, 'baseline'), ({(7058, 2, 7059)}, 0.5314922761529027, 'baseline'), ({(7058, 2, 2083)}, 0.24132255795797586, 'baseline'), ({(7058, 1, 65)}, 0.11090759477413598, 'baseline'), ({(7058, 3, 220)}, 0.03933529086203387, 'baseline'), ({(7058, 3, 40)}, 0.0229168338102349, 'baseline'), ({(7058, 3, 39)}, 0.01674322311288713, 'baseline')]",1,3.0,5.9616985,"(7058, 9, 9349)",[5.9616985],"[(9349, 3, 7062), (7058, 3, 7062)]",6.829075,2,[3]
"[({(5822, 3, 748)}, 0.26897434490431055, 'baseline'), ({(5822, 3, 279)}, 0.16523937438492703, 'baseline'), ({(5822, 3, 40)}, 0.11731723986141496, 'baseline'), ({(5822, 3, 220)}, 0.10882190899122131, 'baseline'), ({(5822, 3, 7)}, 0.09978870587303325, 'baseline'), ({(5822, 3, 6)}, 0.09965900618534566, 'baseline'), ({(5822, 3, 39)}, 0.09181026649749152, 'baseline'), ({(5822, 3, 476)}, 0.07288269231539848, 'baseline'), ({(5822, 3, 9)}, 0.06763462254330319, 'baseline'), ({(5822, 3, 278)}, 0.06296924779750177, 'baseline')]",1,5.0,6.3226366,"(5822, 12, 8676)",[6.3226366],"[(8676, 3, 748), (5822, 3, 748)]",8.200344,2,[5]
"[({(5849, 3, 6)}, 0.08073333932962327, 'baseline'), ({(5849, 3, 88)}, 0.06865028570816975, 'baseline'), ({(5849, 3, 149)}, 0.051236192697179585, 'baseline'), ({(5849, 3, 40)}, 0.04584602541199408, 'baseline'), ({(5849, 3, 7)}, 0.04396442599176912, 'baseline'), ({(5849, 3, 39)}, 0.03679947086490344, 'baseline'), ({(5849, 3, 1328)}, 0.026438753098465443, 'baseline'), ({(5849, 3, 220)}, 0.020637552224687696, 'baseline'), ({(5849, 3, 91)}, 0.02004436679233661, 'baseline'), ({(5849, 3, 418)}, 0.01790622898478651, 'baseline')]",2,2.0,7.0013537,"(5849, 11, 7869)",[7.0013537],"[(5849, 3, 6), (14783, 11, 7869), (14783, 3, 6)]",6.2528124,3,[2]
"[({(5696, 3, 78)}, 0.08795265391861176, 'baseline'), ({(5696, 3, 10)}, 0.06791404914195794, 'baseline'), ({(5696, 3, 40)}, 0.04917053410531313, 'baseline'), ({(5696, 3, 706)}, 0.03343872254635506, 'baseline'), ({(5696, 3, 279)}, 0.033096353459808124, 'baseline'), ({(5696, 3, 7)}, 0.031753580064254945, 'baseline'), ({(5696, 2, 30)}, 0.029515306420643598, 'baseline'), ({(5696, 2, 27)}, 0.019782106376502923, 'baseline'), ({(5696, 3, 20)}, 0.014758150033000702, 'baseline'), ({(5696, 3, 276)}, 0.004653017002863087, 'baseline')]",1,1.0,6.4362535,"(5696, 11, 7992)",[6.4362535],"[(25411, 11, 7992), (5696, 3, 78), (25411, 3, 78)]",6.5734153,3,[1]
"[({(6195, 2, 3219)}, 0.2912455013683378, 'baseline'), ({(6195, 3, 2021)}, 0.09681419568368937, 'baseline'), ({(6195, 3, 40)}, 0.09104828073961584, 'baseline'), ({(6195, 2, 31)}, 0.08444551659042457, 'baseline'), ({(6195, 3, 6197)}, 0.07741646002886782, 'baseline'), ({(6195, 3, 6200)}, 0.07347063252734096, 'baseline'), ({(6195, 1, 65)}, 0.05339769552184091, 'baseline'), ({(6195, 3, 2022)}, 0.038840333881821926, 'baseline'), ({(6195, 3, 6196)}, -0.013596017894065225, 'baseline'), ({(6195, 3, 157)}, -0.013825853379287626, 'baseline')]",1,3.0,5.909441,"(6195, 9, 8721)",[5.909441],"[(6195, 2, 3219), (17030, 9, 8721), (17030, 2, 3219)]",6.0124025,3,[3]
"[({(5717, 3, 2013)}, 0.12932209218999144, 'baseline'), ({(5717, 3, 2014)}, 0.12590793813539786, 'baseline'), ({(5717, 2, 2011)}, 0.10536102491104984, 'baseline'), ({(5717, 3, 1345)}, 0.062052766798142193, 'baseline'), ({(5717, 3, 279)}, 0.055563013074275906, 'baseline'), ({(5717, 2, 4760)}, 0.0492601795033043, 'baseline'), ({(5717, 3, 5723)}, 0.018795053430075946, 'baseline'), ({(5717, 3, 6)}, 0.01529030029862759, 'baseline'), ({(5717, 3, 78)}, 0.012426416346802407, 'baseline'), ({(5717, 3, 9)}, 0.011306802720829645, 'baseline')]",1,1.0,6.414488,"(5717, 9, 2010)",[6.414488],"[(2010, 3, 2013), (5717, 3, 2013)]",7.6262035,2,[1]
"[({(5179, 5, 5180)}, 0.09984497264619574, 'baseline'), ({(5179, 3, 2586)}, 0.08590034677540559, 'baseline'), ({(5179, 2, 2584)}, 0.08436397743759194, 'baseline'), ({(5179, 2, 5181)}, 0.07845977974160352, 'baseline'), ({(5179, 3, 78)}, 0.060416261641394214, 'baseline'), ({(5179, 3, 5184)}, 0.03709701726546703, 'baseline'), ({(5179, 3, 10)}, 0.034474412881134835, 'baseline'), ({(5179, 3, 39)}, 0.02627186010270741, 'baseline'), ({(5179, 1, 65)}, 0.02121643252458386, 'baseline'), ({(5179, 3, 56)}, 0.013917962958070686, 'baseline')]",1,1.0,7.9068794,"(5179, 9, 13676)",[7.9068794],"[(5179, 5, 5180), (25809, 9, 13676), (25809, 5, 5180)]",8.899089,3,[1]
"[({(4912, 3, 2044)}, 0.10558513838990846, 'baseline'), ({(4912, 3, 2043)}, 0.1048489018061891, 'baseline'), ({(4912, 3, 436)}, 0.06916050148460319, 'baseline'), ({(4912, 3, 6)}, 0.05957607458977173, 'baseline'), ({(4912, 3, 504)}, 0.04724125098267301, 'baseline'), ({(4912, 3, 7)}, 0.04503921696903803, 'baseline'), ({(4912, 3, 40)}, 0.03439907262998727, 'baseline'), ({(4912, 3, 2966)}, 0.030149499833704994, 'baseline'), ({(4912, 3, 10)}, 0.017682115475852803, 'baseline'), ({(4912, 4, 66)}, 0.015300790747577328, 'baseline')]",1,1.0,7.046371,"(4912, 11, 7869)",[7.046371],"[(4912, 3, 2044), (7869, 3, 2044)]",7.3935227,2,[1]
"[({(7517, 3, 2279)}, 0.1226158543627455, 'baseline'), ({(7517, 3, 4)}, 0.10069469648545487, 'baseline'), ({(7517, 1, 168)}, 0.0958843632063545, 'baseline'), ({(7517, 2, 2271)}, 0.08407406047611027, 'baseline'), ({(7517, 3, 293)}, 0.08091739845512026, 'baseline'), ({(7517, 3, 6)}, 0.07606605722707348, 'baseline'), ({(7517, 3, 5934)}, 0.05796245763259254, 'baseline'), ({(7517, 3, 3121)}, 0.038448373770056964, 'baseline'), ({(7517, 3, 5846)}, 0.03722004121748308, 'baseline'), ({(7517, 3, 58)}, 0.026134530946877697, 'baseline')]",1,1.0,7.952806,"(7517, 9, 7759)",[7.952806],"[(17137, 3, 2279), (7517, 3, 2279), (17137, 9, 7759)]",8.731943,3,[1]
"[({(6162, 3, 88)}, 0.08967975807036987, 'baseline'), ({(6162, 3, 40)}, 0.07505706976754095, 'baseline'), ({(6162, 3, 149)}, 0.07278064917872429, 'baseline'), ({(6162, 3, 5727)}, 0.06137279698216193, 'baseline'), ({(6162, 3, 6166)}, 0.06082061953999624, 'baseline'), ({(6162, 3, 5730)}, 0.05795482823731499, 'baseline'), ({(6162, 3, 2017)}, 0.05686287115062855, 'baseline'), ({(6162, 3, 1345)}, 0.05075554082388289, 'baseline'), ({(6162, 3, 2013)}, 0.04769710725533349, 'baseline'), ({(6162, 2, 2011)}, 0.0472612781418579, 'baseline')]",1,1.0,7.3233204,"(6162, 9, 2010)",[7.3233204],"[(24132, 3, 88), (6162, 3, 88), (24132, 9, 2010)]",8.629868,3,[1]
"[({(5920, 3, 111)}, 0.12038521011987842, 'baseline'), ({(5920, 2, 69)}, 0.1064434452921392, 'baseline'), ({(5920, 3, 74)}, 0.07888607214051954, 'baseline'), ({(5920, 3, 10)}, 0.07198719215266251, 'baseline'), ({(5920, 3, 9)}, 0.05675224490156033, 'baseline'), ({(5920, 3, 532)}, 0.05419925875385202, 'baseline'), ({(5920, 3, 220)}, 0.050884286827239465, 'baseline'), ({(5920, 3, 40)}, 0.04968265723306971, 'baseline'), ({(5920, 3, 7)}, 0.03020862765636208, 'baseline'), ({(5920, 2, 68)}, 0.023923913927795245, 'baseline')]",1,1.0,8.929421,"(5920, 9, 8418)",[8.929421],"[(5920, 3, 111), (17052, 3, 111), (17052, 9, 8418)]",9.054642,3,[1]
"[({(6822, 3, 2044)}, 0.14841751308820653, 'baseline'), ({(6822, 3, 2043)}, 0.1483612462549376, 'baseline'), ({(6822, 3, 436)}, 0.10992435654774942, 'baseline'), ({(6822, 3, 1112)}, 0.0753326816398739, 'baseline'), ({(6822, 3, 6)}, 0.06591037940682339, 'baseline'), ({(6822, 3, 40)}, 0.049996416082971215, 'baseline'), ({(6822, 2, 30)}, 0.039315263702115494, 'baseline'), ({(6822, 3, 41)}, 0.03216365999747425, 'baseline'), ({(6822, 1, 65)}, 0.02829555696011054, 'baseline'), ({(6822, 4, 66)}, 0.02492241088817219, 'baseline')]",1,1.0,6.1720724,"(6822, 11, 7869)",[6.1720724],"[(6822, 3, 2044), (7869, 3, 2044)]",6.63501,2,[1]
"[({(7365, 3, 6)}, 0.07213644217731376, 'baseline'), ({(7365, 3, 279)}, 0.06923774907210672, 'baseline'), ({(7365, 3, 2226)}, 0.0660658283273398, 'baseline'), ({(7365, 3, 277)}, 0.063554326997149, 'baseline'), ({(7365, 3, 91)}, 0.05788044163431066, 'baseline'), ({(7365, 3, 276)}, 0.054463903413218676, 'baseline'), ({(7365, 3, 40)}, 0.04964212606493348, 'baseline'), ({(7365, 3, 7)}, 0.039665262156886344, 'baseline'), ({(7365, 2, 30)}, 0.038768331497626596, 'baseline'), ({(7365, 3, 75)}, 0.02544120976694518, 'baseline')]",2,1.0,7.776911,"(7365, 12, 6095)",[7.776911],"[(7365, 3, 6), (6095, 3, 6)]",7.641706,2,[1]
"[({(5110, 2, 788)}, 0.11248783309953582, 'baseline'), ({(5110, 1, 65)}, 0.10055975157642323, 'baseline'), ({(5110, 3, 39)}, 0.06378940768852628, 'baseline'), ({(5110, 3, 5115)}, 0.059024850802233096, 'baseline'), ({(5110, 3, 2040)}, 0.055613557782120196, 'baseline'), ({(5110, 3, 277)}, 0.04686693379892431, 'baseline'), ({(5110, 2, 31)}, 0.04651550479203957, 'baseline'), ({(5110, 3, 2031)}, 0.040761034002970375, 'baseline'), ({(5110, 2, 30)}, 0.03293375204242681, 'baseline'), ({(5110, 3, 5113)}, 0.028278390823241576, 'baseline')]",2,2.0,5.8490705,"(5110, 11, 6729)",[5.8490705],"[(5110, 2, 788), (10439, 11, 6729), (10439, 2, 788)]",6.395771,3,[2]
"[({(7655, 3, 479)}, 0.1103725834623326, 'baseline'), ({(7655, 3, 476)}, 0.08625320627085449, 'baseline'), ({(7655, 3, 10)}, 0.08316044047481516, 'baseline'), ({(7655, 3, 39)}, 0.0815363330738681, 'baseline'), ({(7655, 3, 220)}, 0.0788288517004274, 'baseline'), ({(7655, 3, 9)}, 0.07107834052060016, 'baseline'), ({(7655, 3, 40)}, 0.06691650577717562, 'baseline'), ({(7655, 8, 7427)}, 0.05792717170813237, 'baseline'), ({(7655, 3, 2132)}, 0.04555896948441655, 'baseline'), ({(7655, 2, 68)}, 0.042876283606244375, 'baseline')]",1,1.0,6.196885,"(7655, 11, 8038)",[6.196885],"[(7655, 3, 479), (24904, 11, 8038), (24904, 3, 479)]",6.992312,3,[1]
"[({(6812, 3, 6815)}, 0.17612795093849096, 'baseline'), ({(6812, 3, 6818)}, 0.16803840851504565, 'baseline'), ({(6812, 3, 1870)}, 0.09618047907609478, 'baseline'), ({(6812, 3, 294)}, 0.09525207712468073, 'baseline'), ({(6812, 5, 6813)}, 0.07240537832274306, 'baseline'), ({(6812, 3, 1)}, 0.06690220067097985, 'baseline'), ({(6812, 3, 694)}, 0.06591943930942312, 'baseline'), ({(6812, 3, 6209)}, 0.05858234591554801, 'baseline'), ({(6812, 2, 1813)}, 0.039391557667473445, 'baseline'), ({(6812, 3, 6817)}, 0.007708589486935959, 'baseline')]",1,3.0,6.362507,"(6812, 12, 13960)",[6.362507],"[(13960, 3, 6815), (6812, 3, 6815)]",7.1088166,2,[3]
"[({(5218, 2, 2083)}, 0.2247882294421074, 'baseline'), ({(5218, 3, 2085)}, 0.21927074663181895, 'baseline'), ({(5218, 3, 3675)}, 0.15321735588080188, 'baseline'), ({(5218, 2, 2082)}, 0.15197900978740295, 'baseline'), ({(5218, 3, 1728)}, 0.14636282174517862, 'baseline'), ({(5218, 3, 2084)}, 0.11508897982112408, 'baseline'), ({(5218, 3, 2092)}, 0.08952907757873821, 'baseline'), ({(5218, 3, 5229)}, 0.06257442660822508, 'baseline'), ({(5218, 3, 4026)}, 0.04602770036829964, 'baseline'), ({(5218, 3, 20)}, 0.04448703951038445, 'baseline')]",1,1.0,6.126359,"(5218, 9, 11980)",[6.126359],"[(5218, 2, 2083), (11980, 2, 2083)]",6.9315023,2,[1]
"[({(7236, 2, 1188)}, 0.17445759034578104, 'baseline'), ({(7236, 3, 418)}, 0.17102531646122757, 'baseline'), ({(7236, 3, 40)}, 0.10138324932127188, 'baseline'), ({(7236, 3, 2218)}, 0.0681124133997483, 'baseline'), ({(7236, 3, 220)}, 0.058525125508016584, 'baseline'), ({(7236, 3, 39)}, 0.05754284094380733, 'baseline'), ({(7236, 3, 149)}, 0.05070308870728163, 'baseline'), ({(7236, 2, 31)}, 0.04908661078680662, 'baseline'), ({(7236, 3, 253)}, 0.047870676009502164, 'baseline'), ({(7236, 3, 88)}, 0.037344018875687675, 'baseline')]",1,1.0,8.611317,"(7236, 9, 7903)",[8.611317],"[(22636, 2, 1188), (22636, 9, 7903), (7236, 2, 1188)]",8.511835,3,[1]
"[({(5756, 3, 6)}, 0.13857130254838712, 'baseline'), ({(5756, 4, 924)}, 0.117488901237601, 'baseline'), ({(5756, 3, 5760)}, 0.11396936615616325, 'baseline'), ({(5756, 2, 172)}, 0.09285072523251296, 'baseline'), ({(5756, 2, 30)}, 0.0869980259273495, 'baseline'), ({(5756, 3, 651)}, 0.08271364401723276, 'baseline'), ({(5756, 3, 462)}, 0.07322744561409303, 'baseline'), ({(5756, 3, 37)}, 0.05574468800713987, 'baseline'), ({(5756, 3, 1321)}, 0.03971342275357063, 'baseline'), ({(5756, 1, 864)}, 0.02256206697425102, 'baseline')]",2,2.0,6.0062094,"(5756, 11, 7869)",[6.0062094],"[(5756, 3, 6), (14783, 11, 7869), (14783, 3, 6)]",6.1215763,3,[2]
"[({(6419, 3, 1823)}, 0.19016079168039682, 'baseline'), ({(6419, 3, 756)}, 0.15439991207663786, 'baseline'), ({(6419, 3, 506)}, 0.14960579126442958, 'baseline'), ({(6419, 3, 755)}, 0.11831096847282992, 'baseline'), ({(6419, 2, 729)}, 0.11750606734761859, 'baseline'), ({(6419, 3, 1348)}, 0.10318760112496023, 'baseline'), ({(6419, 3, 1)}, 0.09848598675543933, 'baseline'), ({(6419, 2, 1813)}, 0.06105236243535098, 'baseline'), ({(6419, 3, 6425)}, 0.03359798617780001, 'baseline'), ({(6419, 3, 20)}, 0.02981380648332318, 'baseline')]",1,1.0,6.5325546,"(6419, 9, 7991)",[6.5325546],"[(6419, 3, 1823), (7991, 3, 1823)]",7.2348595,2,[1]
"[({(6323, 3, 2638)}, 0.1772795126660145, 'baseline'), ({(6323, 3, 111)}, 0.17308906769456092, 'baseline'), ({(6323, 2, 70)}, 0.13203911033085575, 'baseline'), ({(6323, 3, 85)}, 0.07080177498094781, 'baseline'), ({(6323, 3, 1878)}, 0.057924310673065575, 'baseline'), ({(6323, 3, 9)}, 0.048184434872167024, 'baseline'), ({(6323, 3, 78)}, 0.03573517035032439, 'baseline'), ({(6323, 3, 149)}, 0.02845386691764821, 'baseline'), ({(6323, 3, 39)}, 0.024344484303785188, 'baseline'), ({(6323, 3, 1902)}, 0.022673646877367466, 'baseline')]",1,1.0,9.039743,"(6323, 9, 8418)",[9.039743],"[(18264, 9, 8418), (18264, 3, 2638), (6323, 3, 2638)]",9.2064905,3,[1]
"[({(6885, 2, 1166)}, 0.17881302096896173, 'baseline'), ({(6885, 3, 516)}, 0.1506872579373182, 'baseline'), ({(6885, 3, 1842)}, 0.13997272693711915, 'baseline'), ({(6885, 3, 40)}, 0.09344295695158823, 'baseline'), ({(6885, 4, 924)}, 0.09163765146527385, 'baseline'), ({(6885, 3, 2099)}, 0.09068588450301922, 'baseline'), ({(6885, 1, 65)}, 0.07740501592275208, 'baseline'), ({(6885, 3, 2185)}, 0.06098179054865005, 'baseline'), ({(6885, 3, 39)}, 0.06080917546717494, 'baseline'), ({(6885, 3, 10)}, 0.03864769168802852, 'baseline')]",1,1.0,8.323351,"(6885, 9, 1470)",[8.323351],"[(6885, 2, 1166), (24435, 9, 1470), (24435, 2, 1166)]",9.047374,3,[1]
"[({(5770, 2, 789)}, 0.1259289189703128, 'baseline'), ({(5770, 3, 75)}, 0.0780067844508026, 'baseline'), ({(5770, 1, 65)}, 0.07632354925641203, 'baseline'), ({(5770, 3, 46)}, 0.06308750343328907, 'baseline'), ({(5770, 3, 517)}, 0.054085771560104835, 'baseline'), ({(5770, 3, 35)}, 0.05015377234356965, 'baseline'), ({(5770, 3, 40)}, 0.043863336513710896, 'baseline'), ({(5770, 3, 34)}, 0.03806690401588727, 'baseline'), ({(5770, 3, 7)}, 0.024101297306981188, 'baseline'), ({(5770, 2, 30)}, 0.02377418701755048, 'baseline')]",1,1.0,9.223033,"(5770, 9, 1470)",[9.223033],"[(5770, 2, 789), (13201, 9, 1470), (13201, 2, 789)]",9.176466,3,[1]
"[({(5575, 3, 651)}, 0.1864853308991408, 'baseline'), ({(5575, 2, 68)}, 0.11051754196046598, 'baseline'), ({(5575, 2, 30)}, 0.09683613018318639, 'baseline'), ({(5575, 3, 953)}, 0.07825187876096641, 'baseline'), ({(5575, 3, 115)}, 0.06744293402884459, 'baseline'), ({(5575, 3, 954)}, 0.06486896706737395, 'baseline'), ({(5575, 3, 2563)}, 0.05867962071775012, 'baseline'), ({(5575, 3, 100)}, 0.04688934511337959, 'baseline'), ({(5575, 5, 5576)}, 0.037298242521005734, 'baseline'), ({(5575, 3, 725)}, 0.03422550387537281, 'baseline')]",1,2.0,5.8376226,"(5575, 11, 8038)",[5.8376226],"[(8038, 3, 651), (5575, 3, 651)]",6.8954225,2,[2]
"[({(5067, 3, 9)}, 0.09646038249513086, 'baseline'), ({(5067, 3, 10)}, 0.08801559642522983, 'baseline'), ({(5067, 3, 39)}, 0.07223610117127348, 'baseline'), ({(5067, 3, 6)}, 0.07016758155029773, 'baseline'), ({(5067, 3, 40)}, 0.0564289493405821, 'baseline'), ({(5067, 2, 68)}, 0.049161951032028944, 'baseline'), ({(5067, 2, 30)}, 0.04897312352781526, 'baseline'), ({(5067, 3, 100)}, 0.037874261826045794, 'baseline'), ({(5067, 2, 27)}, 0.03207401460414439, 'baseline'), ({(5067, 3, 278)}, 0.02945427127238869, 'baseline')]",1,2.0,5.6432223,"(5067, 11, 7992)",[5.6432223],"[(25411, 3, 9), (25411, 11, 7992), (5067, 3, 9)]",5.6155605,3,[2]
"[({(5645, 2, 2083)}, 0.17931083896282596, 'baseline'), ({(5645, 2, 2082)}, 0.1526489660035259, 'baseline'), ({(5645, 3, 2085)}, 0.14856056419327865, 'baseline'), ({(5645, 3, 630)}, 0.14330772605339703, 'baseline'), ({(5645, 3, 78)}, 0.09029821589334992, 'baseline'), ({(5645, 4, 66)}, 0.07959942058326272, 'baseline'), ({(5645, 3, 75)}, 0.07584099007529134, 'baseline'), ({(5645, 3, 10)}, 0.06935219000698586, 'baseline'), ({(5645, 3, 9)}, 0.06882862282650112, 'baseline'), ({(5645, 3, 5648)}, 0.04695085713033671, 'baseline')]",2,1.0,6.8902216,"(5645, 9, 11980)",[6.8902216],"[(5645, 2, 2083), (11980, 2, 2083)]",6.96239,2,[1]
"[({(7628, 3, 279)}, 0.20841888659169563, 'baseline'), ({(7628, 3, 149)}, 0.17270187595260938, 'baseline'), ({(7628, 3, 88)}, 0.16420463774788333, 'baseline'), ({(7628, 3, 40)}, 0.15131477561735282, 'baseline'), ({(7628, 3, 184)}, 0.15120414942475993, 'baseline'), ({(7628, 3, 6)}, 0.1315784856332773, 'baseline'), ({(7628, 3, 7)}, 0.11238197522150682, 'baseline'), ({(7628, 2, 30)}, 0.044167558655207204, 'baseline'), ({(7628, 2, 31)}, 0.04351047704370545, 'baseline'), ({(7628, 1, 1054)}, 0.03881553837789723, 'baseline')]",2,2.0,7.742735,"(7628, 12, 4492)",[7.742735],"[(7628, 3, 279), (4492, 3, 279)]",8.398114,2,[2]
"[({(5844, 3, 37)}, 0.08477501106550107, 'baseline'), ({(5844, 3, 666)}, 0.08013729288055828, 'baseline'), ({(5844, 3, 185)}, 0.050884286827239465, 'baseline'), ({(5844, 3, 78)}, 0.04355053135808554, 'baseline'), ({(5844, 3, 10)}, 0.03802112767831293, 'baseline'), ({(5844, 2, 68)}, 0.029293100302682416, 'baseline'), ({(5844, 3, 75)}, 0.02866748998321739, 'baseline'), ({(5844, 2, 30)}, 0.027849237409916676, 'baseline'), ({(5844, 5, 5845)}, 0.026610414455446894, 'baseline'), ({(5844, 3, 276)}, 0.0258074206844045, 'baseline')]",1,1.0,5.748542,"(5844, 11, 8038)",[5.748542],"[(8038, 3, 37), (5844, 3, 37)]",6.3391323,2,[1]
"[({(6213, 3, 1839)}, 0.11497978408462121, 'baseline'), ({(6213, 3, 1321)}, 0.0900144977686475, 'baseline'), ({(6213, 3, 651)}, 0.08615402416539082, 'baseline'), ({(6213, 3, 1493)}, 0.0856218738742743, 'baseline'), ({(6213, 3, 1838)}, 0.05825142095521154, 'baseline'), ({(6213, 3, 37)}, 0.053061525322609354, 'baseline'), ({(6213, 3, 1840)}, 0.04425529665359814, 'baseline'), ({(6213, 3, 39)}, 0.03578094667891255, 'baseline'), ({(6213, 3, 78)}, 0.027876893977090596, 'baseline'), ({(6213, 3, 10)}, 0.01897529788076861, 'baseline')]",2,2.0,6.904889,"(6213, 11, 8038)",[6.904889],"[(6213, 3, 1839), (8038, 3, 1839)]",7.5643873,2,[2]
"[({(7574, 5, 7575)}, 0.19821171029894044, 'baseline'), ({(7574, 3, 1148)}, 0.18453411319720733, 'baseline'), ({(7574, 3, 1149)}, 0.14822868552951685, 'baseline'), ({(7574, 3, 7581)}, 0.09845546918393837, 'baseline'), ({(7574, 3, 1626)}, 0.0856457157320346, 'baseline'), ({(7574, 3, 259)}, 0.049812356942581563, 'baseline'), ({(7574, 3, 9)}, 0.041965524613293476, 'baseline'), ({(7574, 3, 78)}, 0.04133800694211821, 'baseline'), ({(7574, 3, 10)}, 0.03835682099161457, 'baseline'), ({(7574, 8, 7427)}, 0.0380173129416421, 'baseline')]",1,1.0,7.283484,"(7574, 12, 8644)",[7.283484],"[(8641, 5, 7575), (7574, 5, 7575), (8641, 12, 8644)]",8.558601,3,[1]
"[({(6246, 4, 66)}, 0.07741932108533593, 'baseline'), ({(6246, 3, 6)}, 0.07625154684469058, 'baseline'), ({(6246, 3, 40)}, 0.0756183071345492, 'baseline'), ({(6246, 3, 149)}, 0.07017711832424073, 'baseline'), ({(6246, 3, 1541)}, 0.05570749471975393, 'baseline'), ({(6246, 3, 88)}, 0.05077270695663952, 'baseline'), ({(6246, 2, 31)}, 0.04988197514727532, 'baseline'), ({(6246, 3, 278)}, 0.043196718190792655, 'baseline'), ({(6246, 3, 628)}, 0.03624347871115942, 'baseline'), ({(6246, 1, 1034)}, 0.03598407931334589, 'baseline')]",3,2.0,6.0543165,"(6246, 11, 7984)",[6.0543165],"[(6246, 4, 66), (22977, 4, 66), (22977, 11, 7984)]",5.7324796,3,[2]
"[({(4978, 4, 924)}, 0.0996933384375645, 'baseline'), ({(4978, 3, 93)}, 0.08391479685231522, 'baseline'), ({(4978, 3, 92)}, 0.06844906042663969, 'baseline'), ({(4978, 3, 40)}, 0.0641556186579484, 'baseline'), ({(4978, 1, 264)}, 0.05979446597506681, 'baseline'), ({(4978, 3, 41)}, 0.03411678499576114, 'baseline'), ({(4978, 3, 870)}, 0.030180017426152228, 'baseline'), ({(4978, 5, 4979)}, 0.023929635977663188, 'baseline'), ({(4978, 3, 6)}, 0.013432542735415335, 'baseline'), ({(4978, 3, 276)}, 0.012983362157162613, 'baseline')]",1,3.0,6.1364956,"(4978, 11, 6729)",[6.1364956],"[(4978, 4, 924), (14726, 11, 6729), (14726, 4, 924)]",6.7241745,3,[3]
"[({(6327, 3, 279)}, 0.20297817456387623, 'baseline'), ({(6327, 3, 220)}, 0.13911918842967808, 'baseline'), ({(6327, 3, 7)}, 0.13843731132794218, 'baseline'), ({(6327, 3, 40)}, 0.12921909531579623, 'baseline'), ({(6327, 3, 6)}, 0.11638645371349512, 'baseline'), ({(6327, 3, 39)}, 0.1019192142963567, 'baseline'), ({(6327, 3, 10)}, 0.0684566898458992, 'baseline'), ({(6327, 4, 66)}, 0.06137756535945173, 'baseline'), ({(6327, 3, 74)}, 0.045950929636219065, 'baseline'), ({(6327, 2, 30)}, 0.03856662938229898, 'baseline')]",2,2.0,6.99282,"(6327, 12, 8676)",[6.99282],"[(6327, 3, 279), (8676, 3, 279)]",7.3364105,2,[2]
"[({(7177, 3, 78)}, 0.12830833637342137, 'baseline'), ({(7177, 3, 9)}, 0.12395767412377307, 'baseline'), ({(7177, 3, 79)}, 0.11110309797890713, 'baseline'), ({(7177, 5, 7178)}, 0.0903397007552442, 'baseline'), ({(7177, 3, 84)}, 0.08991245465507768, 'baseline'), ({(7177, 3, 10)}, 0.08334068492857677, 'baseline'), ({(7177, 3, 40)}, 0.08005909155402624, 'baseline'), ({(7177, 3, 7180)}, 0.0639048022798753, 'baseline'), ({(7177, 3, 149)}, 0.034336130111145016, 'baseline'), ({(7177, 2, 31)}, 0.012841264698403833, 'baseline')]",2,4.0,6.264392,"(7177, 12, 9510)",[6.264392],"[(7177, 3, 78), (9510, 3, 78)]",6.4412184,2,[4]
"[({(7154, 2, 69)}, 0.10636142926906172, 'baseline'), ({(7154, 1, 65)}, 0.09963707168107526, 'baseline'), ({(7154, 3, 73)}, 0.08868221477857481, 'baseline'), ({(7154, 3, 10)}, 0.07692817881479813, 'baseline'), ({(7154, 3, 40)}, 0.0749721927861401, 'baseline'), ({(7154, 4, 66)}, 0.05879978366357401, 'baseline'), ({(7154, 3, 476)}, 0.054063837031141336, 'baseline'), ({(7154, 3, 9)}, 0.04827503391966509, 'baseline'), ({(7154, 3, 479)}, 0.0413980883935182, 'baseline'), ({(7154, 3, 56)}, 0.03466610140300153, 'baseline')]",1,1.0,8.897137,"(7154, 9, 8418)",[8.897137],"[(7154, 2, 69), (17052, 9, 8418), (17052, 2, 69)]",9.283322,3,[1]
"[({(6219, 3, 2558)}, 0.08832458687564396, 'baseline'), ({(6219, 3, 78)}, 0.039320032053399394, 'baseline'), ({(6219, 3, 75)}, 0.028342286997852118, 'baseline'), ({(6219, 3, 185)}, 0.023878137542942844, 'baseline'), ({(6219, 1, 864)}, 0.022997896154987173, 'baseline'), ({(6219, 3, 4355)}, 0.021048585849693692, 'baseline'), ({(6219, 2, 31)}, 0.02073578065188443, 'baseline'), ({(6219, 3, 4062)}, 0.007535020801668271, 'baseline'), ({(6219, 3, 6226)}, 0.003418962436917048, 'baseline'), ({(6219, 3, 914)}, -0.0012464123182831625, 'baseline')]",1,1.0,9.816673,"(6219, 9, 7790)",[9.816673],"[(6219, 3, 2558), (17937, 9, 7790), (17937, 3, 2558)]",9.5396805,3,[1]
"[({(6105, 3, 506)}, 0.1400556966117384, 'baseline'), ({(6105, 2, 728)}, 0.11519340716063271, 'baseline'), ({(6105, 1, 65)}, 0.07551769447490829, 'baseline'), ({(6105, 3, 6)}, 0.05975441169446173, 'baseline'), ({(6105, 3, 2349)}, 0.04674057192611309, 'baseline'), ({(6105, 4, 66)}, 0.035439531267431906, 'baseline'), ({(6105, 3, 20)}, 0.033209840740938475, 'baseline'), ({(6105, 3, 40)}, 0.030809442453510884, 'baseline'), ({(6105, 3, 220)}, 0.029915849625896083, 'baseline'), ({(6105, 3, 4500)}, 0.017492334338716685, 'baseline')]",1,1.0,8.10582,"(6105, 9, 8339)",[8.10582],"[(14980, 9, 8339), (14980, 3, 506), (6105, 3, 506)]",8.565611,3,[1]
"[({(5334, 3, 149)}, 0.11502651410367402, 'baseline'), ({(5334, 3, 4514)}, 0.09145740701875088, 'baseline'), ({(5334, 1, 264)}, 0.0559883517712123, 'baseline'), ({(5334, 2, 3483)}, 0.045038263276907964, 'baseline'), ({(5334, 2, 31)}, 0.03964237400035805, 'baseline'), ({(5334, 3, 772)}, 0.033515016501147174, 'baseline'), ({(5334, 3, 3417)}, 0.02765373414041323, 'baseline'), ({(5334, 2, 172)}, 0.023622552817241245, 'baseline'), ({(5334, 2, 68)}, 0.021995584454345435, 'baseline'), ({(5334, 3, 5345)}, 0.016496698333452995, 'baseline')]",1,1.0,6.224494,"(5334, 11, 6729)",[6.224494],"[(7882, 3, 149), (5334, 3, 149), (7882, 11, 6729)]",6.271142,3,[1]
"[({(6812, 3, 7)}, 0.09008316232829208, 'baseline'), ({(6812, 3, 10)}, 0.06872371862005205, 'baseline'), ({(6812, 2, 30)}, 0.06319526863532111, 'baseline'), ({(6812, 2, 171)}, 0.04880050846919401, 'baseline'), ({(6812, 3, 174)}, 0.04737667269413888, 'baseline'), ({(6812, 3, 294)}, 0.0432539386522362, 'baseline'), ({(6812, 4, 66)}, 0.0400085849395343, 'baseline'), ({(6812, 3, 78)}, 0.0396576327896332, 'baseline'), ({(6812, 2, 68)}, 0.03696254914376047, 'baseline'), ({(6812, 2, 172)}, 0.035067598288239736, 'baseline')]",1,1.0,6.393816,"(6812, 11, 7869)",[6.393816],"[(22183, 11, 7869), (6812, 3, 7), (22183, 3, 7)]",6.495025,3,[1]
"[({(5696, 3, 10)}, 0.06468586156054039, 'baseline'), ({(5696, 3, 78)}, 0.05871872138260474, 'baseline'), ({(5696, 3, 20)}, 0.05707267949159769, 'baseline'), ({(5696, 3, 108)}, 0.04460815614707275, 'baseline'), ({(5696, 3, 7)}, 0.043373147956032296, 'baseline'), ({(5696, 3, 279)}, 0.040619890179045, 'baseline'), ({(5696, 2, 68)}, 0.03773979372893561, 'baseline'), ({(5696, 2, 31)}, 0.03615860171817128, 'baseline'), ({(5696, 2, 30)}, 0.035807649554563205, 'baseline'), ({(5696, 3, 276)}, 0.012278596835240152, 'baseline')]",1,1.0,6.2185154,"(5696, 11, 7984)",[6.2185154],"[(5696, 3, 10), (7984, 3, 10)]",6.2951746,2,[1]
"[({(5380, 3, 37)}, 0.05936245154695885, 'baseline'), ({(5380, 3, 476)}, 0.049426118808219344, 'baseline'), ({(5380, 3, 220)}, 0.04437259859554745, 'baseline'), ({(5380, 3, 40)}, 0.04211429780464336, 'baseline'), ({(5380, 3, 9)}, 0.04133609959382832, 'baseline'), ({(5380, 3, 10)}, 0.03758911319486962, 'baseline'), ({(5380, 3, 6)}, 0.03153042024664644, 'baseline'), ({(5380, 3, 732)}, 0.03001598543701226, 'baseline'), ({(5380, 2, 30)}, 0.02453235813664521, 'baseline'), ({(5380, 2, 68)}, 0.02431396669216595, 'baseline')]",1,1.0,6.7360816,"(5380, 11, 8038)",[6.7360816],"[(8038, 3, 37), (5380, 3, 37)]",6.7899523,2,[1]
"[({(6848, 3, 629)}, 0.3081722669295858, 'baseline'), ({(6848, 2, 2083)}, 0.22319988485222808, 'baseline'), ({(6848, 2, 2082)}, 0.16542724822085553, 'baseline'), ({(6848, 3, 2084)}, 0.10618786055732127, 'baseline'), ({(6848, 3, 479)}, 0.09838108255095926, 'baseline'), ({(6848, 1, 65)}, 0.03636650271459822, 'baseline'), ({(6848, 4, 66)}, 0.023843805270723547, 'baseline'), ({(6848, 3, 9)}, 0.015418092679791906, 'baseline'), ({(6848, 3, 220)}, 0.013432542735415335, 'baseline'), ({(6848, 3, 39)}, -0.0012292461740117736, 'baseline')]",1,1.0,7.8713574,"(6848, 9, 11980)",[7.8713574],"[(6848, 3, 629), (18126, 9, 11980), (18126, 3, 629)]",8.735666,3,[1]
"[({(7933, 3, 94)}, 0.06581978035467463, 'baseline'), ({(7933, 3, 1335)}, 0.0519686145660079, 'baseline'), ({(7933, 3, 41)}, 0.0433130664377751, 'baseline'), ({(7933, 3, 6)}, 0.03782467075834755, 'baseline'), ({(7933, 3, 1024)}, 0.034181634834579123, 'baseline'), ({(7933, 3, 93)}, 0.03201202581336723, 'baseline'), ({(7933, 2, 171)}, 0.02168468663389224, 'baseline'), ({(7933, 2, 30)}, 0.02049736206008862, 'baseline'), ({(7933, 3, 731)}, 0.019604722927225055, 'baseline'), ({(7933, 8, 7393)}, 0.019525567951401545, 'baseline')]",1,1.0,7.73522,"(7933, 12, 8340)",[7.73522],"[(8340, 3, 94), (7933, 3, 94)]",9.299835,2,[1]
"[({(6914, 3, 33)}, 0.21898369071603477, 'baseline'), ({(6914, 3, 36)}, 0.16395954342893143, 'baseline'), ({(6914, 2, 29)}, 0.1504316732344308, 'baseline'), ({(6914, 3, 39)}, 0.09738258557448862, 'baseline'), ({(6914, 3, 220)}, 0.09490112497067915, 'baseline'), ({(6914, 4, 66)}, 0.0637417240215014, 'baseline'), ({(6914, 3, 6)}, 0.06056122017284718, 'baseline'), ({(6914, 3, 75)}, 0.05877021978683304, 'baseline'), ({(6914, 3, 6916)}, 0.048766176206686655, 'baseline'), ({(6914, 3, 6915)}, 0.03865150641255629, 'baseline')]",1,1.0,9.0710335,"(6914, 9, 7790)",[9.0710335],"[(6914, 3, 33), (25217, 3, 33), (25217, 9, 7790)]",9.0881,3,[1]
"[({(6633, 3, 1529)}, 0.156261484341129, 'baseline'), ({(6633, 3, 914)}, 0.15619234292527936, 'baseline'), ({(6633, 3, 1855)}, 0.14249662602105923, 'baseline'), ({(6633, 3, 2366)}, 0.10424236494060436, 'baseline'), ({(6633, 3, 39)}, 0.08213333322651803, 'baseline'), ({(6633, 3, 220)}, 0.08197979164265069, 'baseline'), ({(6633, 3, 4051)}, 0.07832197377902829, 'baseline'), ({(6633, 3, 40)}, 0.04236129945595323, 'baseline'), ({(6633, 3, 78)}, 0.03622202104123505, 'baseline'), ({(6633, 3, 9)}, 0.02428154175314066, 'baseline')]",4,2.0,6.28039,"(6633, 12, 8569)",[6.28039],"[(6633, 3, 1529), (8569, 3, 1529)]",6.3372664,2,[2]
"[({(4870, 3, 890)}, 0.12148765762832739, 'baseline'), ({(4870, 2, 709)}, 0.11206821639723459, 'baseline'), ({(4870, 3, 892)}, 0.0967531605452019, 'baseline'), ({(4870, 2, 888)}, 0.07769111823201512, 'baseline'), ({(4870, 3, 4879)}, 0.07126049233009318, 'baseline'), ({(4870, 3, 41)}, 0.04819015692061501, 'baseline'), ({(4870, 3, 88)}, 0.0421190661946848, 'baseline'), ({(4870, 3, 40)}, 0.04189304541658502, 'baseline'), ({(4870, 3, 20)}, 0.03456215091305428, 'baseline'), ({(4870, 2, 30)}, 0.03363231842936222, 'baseline')]",1,1.0,7.722452,"(4870, 9, 8151)",[7.722452],"[(4870, 3, 890), (8151, 3, 890)]",8.065897,2,[1]
"[({(6054, 3, 519)}, 0.16332916470838665, 'baseline'), ({(6054, 3, 177)}, 0.1513882085559378, 'baseline'), ({(6054, 2, 171)}, 0.1331272526782014, 'baseline'), ({(6054, 3, 715)}, 0.12973026477348418, 'baseline'), ({(6054, 3, 6059)}, 0.12509159289164776, 'baseline'), ({(6054, 3, 952)}, 0.07318309977074153, 'baseline'), ({(6054, 2, 30)}, 0.07265476419906845, 'baseline'), ({(6054, 3, 712)}, 0.06942180825751591, 'baseline'), ({(6054, 2, 31)}, 0.055784265509998966, 'baseline'), ({(6054, 3, 651)}, 0.04633239936413229, 'baseline')]",1,1.0,7.481772,"(6054, 9, 8151)",[7.481772],"[(6054, 3, 519), (19769, 9, 8151), (19769, 3, 519)]",7.925308,3,[1]
"[({(7426, 3, 40)}, 0.11323074537673866, 'baseline'), ({(7426, 1, 65)}, 0.08784107404009991, 'baseline'), ({(7426, 3, 39)}, 0.08556846808450616, 'baseline'), ({(7426, 3, 41)}, 0.08023266029805282, 'baseline'), ({(7426, 2, 30)}, 0.0642080707664016, 'baseline'), ({(7426, 2, 31)}, 0.06317810248786654, 'baseline'), ({(7426, 3, 218)}, 0.05462269017983171, 'baseline'), ({(7426, 3, 185)}, 0.04648164933773523, 'baseline'), ({(7426, 2, 70)}, 0.04251674837661817, 'baseline'), ({(7426, 3, 666)}, 0.03685955234337879, 'baseline')]",2,1.0,6.2565517,"(7426, 11, 7984)",[6.2565517],"[(11495, 3, 40), (7426, 3, 40), (11495, 11, 7984)]",6.122612,3,[1]
"[({(5964, 3, 41)}, 0.03465465730907752, 'baseline'), ({(5964, 3, 6)}, 0.02243236727206067, 'baseline'), ({(5964, 3, 9)}, 0.014530221875255675, 'baseline'), ({(5964, 3, 5972)}, 0.010830919210636527, 'baseline'), ({(5964, 3, 78)}, 0.009578744847439858, 'baseline'), ({(5964, 3, 5966)}, 0.004798929173158291, 'baseline'), ({(5964, 3, 1155)}, 0.0026417178793524555, 'baseline'), ({(5964, 3, 1143)}, 0.0016708773836242188, 'baseline'), ({(5964, 2, 30)}, -0.002178152126715671, 'baseline'), ({(5964, 3, 914)}, -0.004761655836505896, 'baseline')]",1,1.0,8.023242,"(5964, 12, 11744)",[8.023242],"[(5964, 3, 41), (11744, 3, 41)]",7.914914,2,[1]
"[({(7382, 2, 1662)}, 0.16588405822454666, 'baseline'), ({(7382, 2, 728)}, 0.08594326212432554, 'baseline'), ({(7382, 3, 1745)}, 0.0819349689696489, 'baseline'), ({(7382, 3, 748)}, 0.07835201457657223, 'baseline'), ({(7382, 1, 65)}, 0.05333713717810404, 'baseline'), ({(7382, 3, 6)}, 0.05147175025041926, 'baseline'), ({(7382, 3, 7)}, 0.04986576267626308, 'baseline'), ({(7382, 3, 2127)}, 0.04404453463602384, 'baseline'), ({(7382, 4, 924)}, 0.03822330661454203, 'baseline'), ({(7382, 2, 30)}, 0.02239231292709577, 'baseline')]",1,1.0,8.58374,"(7382, 9, 8339)",[8.58374],"[(22308, 2, 1662), (22308, 9, 8339), (7382, 2, 1662)]",8.900803,3,[1]
"[({(5844, 3, 78)}, 0.08168415263720862, 'baseline'), ({(5844, 3, 10)}, 0.06433586310936709, 'baseline'), ({(5844, 3, 1151)}, 0.03278640934886072, 'baseline'), ({(5844, 3, 75)}, 0.02916435425032037, 'baseline'), ({(5844, 2, 30)}, 0.025368730525135764, 'baseline'), ({(5844, 2, 31)}, 0.021138231252726125, 'baseline'), ({(5844, 3, 666)}, 0.01686386293116628, 'baseline'), ({(5844, 3, 4)}, 0.016046564062786223, 'baseline'), ({(5844, 2, 2270)}, 0.007113496745310183, 'baseline'), ({(5844, 3, 2275)}, 0.004057924196765656, 'baseline')]",1,1.0,5.9515586,"(5844, 11, 7992)",[5.9515586],"[(25411, 11, 7992), (25411, 3, 78), (5844, 3, 78)]",6.604808,3,[1]
"[({(6263, 3, 651)}, 0.07938675115866144, 'baseline'), ({(6263, 3, 1839)}, 0.07854274939241504, 'baseline'), ({(6263, 3, 1321)}, 0.07271866035768412, 'baseline'), ({(6263, 3, 1493)}, 0.052862207384341886, 'baseline'), ({(6263, 3, 37)}, 0.046804468113904846, 'baseline'), ({(6263, 3, 1838)}, 0.04272751039836123, 'baseline'), ({(6263, 1, 65)}, 0.03739360996103821, 'baseline'), ({(6263, 3, 78)}, 0.032272378904760986, 'baseline'), ({(6263, 3, 1840)}, 0.027031938517916475, 'baseline'), ({(6263, 3, 10)}, 0.02679733464590917, 'baseline')]",1,1.0,7.4264107,"(6263, 11, 8038)",[7.4264107],"[(8038, 3, 651), (6263, 3, 651)]",7.416071,2,[1]
"[({(5920, 3, 748)}, 0.31337169930599457, 'baseline'), ({(5920, 3, 279)}, 0.20227150187192203, 'baseline'), ({(5920, 3, 6)}, 0.11594776350992228, 'baseline'), ({(5920, 3, 220)}, 0.11454204755286473, 'baseline'), ({(5920, 3, 7)}, 0.10529903606156868, 'baseline'), ({(5920, 3, 39)}, 0.07854465676934912, 'baseline'), ({(5920, 3, 40)}, 0.07625011635141533, 'baseline'), ({(5920, 2, 30)}, 0.04111961552649776, 'baseline'), ({(5920, 3, 74)}, 0.03555301851217682, 'baseline'), ({(5920, 2, 31)}, 0.02650551029493718, 'baseline')]",1,1.0,8.969302,"(5920, 12, 8676)",[8.969302],"[(8676, 3, 748), (5920, 3, 748)]",9.47781,2,[1]
"[({(6419, 3, 506)}, 0.14957908838739947, 'baseline'), ({(6419, 2, 729)}, 0.09971527294494117, 'baseline'), ({(6419, 3, 1744)}, 0.09100155071873633, 'baseline'), ({(6419, 3, 1348)}, 0.08750204276629873, 'baseline'), ({(6419, 3, 20)}, 0.08664135170418089, 'baseline'), ({(6419, 2, 30)}, 0.07555345723560282, 'baseline'), ({(6419, 2, 266)}, 0.075149576172569, 'baseline'), ({(6419, 3, 2416)}, 0.05780414770541123, 'baseline'), ({(6419, 3, 38)}, 0.05685142706990934, 'baseline'), ({(6419, 3, 41)}, 0.0535393161639071, 'baseline')]",1,1.0,6.744158,"(6419, 9, 8339)",[6.744158],"[(14980, 9, 8339), (6419, 3, 506), (14980, 3, 506)]",6.532011,3,[1]
"[({(4757, 3, 10)}, 0.10333112912199659, 'baseline'), ({(4757, 3, 6)}, 0.09340385632767778, 'baseline'), ({(4757, 3, 40)}, 0.09339718056304284, 'baseline'), ({(4757, 3, 220)}, 0.08481888009498574, 'baseline'), ({(4757, 3, 149)}, 0.08428959082974286, 'baseline'), ({(4757, 2, 31)}, 0.05661205480787628, 'baseline'), ({(4757, 2, 68)}, 0.05621818730835125, 'baseline'), ({(4757, 2, 266)}, 0.034933130247311726, 'baseline'), ({(4757, 3, 504)}, 0.015587846721224227, 'baseline'), ({(4757, 3, 525)}, 0.008067171020487103, 'baseline')]",4,2.0,5.9839697,"(4757, 11, 7984)",[5.9839697],"[(4757, 3, 10), (7984, 3, 10)]",5.4328356,2,[2]
"[({(4727, 3, 479)}, 0.0772419376401022, 'baseline'), ({(4727, 3, 476)}, 0.05717281532931406, 'baseline'), ({(4727, 3, 39)}, 0.0524969501472366, 'baseline'), ({(4727, 3, 10)}, 0.04312900727754397, 'baseline'), ({(4727, 2, 30)}, 0.037813226650012716, 'baseline'), ({(4727, 3, 220)}, 0.03585724064321633, 'baseline'), ({(4727, 3, 9)}, 0.028616945240394615, 'baseline'), ({(4727, 2, 68)}, 0.02552417939629932, 'baseline'), ({(4727, 3, 115)}, 0.023464242889484763, 'baseline'), ({(4727, 3, 88)}, 0.017240564312449892, 'baseline')]",1,1.0,6.6583314,"(4727, 11, 8038)",[6.6583314],"[(4727, 3, 479), (24904, 11, 8038), (24904, 3, 479)]",6.7546163,3,[1]
"[({(7769, 3, 219)}, 0.2351627755602744, 'baseline'), ({(7769, 3, 185)}, 0.1854553625996603, 'baseline'), ({(7769, 3, 479)}, 0.10873607833304474, 'baseline'), ({(7769, 3, 476)}, 0.08281330301751286, 'baseline'), ({(7769, 3, 39)}, 0.06924442481290574, 'baseline'), ({(7769, 3, 277)}, 0.05914692113220952, 'baseline'), ({(7769, 3, 220)}, 0.0580854816168547, 'baseline'), ({(7769, 3, 9)}, 0.04305462073471528, 'baseline'), ({(7769, 3, 40)}, 0.042738000830470434, 'baseline'), ({(7769, 3, 2638)}, 0.04021648596106668, 'baseline')]",1,1.0,8.286739,"(7769, 12, 8626)",[8.286739],"[(10257, 12, 8626), (7769, 3, 219), (10257, 3, 219)]",8.398724,3,[1]
"[({(6853, 3, 1839)}, 0.1916385100420434, 'baseline'), ({(6853, 3, 651)}, 0.18635896901966964, 'baseline'), ({(6853, 3, 1321)}, 0.1708374426413484, 'baseline'), ({(6853, 3, 1493)}, 0.16205600951564528, 'baseline'), ({(6853, 3, 37)}, 0.14563039987718465, 'baseline'), ({(6853, 1, 65)}, 0.09390405849875223, 'baseline'), ({(6853, 2, 68)}, 0.08479265404318706, 'baseline'), ({(6853, 2, 30)}, 0.08233646587677106, 'baseline'), ({(6853, 2, 31)}, 0.0691538257631809, 'baseline'), ({(6853, 3, 695)}, 0.03390554611795428, 'baseline')]",1,2.0,6.454581,"(6853, 11, 8038)",[6.454581],"[(6853, 3, 1839), (8038, 3, 1839)]",6.491535,2,[2]
"[({(6437, 3, 1493)}, 0.15361694545149274, 'baseline'), ({(6437, 3, 651)}, 0.14558176247364904, 'baseline'), ({(6437, 3, 37)}, 0.1121855183290845, 'baseline'), ({(6437, 3, 75)}, 0.07411245538553368, 'baseline'), ({(6437, 3, 3463)}, 0.07153562735899173, 'baseline'), ({(6437, 2, 68)}, 0.06865648461384055, 'baseline'), ({(6437, 3, 91)}, 0.06567529866547381, 'baseline'), ({(6437, 2, 30)}, 0.05678514667477134, 'baseline'), ({(6437, 1, 2467)}, 0.05436710544501925, 'baseline'), ({(6437, 3, 100)}, 0.04822019764422852, 'baseline')]",1,2.0,6.219122,"(6437, 11, 8038)",[6.219122],"[(8038, 3, 1493), (6437, 3, 1493)]",6.6256256,2,[2]
"[({(5517, 3, 1123)}, 0.1668377325486709, 'baseline'), ({(5517, 2, 1323)}, 0.1254997654940614, 'baseline'), ({(5517, 3, 1005)}, 0.11677269178541012, 'baseline'), ({(5517, 3, 1026)}, 0.08449939921183014, 'baseline'), ({(5517, 3, 75)}, 0.06232837863980015, 'baseline'), ({(5517, 1, 65)}, 0.05916027260399295, 'baseline'), ({(5517, 2, 30)}, 0.02749065586674415, 'baseline'), ({(5517, 3, 78)}, 0.020914117758072243, 'baseline'), ({(5517, 3, 39)}, 0.01883701508854939, 'baseline'), ({(5517, 3, 7)}, 0.012439767779321948, 'baseline')]",1,1.0,9.329892,"(5517, 9, 7903)",[9.329892],"[(24615, 9, 7903), (5517, 3, 1123), (24615, 3, 1123)]",9.563314,3,[1]
"[({(5675, 3, 1839)}, 0.08063892556811768, 'baseline'), ({(5675, 3, 1493)}, 0.06791977120386931, 'baseline'), ({(5675, 3, 651)}, 0.05960659217826634, 'baseline'), ({(5675, 3, 1321)}, 0.058527032859216496, 'baseline'), ({(5675, 3, 37)}, 0.04747394749358868, 'baseline'), ({(5675, 3, 10)}, 0.04737953375042312, 'baseline'), ({(5675, 3, 1838)}, 0.04105095099483403, 'baseline'), ({(5675, 3, 40)}, 0.03972438996694337, 'baseline'), ({(5675, 3, 149)}, 0.03578190036737969, 'baseline'), ({(5675, 2, 68)}, 0.03330425446436004, 'baseline')]",2,3.0,6.397809,"(5675, 11, 8038)",[6.397809],"[(5675, 3, 1839), (8038, 3, 1839)]",7.0910316,2,[3]
"[({(6566, 2, 486)}, 0.18531231146219232, 'baseline'), ({(6566, 3, 489)}, 0.1728725836588636, 'baseline'), ({(6566, 3, 1687)}, 0.16473011228623854, 'baseline'), ({(6566, 3, 1679)}, 0.11848072251394003, 'baseline'), ({(6566, 3, 75)}, 0.09395126538520351, 'baseline'), ({(6566, 3, 6)}, 0.08481029703406212, 'baseline'), ({(6566, 4, 924)}, 0.07303051184957757, 'baseline'), ({(6566, 3, 277)}, 0.06859306522819843, 'baseline'), ({(6566, 3, 40)}, 0.058261911362576545, 'baseline'), ({(6566, 2, 6567)}, 0.05482296175961908, 'baseline')]",1,1.0,8.349995,"(6566, 9, 7758)",[8.349995],"[(23042, 9, 7758), (6566, 2, 486), (23042, 2, 486)]",8.5208435,3,[1]
"[({(6619, 3, 816)}, 0.07784561347524792, 'baseline'), ({(6619, 3, 149)}, 0.07239155004319389, 'baseline'), ({(6619, 3, 148)}, 0.0637150211133787, 'baseline'), ({(6619, 3, 1872)}, 0.060433427780787, 'baseline'), ({(6619, 2, 812)}, 0.04724888032561097, 'baseline'), ({(6619, 2, 1166)}, 0.04623893924297523, 'baseline'), ({(6619, 2, 172)}, 0.03740600775411397, 'baseline'), ({(6619, 2, 31)}, 0.03602699465179746, 'baseline'), ({(6619, 3, 1876)}, 0.03441623872508444, 'baseline'), ({(6619, 2, 1165)}, 0.025244752806887552, 'baseline')]",1,1.0,6.8387113,"(6619, 11, 6729)",[6.8387113],"[(6619, 3, 816), (20511, 11, 6729), (20511, 3, 816)]",7.5059404,3,[1]
"[({(5781, 1, 65)}, 0.2022772239594382, 'baseline'), ({(5781, 3, 2977)}, 0.12910083972958736, 'baseline'), ({(5781, 3, 772)}, 0.11601928909893937, 'baseline'), ({(5781, 2, 2975)}, 0.10331014827241058, 'baseline'), ({(5781, 2, 1166)}, 0.08990101051826427, 'baseline'), ({(5781, 3, 1126)}, 0.07391313744450702, 'baseline'), ({(5781, 2, 172)}, 0.07344392968744898, 'baseline'), ({(5781, 2, 3278)}, 0.04348615831578424, 'baseline'), ({(5781, 3, 3516)}, 0.00754980273096848, 'baseline'), ({(5781, 3, 5783)}, -0.01978345684547487, 'baseline')]",2,3.0,5.0299196,"(5781, 11, 6729)",[5.0299196],"[(24968, 1, 65), (24968, 11, 6729), (5781, 1, 65)]",5.655415,3,[3]
"[({(6976, 3, 476)}, 0.13298515520546, 'baseline'), ({(6976, 3, 9)}, 0.11321644026460241, 'baseline'), ({(6976, 3, 10)}, 0.10366634564667185, 'baseline'), ({(6976, 3, 369)}, 0.0781345768062009, 'baseline'), ({(6976, 3, 6)}, 0.051059762918024415, 'baseline'), ({(6976, 3, 40)}, 0.048402826278395775, 'baseline'), ({(6976, 3, 220)}, 0.04810337251647501, 'baseline'), ({(6976, 2, 68)}, 0.043708841287781165, 'baseline'), ({(6976, 2, 31)}, 0.02810482213260438, 'baseline'), ({(6976, 3, 6978)}, -0.0008687572986786935, 'baseline')]",3,1.0,6.463578,"(6976, 11, 7992)",[6.463578],"[(20133, 3, 476), (20133, 11, 7992), (6976, 3, 476)]",5.79963,3,[1]
"[({(5834, 3, 40)}, 0.07900242041124449, 'baseline'), ({(5834, 2, 789)}, 0.07518343165642388, 'baseline'), ({(5834, 3, 294)}, 0.06147197911714782, 'baseline'), ({(5834, 3, 39)}, 0.050041238743329546, 'baseline'), ({(5834, 2, 1166)}, 0.04996160695348037, 'baseline'), ({(5834, 2, 172)}, 0.04464916418232532, 'baseline'), ({(5834, 1, 1034)}, 0.044643442138122484, 'baseline'), ({(5834, 3, 1177)}, 0.03653625677370522, 'baseline'), ({(5834, 3, 46)}, 0.028093377994039048, 'baseline'), ({(5834, 3, 695)}, 0.023703615130133134, 'baseline')]",2,2.0,5.7006693,"(5834, 11, 6729)",[5.7006693],"[(5834, 3, 40), (7882, 11, 6729), (7882, 3, 40)]",6.3059583,3,[2]
"[({(5133, 3, 4194)}, 0.18845895987731337, 'baseline'), ({(5133, 3, 4866)}, 0.17328504776160927, 'baseline'), ({(5133, 2, 5135)}, 0.16764024950135706, 'baseline'), ({(5133, 3, 5138)}, 0.12428621490542964, 'baseline'), ({(5133, 3, 3744)}, 0.12196497164398687, 'baseline'), ({(5133, 3, 5150)}, 0.09735159115729222, 'baseline'), ({(5133, 3, 5151)}, 0.09406046106142008, 'baseline'), ({(5133, 5, 5134)}, 0.08703426555436795, 'baseline'), ({(5133, 3, 5146)}, 0.06673769188759206, 'baseline'), ({(5133, 3, 5143)}, 0.056770364748661616, 'baseline')]",1,1.0,7.0245657,"(5133, 9, 10166)",[7.0245657],"[(10166, 3, 4194), (5133, 3, 4194)]",6.655379,2,[1]
"[({(5907, 2, 709)}, 0.232239763726226, 'baseline'), ({(5907, 3, 177)}, 0.2225189614192925, 'baseline'), ({(5907, 2, 171)}, 0.19952396618341645, 'baseline'), ({(5907, 3, 75)}, 0.19345859750054653, 'baseline'), ({(5907, 4, 66)}, 0.18200210792130025, 'baseline'), ({(5907, 3, 712)}, 0.1611967489464067, 'baseline'), ({(5907, 3, 710)}, 0.14285663811962132, 'baseline'), ({(5907, 2, 30)}, 0.12654022418192473, 'baseline'), ({(5907, 2, 31)}, 0.12480167590348792, 'baseline'), ({(5907, 2, 1538)}, -0.03599735074320631, 'baseline')]",2,1.0,6.5595083,"(5907, 9, 6144)",[6.5595083],"[(5907, 2, 709), (20123, 9, 6144), (20123, 2, 709)]",6.9573603,3,[1]
"[({(6504, 3, 9)}, 0.11081937988917999, 'baseline'), ({(6504, 3, 10)}, 0.10270361140696153, 'baseline'), ({(6504, 3, 6)}, 0.07503465844477245, 'baseline'), ({(6504, 1, 65)}, 0.053709070164812474, 'baseline'), ({(6504, 2, 68)}, 0.049560586895629505, 'baseline'), ({(6504, 2, 69)}, 0.03954796026783019, 'baseline'), ({(6504, 3, 74)}, 0.03705505555565687, 'baseline'), ({(6504, 3, 3863)}, 0.036779443681356834, 'baseline'), ({(6504, 3, 111)}, 0.03211883731378982, 'baseline'), ({(6504, 3, 7)}, 0.03079227631964796, 'baseline')]",1,1.0,5.323077,"(6504, 11, 7992)",[5.323077],"[(25411, 3, 9), (25411, 11, 7992), (6504, 3, 9)]",6.168879,3,[1]
"[({(5411, 3, 2257)}, 0.15697292537085875, 'baseline'), ({(5411, 1, 65)}, 0.11779312330274033, 'baseline'), ({(5411, 3, 192)}, 0.10961631970438315, 'baseline'), ({(5411, 3, 3189)}, 0.10249809460789092, 'baseline'), ({(5411, 3, 5422)}, 0.08527664375544197, 'baseline'), ({(5411, 3, 40)}, 0.07928184699423957, 'baseline'), ({(5411, 3, 149)}, 0.05235199163350117, 'baseline'), ({(5411, 2, 4759)}, 0.05125145148726824, 'baseline'), ({(5411, 2, 31)}, 0.031060258841219435, 'baseline')]",1,3.0,6.0318685,"(5411, 11, 8097)",[6.0318685],"[(8097, 3, 2257), (5411, 3, 2257)]",7.0618706,2,[3]
"[({(6766, 4, 66)}, 0.09938816267496946, 'baseline'), ({(6766, 3, 78)}, 0.07110218238294672, 'baseline'), ({(6766, 3, 10)}, 0.05397991366759632, 'baseline'), ({(6766, 3, 56)}, 0.04069809147853431, 'baseline'), ({(6766, 2, 30)}, 0.03807071869792723, 'baseline'), ({(6766, 1, 65)}, 0.03794483369616033, 'baseline'), ({(6766, 3, 479)}, 0.036769906974243295, 'baseline'), ({(6766, 3, 7)}, 0.035886804567866706, 'baseline'), ({(6766, 5, 6767)}, 0.02693752474646604, 'baseline'), ({(6766, 3, 220)}, 0.021293680137098023, 'baseline')]",1,1.0,6.1467943,"(6766, 11, 7992)",[6.1467943],"[(13418, 11, 7992), (6766, 4, 66), (13418, 4, 66)]",6.3387327,3,[1]
"[({(7392, 2, 29)}, 0.1068010731434329, 'baseline'), ({(7392, 3, 33)}, 0.08787540630152388, 'baseline'), ({(7392, 1, 2467)}, 0.05618671607148651, 'baseline'), ({(7392, 3, 479)}, 0.055269281370932725, 'baseline'), ({(7392, 3, 40)}, 0.043772737460665394, 'baseline'), ({(7392, 3, 220)}, 0.03402618595729755, 'baseline'), ({(7392, 3, 3075)}, 0.03267196840628228, 'baseline'), ({(7392, 3, 2550)}, 0.023005525569039433, 'baseline'), ({(7392, 2, 30)}, 0.019280473635353224, 'baseline'), ({(7392, 3, 9)}, 0.019183198883206798, 'baseline')]",1,1.0,9.505367,"(7392, 9, 7790)",[9.505367],"[(7392, 2, 29), (24118, 9, 7790), (24118, 2, 29)]",9.634243,3,[1]
"[({(7281, 3, 40)}, 0.09135536388290111, 'baseline'), ({(7281, 3, 279)}, 0.0781541271432427, 'baseline'), ({(7281, 2, 69)}, 0.071929018040869, 'baseline'), ({(7281, 2, 31)}, 0.07168201638374641, 'baseline'), ({(7281, 2, 30)}, 0.05944542119884087, 'baseline'), ({(7281, 3, 75)}, 0.05344490242064121, 'baseline'), ({(7281, 3, 6)}, 0.0527263087885447, 'baseline'), ({(7281, 3, 716)}, 0.04857258033339184, 'baseline'), ({(7281, 3, 74)}, 0.03529171175436679, 'baseline'), ({(7281, 3, 706)}, 0.03254274553624785, 'baseline')]",1,1.0,5.6420903,"(7281, 11, 7992)",[5.6420903],"[(25411, 11, 7992), (25411, 3, 40), (7281, 3, 40)]",6.138865,3,[1]
"[({(6083, 2, 69)}, 0.14656357017145782, 'baseline'), ({(6083, 3, 74)}, 0.13282303061082956, 'baseline'), ({(6083, 3, 10)}, 0.06935600468931814, 'baseline'), ({(6083, 4, 66)}, 0.06122116279633734, 'baseline'), ({(6083, 3, 220)}, 0.05912498660783116, 'baseline'), ({(6083, 3, 40)}, 0.05269722172448357, 'baseline'), ({(6083, 3, 1630)}, 0.05011085699652926, 'baseline'), ({(6083, 3, 3329)}, 0.04061607548042686, 'baseline'), ({(6083, 3, 651)}, 0.03144554326839065, 'baseline'), ({(6083, 2, 68)}, 0.02383426851152963, 'baseline')]",1,1.0,8.826782,"(6083, 9, 8418)",[8.826782],"[(6083, 2, 69), (17052, 9, 8418), (17052, 2, 69)]",8.809921,3,[1]
"[({(7080, 1, 1054)}, 0.17372564529470302, 'baseline'), ({(7080, 3, 460)}, 0.15782217236347193, 'baseline'), ({(7080, 3, 519)}, 0.15520195217391422, 'baseline'), ({(7080, 3, 10)}, 0.0890837116252003, 'baseline'), ({(7080, 3, 39)}, 0.08195594977141996, 'baseline'), ({(7080, 2, 30)}, 0.07823185159827843, 'baseline'), ({(7080, 2, 31)}, 0.07319931221561722, 'baseline'), ({(7080, 3, 1264)}, 0.05880455208017809, 'baseline'), ({(7080, 3, 1255)}, 0.04444221684717132, 'baseline'), ({(7080, 3, 1061)}, 0.039797822917629046, 'baseline')]",1,1.0,6.2871985,"(7080, 9, 6144)",[6.2871985],"[(20123, 9, 6144), (7080, 1, 1054), (20123, 1, 1054)]",6.4506083,3,[1]
"[({(4777, 3, 40)}, 0.1726608679602735, 'baseline'), ({(4777, 3, 519)}, 0.15547661038695215, 'baseline'), ({(4777, 1, 1054)}, 0.13519291128396954, 'baseline'), ({(4777, 2, 31)}, 0.10839847761075071, 'baseline'), ({(4777, 4, 169)}, 0.10348419386440345, 'baseline'), ({(4777, 3, 1255)}, 0.05170540043286483, 'baseline'), ({(4777, 3, 1264)}, 0.03986458010627871, 'baseline'), ({(4777, 3, 346)}, 0.028970758396293178, 'baseline'), ({(4777, 3, 2912)}, 0.028373758290144803, 'baseline'), ({(4777, 3, 1995)}, 0.027979890803286455, 'baseline')]",1,1.0,7.509309,"(4777, 9, 6144)",[7.509309],"[(20123, 3, 40), (20123, 9, 6144), (4777, 3, 40)]",7.26068,3,[1]
"[({(7407, 3, 6)}, 0.07150749399175266, 'baseline'), ({(7407, 3, 40)}, 0.0684566898458992, 'baseline'), ({(7407, 3, 39)}, 0.05992321201468084, 'baseline'), ({(7407, 3, 220)}, 0.05188945957709885, 'baseline'), ({(7407, 3, 504)}, 0.048667947758317835, 'baseline'), ({(7407, 3, 10)}, 0.04844955634822183, 'baseline'), ({(7407, 3, 1061)}, 0.03937248417995375, 'baseline'), ({(7407, 2, 68)}, 0.03744033999823946, 'baseline'), ({(7407, 8, 7410)}, 0.03181080053501952, 'baseline'), ({(7407, 3, 891)}, 0.005274812650778197, 'baseline')]",1,2.0,6.940074,"(7407, 11, 7869)",[6.940074],"[(14783, 11, 7869), (7407, 3, 6), (14783, 3, 6)]",7.057395,3,[2]
"[({(6300, 3, 715)}, 0.18764309152211686, 'baseline'), ({(6300, 3, 892)}, 0.14535907951089846, 'baseline'), ({(6300, 2, 171)}, 0.14100650995065833, 'baseline'), ({(6300, 1, 168)}, 0.09060959056542991, 'baseline'), ({(6300, 3, 40)}, 0.08099846079623114, 'baseline'), ({(6300, 3, 460)}, 0.07599453164793797, 'baseline'), ({(6300, 3, 41)}, 0.06985859107523278, 'baseline'), ({(6300, 2, 30)}, 0.036649743990506925, 'baseline'), ({(6300, 3, 10)}, 0.03349117464800303, 'baseline'), ({(6300, 3, 7)}, 0.03344730562814654, 'baseline')]",2,2.0,7.1316867,"(6300, 9, 8151)",[7.1316867],"[(9619, 9, 8151), (6300, 3, 715), (9619, 3, 715)]",8.371053,3,[2]
"[({(7125, 3, 40)}, 0.11378149230696939, 'baseline'), ({(7125, 3, 39)}, 0.09394554330450618, 'baseline'), ({(7125, 3, 219)}, 0.08105949591027171, 'baseline'), ({(7125, 3, 220)}, 0.07402042579223593, 'baseline'), ({(7125, 2, 172)}, 0.06735233495610263, 'baseline'), ({(7125, 3, 10)}, 0.06032756995609521, 'baseline'), ({(7125, 2, 31)}, 0.05493644901951238, 'baseline'), ({(7125, 4, 66)}, 0.05370334812754131, 'baseline'), ({(7125, 2, 68)}, 0.03974918550582324, 'baseline'), ({(7125, 3, 9)}, 0.03284458348279728, 'baseline')]",2,2.0,5.494442,"(7125, 11, 7869)",[5.494442],"[(17218, 3, 40), (17218, 11, 7869), (7125, 3, 40)]",5.6012373,3,[2]
"[({(4978, 3, 93)}, 0.08431629371768862, 'baseline'), ({(4978, 3, 94)}, 0.07479957769532612, 'baseline'), ({(4978, 1, 264)}, 0.06980423166342285, 'baseline'), ({(4978, 4, 924)}, 0.06677154729570847, 'baseline'), ({(4978, 3, 6)}, 0.06039814184048145, 'baseline'), ({(4978, 3, 92)}, 0.058753053624017774, 'baseline'), ({(4978, 3, 40)}, 0.0552912158653104, 'baseline'), ({(4978, 3, 41)}, 0.04381469916199584, 'baseline'), ({(4978, 3, 870)}, 0.025286714478852473, 'baseline'), ({(4978, 3, 91)}, 0.01760582153026074, 'baseline')]",1,1.0,7.1938915,"(4978, 11, 90)",[7.1938915],"[(90, 3, 93), (4978, 3, 93)]",7.456912,2,[1]
"[({(7426, 3, 666)}, 0.14369873252469548, 'baseline'), ({(7426, 3, 39)}, 0.12405494891538449, 'baseline'), ({(7426, 3, 58)}, 0.07759384344763727, 'baseline'), ({(7426, 3, 40)}, 0.06882003972972654, 'baseline'), ({(7426, 3, 185)}, 0.0663652820620737, 'baseline'), ({(7426, 8, 7427)}, 0.05690960120010452, 'baseline'), ({(7426, 8, 7429)}, 0.05420784183751479, 'baseline'), ({(7426, 1, 65)}, 0.05031398961259609, 'baseline'), ({(7426, 4, 1577)}, 0.04653553195997189, 'baseline'), ({(7426, 3, 218)}, 0.04571632575530044, 'baseline')]",1,1.0,6.320845,"(7426, 11, 8038)",[6.320845],"[(7426, 3, 666), (19270, 11, 8038), (19270, 3, 666)]",6.6888194,3,[1]
"[({(6394, 3, 2586)}, 0.1287975712717724, 'baseline'), ({(6394, 3, 113)}, 0.10958866314539563, 'baseline'), ({(6394, 3, 9)}, 0.10251049240349745, 'baseline'), ({(6394, 3, 2593)}, 0.09871486857376476, 'baseline'), ({(6394, 4, 66)}, 0.06923202704309357, 'baseline'), ({(6394, 2, 68)}, 0.03705124088814355, 'baseline'), ({(6394, 3, 220)}, 0.029304544405370624, 'baseline'), ({(6394, 3, 479)}, 0.025993387161460574, 'baseline'), ({(6394, 2, 31)}, 0.02371792027622066, 'baseline'), ({(6394, 3, 476)}, 0.02145199010687552, 'baseline')]",1,1.0,7.649175,"(6394, 9, 3917)",[7.649175],"[(25102, 9, 3917), (6394, 3, 2586), (25102, 3, 2586)]",8.089542,3,[1]
"[({(7868, 1, 65)}, 0.0704813404026351, 'baseline'), ({(7868, 3, 801)}, 0.05524734683159541, 'baseline'), ({(7868, 3, 149)}, 0.051169435473266474, 'baseline'), ({(7868, 3, 3304)}, 0.04840187262782368, 'baseline'), ({(7868, 3, 649)}, 0.044637720094650495, 'baseline'), ({(7868, 11, 7869)}, 0.03758625215114368, 'baseline'), ({(7868, 3, 1790)}, 0.03236202423518688, 'baseline'), ({(7868, 3, 2977)}, 0.031644861184838634, 'baseline'), ({(7868, 3, 39)}, 0.030170480666087025, 'baseline'), ({(7868, 3, 2979)}, 0.03000644870048326, 'baseline')]",1,2.0,6.676259,"(7868, 11, 6729)",[6.676259],"[(24968, 1, 65), (24968, 11, 6729), (7868, 1, 65)]",7.079462,3,[2]
"[({(6115, 3, 213)}, 0.10211757853765635, 'baseline'), ({(6115, 3, 227)}, 0.09807972150933084, 'baseline'), ({(6115, 3, 226)}, 0.09293178754258233, 'baseline'), ({(6115, 3, 212)}, 0.05686287115062855, 'baseline'), ({(6115, 2, 132)}, 0.04996113010991748, 'baseline'), ({(6115, 3, 149)}, 0.04553608130846747, 'baseline'), ({(6115, 2, 209)}, 0.04212192720564613, 'baseline'), ({(6115, 3, 39)}, 0.030665437674931625, 'baseline'), ({(6115, 2, 31)}, 0.02606395907993642, 'baseline'), ({(6115, 3, 6)}, 0.0213489932468761, 'baseline')]",1,2.0,6.4440036,"(6115, 11, 6729)",[6.4440036],"[(6729, 3, 213), (6115, 3, 213)]",7.6898937,2,[2]
"[({(6263, 3, 2034)}, 0.0783195896078417, 'baseline'), ({(6263, 2, 729)}, 0.06806854438812436, 'baseline'), ({(6263, 3, 2702)}, 0.06264404485203508, 'baseline'), ({(6263, 1, 65)}, 0.04037670325158429, 'baseline'), ({(6263, 3, 41)}, 0.030531923223064892, 'baseline'), ({(6263, 3, 78)}, 0.02882198517544893, 'baseline'), ({(6263, 3, 9)}, 0.02852348512199555, 'baseline'), ({(6263, 3, 14)}, 0.027161638222693053, 'baseline'), ({(6263, 3, 10)}, 0.016563455555445746, 'baseline'), ({(6263, 3, 731)}, 0.01518348880420625, 'baseline')]",1,2.0,6.753404,"(6263, 9, 9452)",[6.753404],"[(25501, 9, 9452), (25501, 3, 2034), (6263, 3, 2034)]",7.2706003,3,[2]
"[({(5834, 2, 1166)}, 0.19436744913769055, 'baseline'), ({(5834, 2, 789)}, 0.12382511341723532, 'baseline'), ({(5834, 3, 1177)}, 0.10636142926906172, 'baseline'), ({(5834, 3, 1171)}, 0.1056480808927497, 'baseline'), ({(5834, 3, 46)}, 0.08935550880774629, 'baseline'), ({(5834, 3, 6)}, 0.08778385354439254, 'baseline'), ({(5834, 3, 40)}, 0.07956890298839558, 'baseline'), ({(5834, 3, 34)}, 0.0641985339810625, 'baseline'), ({(5834, 3, 35)}, 0.06291202734191313, 'baseline'), ({(5834, 3, 39)}, 0.05501274295422757, 'baseline')]",1,1.0,8.552088,"(5834, 9, 1470)",[8.552088],"[(24435, 9, 1470), (5834, 2, 1166), (24435, 2, 1166)]",8.630572,3,[1]
"[({(7610, 3, 1123)}, 0.1035185261287654, 'baseline'), ({(7610, 3, 39)}, 0.0581703586338261, 'baseline'), ({(7610, 3, 3734)}, 0.05393890569711373, 'baseline'), ({(7610, 3, 4088)}, 0.038742105445818346, 'baseline'), ({(7610, 3, 1339)}, 0.037503282532233735, 'baseline'), ({(7610, 2, 1189)}, 0.0368767184922992, 'baseline'), ({(7610, 3, 2221)}, 0.034436265881256235, 'baseline'), ({(7610, 3, 479)}, 0.02257637210605512, 'baseline'), ({(7610, 3, 1192)}, 0.02004722781164205, 'baseline'), ({(7610, 3, 9)}, 0.01646045869410171, 'baseline')]",1,1.0,9.179914,"(7610, 9, 7903)",[9.179914],"[(24615, 9, 7903), (7610, 3, 1123), (24615, 3, 1123)]",9.556608,3,[1]
"[({(7628, 3, 279)}, 0.24418167358392018, 'baseline'), ({(7628, 3, 7)}, 0.18853191594374566, 'baseline'), ({(7628, 3, 40)}, 0.13701538290725418, 'baseline'), ({(7628, 3, 184)}, 0.12281040393160297, 'baseline'), ({(7628, 2, 30)}, 0.04871467777943342, 'baseline'), ({(7628, 4, 66)}, 0.048376123371797815, 'baseline'), ({(7628, 2, 31)}, 0.04439453313507971, 'baseline'), ({(7628, 8, 7393)}, 0.038390199595575894, 'baseline'), ({(7628, 3, 177)}, 0.033669511777626275, 'baseline'), ({(7628, 3, 7629)}, -0.0016526776172552196, 'baseline')]",2,3.0,7.116721,"(7628, 12, 8676)",[7.116721],"[(7628, 3, 279), (8676, 3, 279)]",8.142027,2,[3]
"[({(5067, 3, 40)}, 0.08967403606096741, 'baseline'), ({(5067, 3, 6)}, 0.0795345707019972, 'baseline'), ({(5067, 3, 10)}, 0.0758190555546245, 'baseline'), ({(5067, 2, 30)}, 0.06565288733442394, 'baseline'), ({(5067, 3, 41)}, 0.06460956764269114, 'baseline'), ({(5067, 3, 278)}, 0.05719570347113026, 'baseline'), ({(5067, 3, 9)}, 0.054571191767698375, 'baseline'), ({(5067, 2, 31)}, 0.053924600604509744, 'baseline'), ({(5067, 2, 68)}, 0.05288891029422062, 'baseline'), ({(5067, 3, 192)}, 0.04908374972924543, 'baseline')]",1,1.0,6.0333796,"(5067, 11, 7984)",[6.0333796],"[(5067, 3, 40), (11495, 3, 40), (11495, 11, 7984)]",5.666048,3,[1]
"[({(6766, 3, 629)}, 0.21132568586907993, 'baseline'), ({(6766, 2, 2083)}, 0.17537407134706978, 'baseline'), ({(6766, 3, 630)}, 0.15321640221934774, 'baseline'), ({(6766, 2, 2082)}, 0.1416082784475141, 'baseline'), ({(6766, 3, 1417)}, 0.10659221843683472, 'baseline'), ({(6766, 3, 5562)}, 0.10427192882549456, 'baseline'), ({(6766, 3, 2905)}, 0.10112766463701499, 'baseline'), ({(6766, 3, 479)}, 0.0509500903785628, 'baseline'), ({(6766, 4, 66)}, 0.033081094685889934, 'baseline'), ({(6766, 3, 40)}, 0.024514238336389972, 'baseline')]",1,1.0,8.695556,"(6766, 9, 11980)",[8.695556],"[(6766, 3, 629), (18126, 9, 11980), (18126, 3, 629)]",8.600188,3,[1]
"[({(5200, 3, 75)}, 0.0698385638961778, 'baseline'), ({(5200, 3, 1112)}, 0.0684662265790677, 'baseline'), ({(5200, 3, 1552)}, 0.05487541387033673, 'baseline'), ({(5200, 2, 30)}, 0.05066684910170385, 'baseline'), ({(5200, 3, 628)}, 0.04057411381512147, 'baseline'), ({(5200, 3, 706)}, 0.03872398564975116, 'baseline'), ({(5200, 1, 1054)}, 0.03594974705479695, 'baseline'), ({(5200, 2, 31)}, 0.03584293553152431, 'baseline'), ({(5200, 2, 171)}, 0.031425516108539456, 'baseline'), ({(5200, 3, 38)}, 0.017261545136694194, 'baseline')]",2,1.0,6.4915714,"(5200, 11, 7869)",[6.4915714],"[(5200, 3, 75), (19562, 3, 75), (19562, 11, 7869)]",6.3907385,3,[1]
"[({(6246, 3, 92)}, 0.0994129581780411, 'baseline'), ({(6246, 3, 6)}, 0.09789852335316772, 'baseline'), ({(6246, 3, 149)}, 0.07322410776557332, 'baseline'), ({(6246, 3, 40)}, 0.06791404914195794, 'baseline'), ({(6246, 4, 66)}, 0.06606964299332985, 'baseline'), ({(6246, 3, 91)}, 0.0559626026035844, 'baseline'), ({(6246, 2, 30)}, 0.04627231788023391, 'baseline'), ({(6246, 2, 31)}, 0.036018411593099875, 'baseline'), ({(6246, 2, 172)}, 0.028803865386762644, 'baseline'), ({(6246, 1, 1034)}, 0.028731386162830545, 'baseline')]",1,1.0,6.601495,"(6246, 11, 90)",[6.601495],"[(90, 3, 92), (6246, 3, 92)]",6.5092406,2,[1]
"[({(5305, 3, 94)}, 0.30721763890170734, 'baseline'), ({(5305, 3, 41)}, 0.17259506439391192, 'baseline'), ({(5305, 3, 5314)}, 0.1573038503464151, 'baseline'), ({(5305, 3, 6)}, 0.14031128135501159, 'baseline'), ({(5305, 3, 1952)}, 0.1293383046210235, 'baseline'), ({(5305, 3, 5315)}, 0.09530166822135488, 'baseline'), ({(5305, 2, 30)}, 0.07897190283866147, 'baseline'), ({(5305, 2, 31)}, 0.05586246681077849, 'baseline'), ({(5305, 3, 285)}, 0.052719156210643624, 'baseline')]",1,1.0,7.2153597,"(5305, 12, 9444)",[7.2153597],"[(9444, 3, 94), (5305, 3, 94)]",7.808302,2,[1]
"[({(4952, 1, 941)}, 0.13535265174376562, 'baseline'), ({(4952, 2, 30)}, 0.08153585626001376, 'baseline'), ({(4952, 2, 31)}, 0.07690958215990235, 'baseline'), ({(4952, 3, 75)}, 0.07037691307084769, 'baseline'), ({(4952, 3, 38)}, 0.06411079594919657, 'baseline'), ({(4952, 3, 706)}, 0.03548864550922732, 'baseline'), ({(4952, 3, 880)}, 0.03153471179993136, 'baseline'), ({(4952, 3, 176)}, 0.025208990035163113, 'baseline'), ({(4952, 3, 1310)}, 0.015530149425803075, 'baseline'), ({(4952, 3, 267)}, 0.008397619182685178, 'baseline')]",1,1.0,5.2008085,"(4952, 11, 7869)",[5.2008085],"[(16127, 1, 941), (16127, 11, 7869), (4952, 1, 941)]",5.530306,3,[1]
