original_score,#facts,new_scores,original_rank,facts,new_ranks,prediction,new_rank,new_score
9.176514,6,"[8.486092, 8.487068]",1,"[([(6427, 3, 278), (25155, 9, 7790), (25155, 3, 278)], 0.13230038, 'xrule'), ([(6427, 3, 278)], 0.12783531388243244, 'kelpie'), ([(24248, 9, 7790), (6427, 3, 100), (24248, 3, 100)], 0.12720013, 'xrule'), ([(6427, 3, 278), (24248, 3, 278), (24248, 9, 7790)], 0.12440014, 'xrule'), ([(6427, 2, 29)], 0.10035804945555367, 'kelpie'), ([(6427, 3, 479)], 0.04996399111313683, 'kelpie')]","[1, 1]","(6427, 9, 7790)",1.0,8.48658
5.990065,6,"[4.779374, 4.932149]",1,"[([(7125, 3, 9), (8416, 3, 9), (8416, 11, 8038)], 1.3860006, 'xrule'), ([(7125, 3, 9), (21341, 3, 9), (21341, 11, 8038)], 1.1704006, 'xrule'), ([(12691, 3, 78), (7125, 3, 78), (12691, 11, 8038)], 1.0356007, 'xrule'), ([(7125, 3, 479)], 0.15625433178176093, 'kelpie'), ([(7125, 3, 476)], 0.12849764074702888, 'kelpie'), ([(7125, 3, 9)], 0.09029678538024458, 'kelpie')]","[2, 2]","(7125, 11, 8038)",2.0,4.8557615
6.493819,6,"[6.2080774, 6.1387043]",1,"[([(11328, 11, 7992), (11328, 3, 10), (5822, 3, 10)], 0.74090004, 'xrule'), ([(11328, 11, 7992), (5822, 3, 476), (11328, 3, 476)], 0.7325001, 'xrule'), ([(11328, 3, 278), (5822, 3, 278), (11328, 11, 7992)], 0.5142002, 'xrule'), ([(5822, 4, 66)], 0.08546833230949885, 'kelpie'), ([(5822, 3, 476)], 0.07204822733506717, 'kelpie'), ([(5822, 3, 9)], 0.07117656900909682, 'kelpie')]","[1, 1]","(5822, 11, 7992)",1.0,6.173391
7.2885904,6,"[6.817959, 6.4987392]",1,"[([(7788, 3, 37), (25070, 3, 37), (25070, 11, 8038)], 0.31279945, 'xrule'), ([(7788, 3, 9), (23745, 11, 8038), (23745, 3, 9)], 0.2546997, 'xrule'), ([(23745, 11, 8038), (7788, 3, 78), (23745, 3, 78)], 0.23519993, 'xrule'), ([(7788, 3, 1321)], 0.08248333166656646, 'kelpie'), ([(7788, 3, 651)], 0.08159927561582186, 'kelpie'), ([(7788, 3, 479)], 0.06545070839834174, 'kelpie')]","[1, 1]","(7788, 11, 8038)",1.0,6.658349
5.8608837,6,"[6.1724186, 5.14544]",1,"[([(8347, 11, 7992), (5279, 2, 31), (8347, 2, 31)], 0.11139965, 'xrule'), ([(5279, 4, 66)], 0.10465482910304885, 'kelpie'), ([(5279, 3, 40)], 0.09956316187114463, 'kelpie'), ([(5279, 3, 6)], 0.08792738152948601, 'kelpie'), ([(8347, 11, 7992), (5279, 3, 6), (8347, 3, 6)], -0.067100525, 'xrule'), ([(18840, 11, 7992), (5279, 3, 6), (18840, 3, 6)], -0.13720036, 'xrule')]","[1, 1]","(5279, 11, 7992)",1.0,5.6589293
5.854315,6,"[5.3405333, 5.2102957]",1,"[([(22529, 11, 7992), (6848, 3, 9), (22529, 3, 9)], 0.45219994, 'xrule'), ([(22529, 11, 7992), (6848, 3, 75), (22529, 3, 75)], 0.37129974, 'xrule'), ([(22529, 11, 7992), (6848, 3, 6), (22529, 3, 6)], 0.1451006, 'xrule'), ([(6848, 4, 66)], 0.1295919819931266, 'kelpie'), ([(6848, 3, 9)], 0.12434391225068847, 'kelpie'), ([(6848, 3, 479)], 0.08703617290167107, 'kelpie')]","[2, 5]","(6848, 11, 7992)",3.5,5.2754145
6.829075,6,"[2.5830343, 3.565937]",1,"[([(10310, 3, 7062), (10310, 9, 9349), (7058, 3, 7062)], 0.7322998, 'xrule'), ([(7058, 2, 7059), (10310, 9, 9349), (10310, 2, 7059)], 0.68449974, 'xrule'), ([(20818, 9, 9349), (20818, 3, 7062), (7058, 3, 7062)], 0.6520004, 'xrule'), ([(7058, 3, 7062)], 0.5876894432659603, 'kelpie'), ([(7058, 2, 7059)], 0.5314922761529027, 'kelpie'), ([(7058, 2, 2083)], 0.24132255795797586, 'kelpie')]","[84, 41]","(7058, 9, 9349)",62.5,3.0744858
8.200344,6,"[5.703278, 6.320882]",1,"[([(21752, 12, 8676), (21752, 3, 748), (5822, 3, 748)], 0.30010033, 'xrule'), ([(20591, 3, 748), (20591, 12, 8676), (5822, 3, 748)], 0.28209972, 'xrule'), ([(23237, 12, 8676), (23237, 3, 748), (5822, 3, 748)], 0.27330017, 'xrule'), ([(5822, 3, 748)], 0.26897434490431055, 'kelpie'), ([(5822, 3, 279)], 0.16523937438492703, 'kelpie'), ([(5822, 3, 40)], 0.11731723986141496, 'kelpie')]","[5, 4]","(5822, 12, 8676)",4.5,6.01208
6.2528124,6,"[6.094408, 6.4854107]",2,"[([(5849, 3, 6), (13995, 11, 7869), (13995, 3, 6)], 0.61310005, 'xrule'), ([(8230, 3, 418), (5849, 3, 418), (8230, 11, 7869)], 0.54920006, 'xrule'), ([(10061, 3, 88), (5849, 3, 88), (10061, 11, 7869)], 0.4656, 'xrule'), ([(5849, 3, 6)], 0.08073333932962327, 'kelpie'), ([(5849, 3, 88)], 0.06865028570816975, 'kelpie'), ([(5849, 3, 149)], 0.051236192697179585, 'kelpie')]","[2, 2]","(5849, 11, 7869)",2.0,6.2899094
6.5734153,6,"[6.647338, 6.0003376]",1,"[([(24925, 11, 7992), (24925, 12, 7992), (5696, 3, 75), (24925, 3, 75)], 1.4561005, 'xrule'), ([(24925, 11, 7992), (5696, 3, 6), (24925, 12, 7992), (24925, 3, 6)], 1.2075005, 'xrule'), ([(24925, 12, 7992), (24925, 11, 7992), (24925, 3, 40), (5696, 3, 40)], 1.1346998, 'xrule'), ([(5696, 3, 78)], 0.08795265391861176, 'kelpie'), ([(5696, 3, 10)], 0.06791404914195794, 'kelpie'), ([(5696, 3, 40)], 0.04917053410531313, 'kelpie')]","[1, 1]","(5696, 11, 7992)",1.0,6.3238378
6.0124025,6,"[5.2523994, 3.961041]",1,"[([(6195, 2, 3219), (25757, 2, 3219), (25757, 9, 8721)], 0.7607994, 'xrule'), ([(6195, 2, 31), (25757, 2, 31), (25757, 9, 8721)], 0.6313, 'xrule'), ([(25757, 1, 65), (25757, 9, 8721), (6195, 1, 65)], 0.6264, 'xrule'), ([(6195, 2, 3219)], 0.2912455013683378, 'kelpie'), ([(6195, 3, 2021)], 0.09681419568368937, 'kelpie'), ([(6195, 2, 31)], 0.08444551659042457, 'kelpie')]","[5, 16]","(6195, 9, 8721)",10.5,4.60672
7.6262035,6,"[6.941121, 6.4030447]",1,"[([(5717, 3, 2014), (23410, 9, 2010), (23410, 3, 2014)], 0.46399975, 'xrule'), ([(5717, 2, 2011), (23410, 2, 2011), (23410, 9, 2010)], 0.43190002, 'xrule'), ([(5717, 3, 40), (23410, 9, 2010), (23410, 3, 40)], 0.40509987, 'xrule'), ([(5717, 3, 2013)], 0.12932209218999144, 'kelpie'), ([(5717, 3, 2014)], 0.12590793813539786, 'kelpie'), ([(5717, 2, 2011)], 0.10536102491104984, 'kelpie')]","[2, 1]","(5717, 9, 2010)",1.5,6.672083
8.899089,6,"[6.772909, 7.1572685]",1,"[([(25534, 9, 13676), (25534, 3, 2586), (5179, 3, 2586)], 0.4864006, 'xrule'), ([(5179, 3, 113), (25534, 9, 13676), (25534, 3, 113)], 0.4758997, 'xrule'), ([(25534, 9, 13676), (25534, 3, 9), (5179, 3, 9)], 0.46460056, 'xrule'), ([(5179, 5, 5180)], 0.09984497264619574, 'kelpie'), ([(5179, 3, 2586)], 0.08590034677540559, 'kelpie'), ([(5179, 2, 2584)], 0.08436397743759194, 'kelpie')]","[1, 1]","(5179, 9, 13676)",1.0,6.965089
7.3935227,6,"[6.0616455, 6.3714094]",1,"[([(4912, 3, 75), (20378, 3, 75), (20378, 11, 7869)], 0.53200054, 'xrule'), ([(23412, 11, 7869), (23412, 3, 2043), (4912, 3, 2043)], 0.49740028, 'xrule'), ([(4912, 3, 75), (24926, 3, 75), (24926, 11, 7869)], 0.4116001, 'xrule'), ([(4912, 3, 2044)], 0.10558513838990846, 'kelpie'), ([(4912, 3, 2043)], 0.1048489018061891, 'kelpie'), ([(4912, 3, 436)], 0.06916050148460319, 'kelpie')]","[2, 2]","(4912, 11, 7869)",2.0,6.2165275
8.731943,6,"[7.6144195, 8.385832]",1,"[([(15740, 9, 7759), (7517, 3, 2279), (15740, 3, 2279)], 0.20429993, 'xrule'), ([(7517, 3, 4), (15740, 9, 7759), (15740, 3, 4)], 0.20390034, 'xrule'), ([(15740, 1, 168), (15740, 9, 7759), (7517, 1, 168)], 0.20040035, 'xrule'), ([(7517, 3, 2279)], 0.1226158543627455, 'kelpie'), ([(7517, 3, 4)], 0.10069469648545487, 'kelpie'), ([(7517, 1, 168)], 0.0958843632063545, 'kelpie')]","[1, 1]","(7517, 9, 7759)",1.0,8.000126
8.629868,6,"[7.2096066, 7.0023093]",1,"[([(18479, 9, 2010), (6162, 2, 31), (18479, 2, 31)], 0.34810066, 'xrule'), ([(18479, 9, 2010), (6162, 2, 30), (18479, 2, 30)], 0.34600067, 'xrule'), ([(18479, 9, 2010), (18479, 3, 6), (6162, 3, 6)], 0.33530045, 'xrule'), ([(6162, 3, 88)], 0.08967975807036987, 'kelpie'), ([(6162, 3, 40)], 0.07505706976754095, 'kelpie'), ([(6162, 3, 149)], 0.07278064917872429, 'kelpie')]","[1, 1]","(6162, 9, 2010)",1.0,7.105958
9.054642,6,"[8.730378, 8.100333]",1,"[([(5920, 3, 111), (25113, 9, 8418), (25113, 3, 111)], 0.1534996, 'xrule'), ([(25812, 9, 8418), (25812, 3, 111), (5920, 3, 111)], 0.15069962, 'xrule'), ([(22405, 3, 111), (22405, 9, 8418), (5920, 3, 111)], 0.14039993, 'xrule'), ([(5920, 3, 111)], 0.12038521011987842, 'kelpie'), ([(5920, 2, 69)], 0.1064434452921392, 'kelpie'), ([(5920, 3, 74)], 0.07888607214051954, 'kelpie')]","[1, 1]","(5920, 9, 8418)",1.0,8.415356
6.63501,6,"[5.7468514, 5.92572]",1,"[([(6822, 3, 2043), (17096, 3, 2043), (17096, 11, 7869)], 0.18109989, 'xrule'), ([(6822, 3, 2044)], 0.14841751308820653, 'kelpie'), ([(6822, 3, 2043)], 0.1483612462549376, 'kelpie'), ([(6822, 3, 436)], 0.10992435654774942, 'kelpie'), ([(6822, 3, 436), (17096, 11, 7869), (17096, 3, 436)], 0.10560036, 'xrule'), ([(6822, 3, 436), (23983, 11, 7869), (23983, 3, 436)], 0.067700386, 'xrule')]","[3, 2]","(6822, 11, 7869)",2.5,5.8362856
7.641706,6,"[2.962319, 2.997242]",2,"[([(16696, 3, 6), (7365, 3, 6), (16696, 12, 6095)], 2.2503, 'xrule'), ([(16696, 3, 7), (7365, 3, 7), (16696, 12, 6095)], 2.2185001, 'xrule'), ([(16696, 3, 276), (7365, 3, 276), (16696, 12, 6095)], 2.2147002, 'xrule'), ([(7365, 3, 6)], 0.07213644217731376, 'kelpie'), ([(7365, 3, 279)], 0.06923774907210672, 'kelpie'), ([(7365, 3, 2226)], 0.0660658283273398, 'kelpie')]","[173, 161]","(7365, 12, 6095)",167.0,2.9797804
6.395771,6,"[5.310088, 5.203277]",2,"[([(25172, 3, 40), (25172, 11, 6729), (5110, 3, 40)], 0.18410015, 'xrule'), ([(5110, 1, 65), (25172, 11, 6729), (25172, 1, 65)], 0.17850018, 'xrule'), ([(24053, 3, 40), (5110, 3, 40), (24053, 11, 6729)], 0.17140007, 'xrule'), ([(5110, 2, 788)], 0.11248783309953582, 'kelpie'), ([(5110, 3, 5115)], 0.059024850802233096, 'kelpie'), ([(5110, 3, 2040)], 0.055613557782120196, 'kelpie')]","[3, 3]","(5110, 11, 6729)",3.0,5.2566824
6.992312,6,"[6.0577016, 6.498667]",1,"[([(7655, 3, 220), (21168, 11, 8038), (21168, 3, 220)], 0.6907997, 'xrule'), ([(21168, 3, 39), (21168, 11, 8038), (7655, 3, 39)], 0.21819973, 'xrule'), ([(7655, 3, 40), (13114, 11, 8038), (13114, 3, 40)], 0.20129967, 'xrule'), ([(7655, 3, 479)], 0.1103725834623326, 'kelpie'), ([(7655, 3, 476)], 0.08625320627085449, 'kelpie'), ([(7655, 3, 10)], 0.08316044047481516, 'kelpie')]","[1, 1]","(7655, 11, 8038)",1.0,6.278184
7.1088166,6,"[3.9206417, 4.427655]",1,"[([(22481, 3, 10), (6812, 3, 10), (22481, 12, 13960)], 1.1051002, 'xrule'), ([(22481, 12, 13960), (22481, 3, 1870), (6812, 3, 1870)], 1.0924001, 'xrule'), ([(6812, 3, 9), (22481, 12, 13960), (22481, 3, 9)], 1.0916004, 'xrule'), ([(6812, 3, 6815)], 0.17612795093849096, 'kelpie'), ([(6812, 3, 6818)], 0.16803840851504565, 'kelpie'), ([(6812, 3, 294)], 0.09525207712468073, 'kelpie')]","[21, 21]","(6812, 12, 13960)",21.0,4.1741486
6.9315023,6,"[4.3728423, 4.7435074]",1,"[([(18965, 2, 2083), (18965, 9, 11980), (5218, 2, 2083)], 0.56550026, 'xrule'), ([(5218, 3, 2085), (18965, 3, 2085), (18965, 9, 11980)], 0.559, 'xrule'), ([(18965, 2, 2082), (5218, 2, 2082), (18965, 9, 11980)], 0.48690033, 'xrule'), ([(5218, 2, 2083)], 0.2247882294421074, 'kelpie'), ([(5218, 3, 2085)], 0.21927074663181895, 'kelpie'), ([(5218, 3, 3675)], 0.15321735588080188, 'kelpie')]","[8, 3]","(5218, 9, 11980)",5.5,4.558175
8.511835,6,"[7.5166607, 7.57652]",1,"[([(14237, 9, 7903), (14237, 3, 418), (7236, 3, 418)], 0.26390076, 'xrule'), ([(14237, 9, 7903), (14237, 2, 1188), (7236, 2, 1188)], 0.2538004, 'xrule'), ([(16337, 2, 1188), (16337, 9, 7903), (7236, 2, 1188)], 0.24590015, 'xrule'), ([(7236, 2, 1188)], 0.17445759034578104, 'kelpie'), ([(7236, 3, 418)], 0.17102531646122757, 'kelpie'), ([(7236, 3, 40)], 0.10138324932127188, 'kelpie')]","[1, 1]","(7236, 9, 7903)",1.0,7.5465903
6.1215763,6,"[5.882365, 5.935429]",2,"[([(20946, 11, 7869), (20946, 2, 30), (5756, 2, 30)], 0.61310005, 'xrule'), ([(5756, 3, 75), (13995, 11, 7869), (13995, 3, 75)], 0.59959984, 'xrule'), ([(5756, 3, 6), (24457, 11, 7869), (24457, 3, 6)], 0.5937004, 'xrule'), ([(5756, 3, 6)], 0.13857130254838712, 'kelpie'), ([(5756, 4, 924)], 0.117488901237601, 'kelpie'), ([(5756, 3, 5760)], 0.11396936615616325, 'kelpie')]","[1, 1]","(5756, 11, 7869)",1.0,5.9088974
7.2348595,6,"[6.628994, 5.305105]",1,"[([(6419, 3, 1823), (11461, 3, 1823), (11461, 9, 7991)], 0.35149956, 'xrule'), ([(16014, 9, 7991), (6419, 3, 1823), (16014, 3, 1823)], 0.3164997, 'xrule'), ([(11461, 9, 7991), (6419, 3, 733), (11461, 3, 733)], 0.3135996, 'xrule'), ([(6419, 3, 1823)], 0.19016079168039682, 'kelpie'), ([(6419, 3, 756)], 0.15439991207663786, 'kelpie'), ([(6419, 3, 506)], 0.14960579126442958, 'kelpie')]","[1, 3]","(6419, 9, 7991)",2.0,5.9670496
9.2064905,6,"[9.00997, 9.050211]",1,"[([(6323, 3, 2638)], 0.1772795126660145, 'kelpie'), ([(6323, 3, 111)], 0.17308906769456092, 'kelpie'), ([(14712, 9, 8418), (14712, 3, 111), (6323, 3, 111)], 0.13290024, 'xrule'), ([(13048, 9, 8418), (6323, 3, 111), (13048, 3, 111)], 0.13229942, 'xrule'), ([(6323, 2, 70)], 0.13203911033085575, 'kelpie'), ([(6323, 3, 111), (14580, 3, 111), (14580, 9, 8418)], 0.13070011, 'xrule')]","[1, 1]","(6323, 9, 8418)",1.0,9.03009
9.047374,6,"[7.4551916, 7.7682614]",1,"[([(6885, 2, 1166), (12340, 2, 1166), (12340, 9, 1470)], 0.21510029, 'xrule'), ([(6885, 3, 516), (12340, 3, 516), (12340, 9, 1470)], 0.2105999, 'xrule'), ([(6885, 2, 1166), (14626, 9, 1470), (14626, 2, 1166)], 0.19029999, 'xrule'), ([(6885, 2, 1166)], 0.17881302096896173, 'kelpie'), ([(6885, 3, 516)], 0.1506872579373182, 'kelpie'), ([(6885, 3, 1842)], 0.13997272693711915, 'kelpie')]","[1, 1]","(6885, 9, 1470)",1.0,7.6117268
9.176466,6,"[8.121409, 7.7869916]",1,"[([(5770, 2, 1166), (14803, 9, 1470), (14803, 2, 1166)], 0.16839981, 'xrule'), ([(5770, 2, 1166), (25424, 9, 1470), (25424, 2, 1166)], 0.14150047, 'xrule'), ([(8628, 2, 1166), (5770, 2, 1166), (8628, 9, 1470)], 0.12930012, 'xrule'), ([(5770, 2, 789)], 0.1259289189703128, 'kelpie'), ([(5770, 3, 75)], 0.0780067844508026, 'kelpie'), ([(5770, 1, 65)], 0.07632354925641203, 'kelpie')]","[1, 1]","(5770, 9, 1470)",1.0,7.9542007
6.8954225,6,"[5.8550243, 4.927921]",1,"[([(25429, 11, 8038), (25429, 4, 66), (5575, 4, 66)], 0.8323002, 'xrule'), ([(5575, 3, 75), (10332, 11, 8038), (10332, 3, 75)], 0.8154001, 'xrule'), ([(20908, 3, 725), (20908, 11, 8038), (5575, 3, 725)], 0.57750034, 'xrule'), ([(5575, 3, 651)], 0.1864853308991408, 'kelpie'), ([(5575, 2, 68)], 0.11051754196046598, 'kelpie'), ([(5575, 2, 30)], 0.09683613018318639, 'kelpie')]","[1, 2]","(5575, 11, 8038)",1.5,5.391473
5.6155605,6,"[5.217089, 5.349114]",1,"[([(23486, 11, 7992), (23486, 3, 78), (5067, 3, 78)], 0.87199974, 'xrule'), ([(12340, 11, 7992), (12340, 3, 78), (5067, 3, 78)], 0.86569977, 'xrule'), ([(5067, 2, 31), (14544, 2, 31), (14544, 11, 7992)], 0.85700035, 'xrule'), ([(5067, 3, 9)], 0.09646038249513086, 'kelpie'), ([(5067, 3, 10)], 0.08801559642522983, 'kelpie'), ([(5067, 3, 39)], 0.07223610117127348, 'kelpie')]","[1, 1]","(5067, 11, 7992)",1.0,5.2831016
6.96239,6,"[5.9108477, 6.330101]",2,"[([(5645, 2, 2083), (18965, 2, 2083), (18965, 9, 11980)], 0.42319965, 'xrule'), ([(18965, 3, 2085), (18965, 9, 11980), (5645, 3, 2085)], 0.39729977, 'xrule'), ([(18965, 2, 2082), (18965, 9, 11980), (5645, 2, 2082)], 0.39350033, 'xrule'), ([(5645, 2, 2083)], 0.17931083896282596, 'kelpie'), ([(5645, 2, 2082)], 0.1526489660035259, 'kelpie'), ([(5645, 3, 2085)], 0.14856056419327865, 'kelpie')]","[3, 1]","(5645, 9, 11980)",2.0,6.1204743
8.398114,6,"[6.3054695, 6.4218388]",2,"[([(24360, 12, 4492), (24360, 3, 40), (7628, 3, 40)], 0.23589993, 'xrule'), ([(7628, 3, 279), (23877, 3, 279), (23877, 12, 4492)], 0.21880054, 'xrule'), ([(7628, 3, 279)], 0.20841888659169563, 'kelpie'), ([(7628, 3, 279), (14117, 3, 279), (14117, 12, 4492)], 0.20460033, 'xrule'), ([(7628, 3, 149)], 0.17270187595260938, 'kelpie'), ([(7628, 3, 88)], 0.16420463774788333, 'kelpie')]","[5, 5]","(7628, 12, 4492)",5.0,6.363654
6.3391323,6,"[5.129056, 5.5387506]",1,"[([(5844, 3, 37)], 0.08477501106550107, 'kelpie'), ([(5844, 3, 666)], 0.08013729288055828, 'kelpie'), ([(5844, 3, 185)], 0.050884286827239465, 'kelpie'), ([(5844, 3, 40), (23703, 11, 8038), (23703, 3, 40)], -0.04339981, 'xrule'), ([(23703, 11, 8038), (23703, 3, 185), (5844, 3, 185)], -0.25339985, 'xrule'), ([(23703, 3, 75), (5844, 3, 75), (23703, 11, 8038)], -0.37559986, 'xrule')]","[1, 3]","(5844, 11, 8038)",2.0,5.3339033
7.5643873,6,"[7.2104263, 7.230879]",2,"[([(19548, 11, 8038), (6213, 3, 2132), (19548, 3, 2132)], 0.8337002, 'xrule'), ([(6213, 3, 1839), (25070, 11, 8038), (25070, 3, 1839)], 0.54179955, 'xrule'), ([(6213, 4, 485), (14153, 4, 485), (14153, 11, 8038)], 0.5304003, 'xrule'), ([(6213, 3, 1839)], 0.11497978408462121, 'kelpie'), ([(6213, 3, 1321)], 0.0900144977686475, 'kelpie'), ([(6213, 3, 651)], 0.08615402416539082, 'kelpie')]","[2, 2]","(6213, 11, 8038)",2.0,7.2206526
8.558601,6,"[6.06369, 5.703285]",1,"[([(20674, 12, 8644), (7574, 3, 1148), (20674, 3, 1148)], 1.4274001, 'xrule'), ([(20674, 12, 8644), (20674, 5, 7575), (7574, 5, 7575)], 1.3997002, 'xrule'), ([(20674, 3, 7583), (20674, 12, 8644), (7574, 3, 7583)], 1.3738003, 'xrule'), ([(7574, 5, 7575)], 0.19821171029894044, 'kelpie'), ([(7574, 3, 1148)], 0.18453411319720733, 'kelpie'), ([(7574, 3, 1149)], 0.14822868552951685, 'kelpie')]","[2, 6]","(7574, 12, 8644)",4.0,5.8834877
5.7324796,6,"[5.576627, 5.457038]",3,"[([(25133, 11, 7984), (6246, 3, 7), (25133, 3, 7)], 0.81949997, 'xrule'), ([(16481, 4, 66), (6246, 4, 66), (16481, 11, 7984)], 0.49030018, 'xrule'), ([(6246, 3, 40), (15964, 11, 7984), (15964, 3, 40)], 0.48589993, 'xrule'), ([(6246, 4, 66)], 0.07741932108533593, 'kelpie'), ([(6246, 3, 6)], 0.07625154684469058, 'kelpie'), ([(6246, 3, 40)], 0.0756183071345492, 'kelpie')]","[2, 2]","(6246, 11, 7984)",2.0,5.5168324
6.7241745,6,"[5.868908, 5.391673]",1,"[([(19035, 11, 6729), (4978, 3, 40), (19035, 3, 40)], 0.1473999, 'xrule'), ([(4978, 3, 40), (21394, 3, 40), (21394, 11, 6729)], 0.14389992, 'xrule'), ([(19035, 2, 172), (4978, 2, 172), (19035, 11, 6729)], 0.12479973, 'xrule'), ([(4978, 4, 924)], 0.0996933384375645, 'kelpie'), ([(4978, 3, 93)], 0.08391479685231522, 'kelpie'), ([(4978, 3, 870)], 0.030180017426152228, 'kelpie')]","[3, 3]","(4978, 11, 6729)",3.0,5.6302905
7.3364105,6,"[6.6533365, 6.8528223]",2,"[([(6327, 3, 279), (19207, 12, 8676), (19207, 3, 279)], 0.2652998, 'xrule'), ([(6327, 3, 279), (25448, 12, 8676), (25448, 3, 279)], 0.25220013, 'xrule'), ([(6327, 3, 279), (22349, 12, 8676), (22349, 3, 279)], 0.25199986, 'xrule'), ([(6327, 3, 279)], 0.20297817456387623, 'kelpie'), ([(6327, 3, 220)], 0.13911918842967808, 'kelpie'), ([(6327, 3, 7)], 0.13843731132794218, 'kelpie')]","[3, 3]","(6327, 12, 8676)",3.0,6.7530794
6.4412184,6,"[4.444786, 3.9129214]",2,"[([(20036, 12, 9510), (20036, 3, 9), (7177, 3, 9)], 1.3186007, 'xrule'), ([(7177, 3, 78), (20036, 12, 9510), (20036, 3, 78)], 1.3095007, 'xrule'), ([(20036, 3, 40), (7177, 3, 40), (20036, 12, 9510)], 1.2946005, 'xrule'), ([(7177, 3, 79)], 0.11110309797890713, 'kelpie'), ([(7177, 3, 84)], 0.08991245465507768, 'kelpie'), ([(7177, 3, 7180)], 0.0639048022798753, 'kelpie')]","[32, 83]","(7177, 12, 9510)",57.5,4.178854
9.283322,6,"[8.868098, 8.580558]",1,"[([(7154, 1, 65), (23960, 9, 8418), (23960, 1, 65)], 0.14009953, 'xrule'), ([(23960, 9, 8418), (23960, 3, 111), (7154, 3, 111)], 0.1392994, 'xrule'), ([(24581, 9, 8418), (24581, 3, 111), (7154, 3, 111)], 0.12010002, 'xrule'), ([(7154, 2, 69)], 0.10636142926906172, 'kelpie'), ([(7154, 1, 65)], 0.09963707168107526, 'kelpie'), ([(7154, 3, 73)], 0.08868221477857481, 'kelpie')]","[1, 1]","(7154, 9, 8418)",1.0,8.724328
9.5396805,6,"[9.431099, 8.961847]",1,"[([(6219, 3, 100), (20237, 9, 7790), (20237, 3, 100)], 0.09589958, 'xrule'), ([(21168, 3, 2558), (6219, 3, 2558), (21168, 9, 7790)], 0.09299946, 'xrule'), ([(6219, 3, 100), (20150, 3, 100), (20150, 9, 7790)], 0.092199326, 'xrule'), ([(6219, 3, 2558)], 0.08832458687564396, 'kelpie'), ([(6219, 3, 78)], 0.039320032053399394, 'kelpie'), ([(6219, 3, 75)], 0.028342286997852118, 'kelpie')]","[1, 1]","(6219, 9, 7790)",1.0,9.196473
8.565611,6,"[7.7948966, 6.7955236]",1,"[([(14301, 9, 8339), (14301, 3, 506), (6105, 3, 506)], 0.2038002, 'xrule'), ([(14301, 9, 8339), (14301, 3, 747), (6105, 3, 747)], 0.1953001, 'xrule'), ([(22633, 9, 8339), (6105, 3, 506), (22633, 3, 506)], 0.19029999, 'xrule'), ([(6105, 3, 506)], 0.1400556966117384, 'kelpie'), ([(6105, 2, 728)], 0.11519340716063271, 'kelpie'), ([(6105, 1, 65)], 0.07551769447490829, 'kelpie')]","[1, 1]","(6105, 9, 8339)",1.0,7.29521
6.271142,6,"[5.2237315, 5.227639]",1,"[([(23138, 11, 6729), (5334, 3, 40), (23138, 3, 40)], 0.22450066, 'xrule'), ([(18403, 11, 6729), (5334, 3, 40), (18403, 3, 40)], 0.19720078, 'xrule'), ([(20195, 11, 6729), (20195, 3, 40), (5334, 3, 40)], 0.19000053, 'xrule'), ([(5334, 3, 149)], 0.11502651410367402, 'kelpie'), ([(5334, 3, 4514)], 0.09145740701875088, 'kelpie'), ([(5334, 1, 264)], 0.0559883517712123, 'kelpie')]","[2, 2]","(5334, 11, 6729)",2.0,5.225685
6.495025,6,"[5.761465, 6.2224817]",1,"[([(6812, 3, 10), (9782, 3, 10), (9782, 11, 7869)], 0.40600014, 'xrule'), ([(21889, 11, 7869), (6812, 3, 7), (21889, 3, 7)], 0.3845005, 'xrule'), ([(16648, 11, 7869), (6812, 3, 174), (16648, 3, 174)], 0.29540062, 'xrule'), ([(6812, 3, 7)], 0.09008316232829208, 'kelpie'), ([(6812, 3, 10)], 0.06872371862005205, 'kelpie'), ([(6812, 2, 30)], 0.06319526863532111, 'kelpie')]","[1, 1]","(6812, 11, 7869)",1.0,5.9919734
6.2951746,6,"[6.180629, 5.6164246]",1,"[([(23697, 11, 7984), (5696, 3, 6), (23697, 3, 6)], 1.2691002, 'xrule'), ([(5696, 2, 31), (24893, 2, 31), (24893, 11, 7984)], 1.0823002, 'xrule'), ([(5696, 2, 31), (16982, 2, 31), (16982, 11, 7984)], 1.0236006, 'xrule'), ([(5696, 3, 10)], 0.06468586156054039, 'kelpie'), ([(5696, 3, 78)], 0.05871872138260474, 'kelpie'), ([(5696, 3, 20)], 0.05707267949159769, 'kelpie')]","[1, 1]","(5696, 11, 7984)",1.0,5.8985267
6.7899523,6,"[6.325131, 6.2705526]",1,"[([(5380, 3, 10), (12402, 11, 8038), (12402, 3, 10)], 0.6594, 'xrule'), ([(9668, 11, 8038), (5380, 4, 66), (9668, 4, 66)], 0.60499954, 'xrule'), ([(5380, 3, 10), (8092, 3, 10), (8092, 11, 8038)], 0.53569984, 'xrule'), ([(5380, 3, 37)], 0.05936245154695885, 'kelpie'), ([(5380, 3, 476)], 0.049426118808219344, 'kelpie'), ([(5380, 3, 220)], 0.04437259859554745, 'kelpie')]","[2, 1]","(5380, 11, 8038)",1.5,6.297842
8.735666,6,"[6.354058, 7.400256]",1,"[([(6848, 3, 629)], 0.3081722669295858, 'kelpie'), ([(6848, 3, 629), (22316, 9, 11980), (22316, 3, 629)], 0.30160046, 'xrule'), ([(6848, 3, 629), (22042, 9, 11980), (22042, 3, 629)], 0.29190063, 'xrule'), ([(6848, 3, 629), (23486, 3, 629), (23486, 9, 11980)], 0.28450012, 'xrule'), ([(6848, 2, 2083)], 0.22319988485222808, 'kelpie'), ([(6848, 2, 2082)], 0.16542724822085553, 'kelpie')]","[1, 1]","(6848, 9, 11980)",1.0,6.877157
9.299835,6,"[7.4332433, 7.75933]",1,"[([(16645, 3, 6), (16645, 12, 8340), (7933, 3, 6), (16645, 11, 8340)], 0.16740036, 'xrule'), ([(16645, 3, 40), (16645, 12, 8340), (7933, 3, 40), (16645, 11, 8340)], 0.16569996, 'xrule'), ([(7933, 3, 149), (16645, 12, 8340), (16645, 3, 149), (16645, 11, 8340)], 0.15990067, 'xrule'), ([(7933, 3, 94)], 0.06581978035467463, 'kelpie'), ([(7933, 3, 1335)], 0.0519686145660079, 'kelpie'), ([(7933, 3, 41)], 0.0433130664377751, 'kelpie')]","[2, 1]","(7933, 12, 8340)",1.5,7.596287
9.0881,6,"[8.742767, 7.860659]",1,"[([(6914, 3, 33)], 0.21898369071603477, 'kelpie'), ([(6914, 3, 33), (24167, 3, 33), (24167, 9, 7790)], 0.21210003, 'xrule'), ([(6914, 3, 33), (22672, 3, 33), (22672, 9, 7790)], 0.20530033, 'xrule'), ([(6914, 3, 33), (22638, 3, 33), (22638, 9, 7790)], 0.20110035, 'xrule'), ([(6914, 3, 36)], 0.16395954342893143, 'kelpie'), ([(6914, 2, 29)], 0.1504316732344308, 'kelpie')]","[1, 1]","(6914, 9, 7790)",1.0,8.301713
6.3372664,3,"[6.1913943, 6.044387]",4,"[([(6633, 3, 1529)], 0.156261484341129, 'kelpie'), ([(6633, 3, 914)], 0.15619234292527936, 'kelpie'), ([(6633, 3, 1855)], 0.14249662602105923, 'kelpie')]","[3, 3]","(6633, 12, 8569)",3.0,6.1178904
8.065897,6,"[6.8661737, 7.5250444]",1,"[([(20181, 2, 171), (20181, 9, 8151), (4870, 2, 171)], 0.17970085, 'xrule'), ([(15245, 2, 171), (15245, 9, 8151), (4870, 2, 171)], 0.17730045, 'xrule'), ([(24100, 9, 8151), (24100, 3, 890), (4870, 3, 890)], 0.15010071, 'xrule'), ([(4870, 3, 890)], 0.12148765762832739, 'kelpie'), ([(4870, 2, 709)], 0.11206821639723459, 'kelpie'), ([(4870, 3, 892)], 0.0967531605452019, 'kelpie')]","[2, 1]","(4870, 9, 8151)",1.5,7.195609
7.925308,6,"[7.2473545, 7.7569366]",1,"[([(20058, 9, 8151), (6054, 3, 177), (20058, 3, 177)], 0.24310017, 'xrule'), ([(19491, 9, 8151), (19491, 3, 177), (6054, 3, 177)], 0.23420048, 'xrule'), ([(25631, 9, 8151), (6054, 3, 177), (25631, 3, 177)], 0.22420025, 'xrule'), ([(6054, 3, 519)], 0.16332916470838665, 'kelpie'), ([(6054, 3, 177)], 0.1513882085559378, 'kelpie'), ([(6054, 2, 171)], 0.1331272526782014, 'kelpie')]","[1, 1]","(6054, 9, 8151)",1.0,7.502146
6.122612,6,"[5.106657, 5.3695245]",2,"[([(22679, 11, 7984), (22679, 3, 41), (7426, 3, 41)], 0.4712, 'xrule'), ([(23891, 11, 7984), (23891, 3, 6), (7426, 3, 6)], 0.23190022, 'xrule'), ([(23891, 11, 7984), (23891, 3, 58), (7426, 3, 58)], 0.16550064, 'xrule'), ([(7426, 3, 40)], 0.11323074537673866, 'kelpie'), ([(7426, 1, 65)], 0.08784107404009991, 'kelpie'), ([(7426, 3, 39)], 0.08556846808450616, 'kelpie')]","[3, 3]","(7426, 11, 7984)",3.0,5.2380905
7.914914,6,"[6.760308, 6.834981]",1,"[([(12809, 3, 50), (12809, 12, 11744), (5964, 3, 50)], 0.7564001, 'xrule'), ([(5964, 3, 41), (12809, 12, 11744), (12809, 3, 41)], 0.7397003, 'xrule'), ([(5964, 3, 5970), (12809, 12, 11744), (12809, 3, 5970)], 0.7343998, 'xrule'), ([(5964, 3, 41)], 0.03465465730907752, 'kelpie'), ([(5964, 3, 6)], 0.02243236727206067, 'kelpie'), ([(5964, 3, 9)], 0.014530221875255675, 'kelpie')]","[3, 3]","(5964, 12, 11744)",3.0,6.7976446
8.900803,6,"[6.923421, 7.13993]",1,"[([(24175, 9, 8339), (24175, 2, 1662), (7382, 2, 1662)], 0.19470024, 'xrule'), ([(7382, 3, 1664), (24175, 9, 8339), (24175, 3, 1664)], 0.18860054, 'xrule'), ([(21943, 3, 506), (7382, 3, 506), (21943, 9, 8339)], 0.18360043, 'xrule'), ([(7382, 2, 1662)], 0.16588405822454666, 'kelpie'), ([(7382, 2, 728)], 0.08594326212432554, 'kelpie'), ([(7382, 3, 1745)], 0.0819349689696489, 'kelpie')]","[1, 1]","(7382, 9, 8339)",1.0,7.0316753
6.604808,6,"[5.7061815, 6.218172]",1,"[([(23503, 3, 9), (23503, 11, 7992), (5844, 3, 9)], 0.14120007, 'xrule'), ([(5844, 3, 78)], 0.08168415263720862, 'kelpie'), ([(5844, 3, 10)], 0.06433586310936709, 'kelpie'), ([(5844, 3, 1151)], 0.03278640934886072, 'kelpie'), ([(5844, 3, 479), (23503, 11, 7992), (23503, 3, 479)], -0.1566, 'xrule'), ([(23503, 3, 37), (23503, 11, 7992), (5844, 3, 37)], -0.27499962, 'xrule')]","[1, 1]","(5844, 11, 7992)",1.0,5.962177
7.416071,6,"[7.215573, 6.838831]",1,"[([(25177, 3, 346), (6263, 3, 346), (25177, 11, 8038)], 0.5566006, 'xrule'), ([(9725, 3, 2697), (6263, 3, 2697), (9725, 11, 8038)], 0.54279995, 'xrule'), ([(20230, 3, 651), (20230, 11, 8038), (6263, 3, 651)], 0.3739004, 'xrule'), ([(6263, 3, 651)], 0.07938675115866144, 'kelpie'), ([(6263, 3, 1839)], 0.07854274939241504, 'kelpie'), ([(6263, 3, 1321)], 0.07271866035768412, 'kelpie')]","[1, 1]","(6263, 11, 8038)",1.0,7.0272017
9.47781,6,"[8.26027, 7.353329]",1,"[([(5920, 3, 748)], 0.31337169930599457, 'kelpie'), ([(23192, 3, 748), (23192, 12, 8676), (5920, 3, 748)], 0.2177, 'xrule'), ([(8674, 3, 748), (8674, 12, 8676), (5920, 3, 748)], 0.21700001, 'xrule'), ([(24810, 12, 8676), (24810, 3, 748), (5920, 3, 748)], 0.21679974, 'xrule'), ([(5920, 3, 279)], 0.20227150187192203, 'kelpie'), ([(5920, 3, 6)], 0.11594776350992228, 'kelpie')]","[1, 1]","(5920, 12, 8676)",1.0,7.8068
6.532011,6,"[6.2296453, 5.2306657]",1,"[([(6419, 3, 506), (19523, 9, 8339), (19523, 3, 506)], 0.2585001, 'xrule'), ([(6419, 2, 728), (19523, 9, 8339), (19523, 2, 728)], 0.2357006, 'xrule'), ([(6419, 3, 7), (19523, 9, 8339), (19523, 3, 7)], 0.23360062, 'xrule'), ([(6419, 3, 506)], 0.14957908838739947, 'kelpie'), ([(6419, 2, 729)], 0.09971527294494117, 'kelpie'), ([(6419, 3, 1744)], 0.09100155071873633, 'kelpie')]","[2, 3]","(6419, 9, 8339)",2.5,5.7301555
5.4328356,6,"[5.540719, 5.7543116]",4,"[([(17411, 11, 7984), (4757, 2, 30), (17411, 2, 30)], 0.9244003, 'xrule'), ([(17411, 11, 7984), (4757, 3, 6), (17411, 3, 6)], 0.7350998, 'xrule'), ([(4757, 2, 30), (18740, 2, 30), (18740, 11, 7984)], 0.46730042, 'xrule'), ([(4757, 3, 10)], 0.10333112912199659, 'kelpie'), ([(4757, 3, 40)], 0.09339718056304284, 'kelpie'), ([(4757, 3, 220)], 0.08481888009498574, 'kelpie')]","[2, 2]","(4757, 11, 7984)",2.0,5.6475153
6.7546163,3,"[6.752433, 7.149722]",1,"[([(4727, 3, 479)], 0.0772419376401022, 'kelpie'), ([(4727, 3, 476)], 0.05717281532931406, 'kelpie'), ([(4727, 3, 39)], 0.0524969501472366, 'kelpie')]","[1, 1]","(4727, 11, 8038)",1.0,6.9510775
8.398724,6,"[6.984017, 6.299654]",1,"[([(21902, 12, 8626), (7769, 3, 219), (21902, 3, 219)], 0.28779984, 'xrule'), ([(21902, 12, 8626), (7769, 3, 185), (21902, 3, 185)], 0.27460003, 'xrule'), ([(7769, 3, 219)], 0.2351627755602744, 'kelpie'), ([(7769, 3, 10), (21902, 3, 10), (21902, 12, 8626)], 0.19820023, 'xrule'), ([(7769, 3, 185)], 0.1854553625996603, 'kelpie'), ([(7769, 3, 479)], 0.10873607833304474, 'kelpie')]","[1, 8]","(7769, 12, 8626)",4.5,6.641835
6.491535,6,"[6.3228016, 5.952962]",1,"[([(6853, 3, 1839), (25070, 11, 8038), (25070, 3, 1839)], 0.77149963, 'xrule'), ([(20115, 3, 651), (20115, 11, 8038), (6853, 3, 651)], 0.5599003, 'xrule'), ([(6853, 3, 1839), (22601, 3, 1839), (22601, 11, 8038)], 0.5056, 'xrule'), ([(6853, 3, 1839)], 0.1916385100420434, 'kelpie'), ([(6853, 3, 651)], 0.18635896901966964, 'kelpie'), ([(6853, 3, 1321)], 0.1708374426413484, 'kelpie')]","[2, 2]","(6853, 11, 8038)",2.0,6.1378818
6.6256256,6,"[5.494604, 5.3388977]",1,"[([(6437, 2, 68), (25103, 11, 8038), (25103, 2, 68)], 0.7539005, 'xrule'), ([(6437, 2, 68), (23703, 2, 68), (23703, 11, 8038)], 0.4765005, 'xrule'), ([(25103, 3, 37), (6437, 3, 37), (25103, 11, 8038)], 0.4598999, 'xrule'), ([(6437, 3, 1493)], 0.15361694545149274, 'kelpie'), ([(6437, 3, 651)], 0.14558176247364904, 'kelpie'), ([(6437, 3, 37)], 0.1121855183290845, 'kelpie')]","[2, 2]","(6437, 11, 8038)",2.0,5.416751
9.563314,6,"[9.008381, 8.359013]",1,"[([(21822, 3, 1123), (21822, 9, 7903), (5517, 3, 1123)], 0.18910027, 'xrule'), ([(5517, 3, 1123)], 0.1668377325486709, 'kelpie'), ([(21822, 3, 1005), (21822, 9, 7903), (5517, 3, 1005)], 0.16050053, 'xrule'), ([(24266, 9, 7903), (5517, 3, 1123), (24266, 3, 1123)], 0.15490055, 'xrule'), ([(5517, 2, 1323)], 0.1254997654940614, 'kelpie'), ([(5517, 3, 1005)], 0.11677269178541012, 'kelpie')]","[1, 1]","(5517, 9, 7903)",1.0,8.683697
7.0910316,6,"[5.914983, 5.7051096]",2,"[([(5675, 3, 1838), (18934, 3, 1838), (18934, 11, 8038)], 0.4548006, 'xrule'), ([(18934, 3, 1493), (5675, 3, 1493), (18934, 11, 8038)], 0.42370033, 'xrule'), ([(17562, 11, 8038), (5675, 1, 1054), (17562, 1, 1054)], 0.41900063, 'xrule'), ([(5675, 3, 1839)], 0.08063892556811768, 'kelpie'), ([(5675, 3, 1493)], 0.06791977120386931, 'kelpie'), ([(5675, 3, 651)], 0.05960659217826634, 'kelpie')]","[3, 3]","(5675, 11, 8038)",3.0,5.810046
8.5208435,6,"[6.457164, 6.8943553]",1,"[([(15334, 9, 7758), (6566, 3, 489), (15334, 3, 489)], 0.57040024, 'xrule'), ([(15334, 9, 7758), (6566, 2, 486), (15334, 2, 486)], 0.57019997, 'xrule'), ([(15334, 9, 7758), (6566, 3, 1687), (15334, 3, 1687)], 0.5272999, 'xrule'), ([(6566, 2, 486)], 0.18531231146219232, 'kelpie'), ([(6566, 3, 489)], 0.1728725836588636, 'kelpie'), ([(6566, 3, 1687)], 0.16473011228623854, 'kelpie')]","[1, 1]","(6566, 9, 7758)",1.0,6.6757593
7.5059404,6,"[6.574746, 6.605728]",1,"[([(6619, 3, 40), (20090, 3, 40), (20090, 11, 6729)], 0.15810013, 'xrule'), ([(6619, 3, 40), (24840, 3, 40), (24840, 11, 6729)], 0.14930058, 'xrule'), ([(6619, 3, 40), (15932, 11, 6729), (15932, 3, 40)], 0.14799976, 'xrule'), ([(6619, 3, 816)], 0.07784561347524792, 'kelpie'), ([(6619, 3, 149)], 0.07239155004319389, 'kelpie'), ([(6619, 3, 148)], 0.0637150211133787, 'kelpie')]","[1, 1]","(6619, 11, 6729)",1.0,6.590237
5.655415,6,"[5.4309716, 5.362317]",2,"[([(24384, 1, 65), (24384, 11, 6729), (5781, 1, 65)], 0.29769993, 'xrule'), ([(23181, 11, 6729), (23181, 1, 65), (5781, 1, 65)], 0.29050064, 'xrule'), ([(10280, 11, 6729), (10280, 1, 65), (5781, 1, 65)], 0.28639984, 'xrule'), ([(5781, 1, 65)], 0.2022772239594382, 'kelpie'), ([(5781, 3, 2977)], 0.12910083972958736, 'kelpie'), ([(5781, 3, 772)], 0.11601928909893937, 'kelpie')]","[2, 3]","(5781, 11, 6729)",2.5,5.3966446
5.79963,6,"[5.729556, 6.0775175]",3,"[([(6976, 3, 476)], 0.13298515520546, 'kelpie'), ([(6976, 3, 369)], 0.0781345768062009, 'kelpie'), ([(6976, 3, 6978)], -0.0008687572986786935, 'kelpie'), ([(18666, 11, 7992), (6976, 3, 40), (18666, 3, 40)], -0.5274, 'xrule'), ([(6976, 3, 39), (18666, 11, 7992), (18666, 3, 39)], -0.59030056, 'xrule'), ([(23909, 3, 78), (6976, 3, 78), (23909, 11, 7992)], -0.6646004, 'xrule')]","[2, 4]","(6976, 11, 7992)",3.0,5.903537
6.3059583,6,"[5.4410825, 5.764455]",2,"[([(5834, 3, 40), (21072, 11, 6729), (21072, 3, 40)], 0.17350006, 'xrule'), ([(25489, 11, 6729), (5834, 3, 40), (25489, 3, 40)], 0.1697998, 'xrule'), ([(5834, 3, 40), (24840, 3, 40), (24840, 11, 6729)], 0.16559982, 'xrule'), ([(5834, 3, 40)], 0.07900242041124449, 'kelpie'), ([(5834, 2, 789)], 0.07518343165642388, 'kelpie'), ([(5834, 3, 294)], 0.06147197911714782, 'kelpie')]","[2, 2]","(5834, 11, 6729)",2.0,5.602769
6.655379,6,"[4.4559655, 4.474683]",1,"[([(5133, 3, 4866), (10165, 3, 4866), (10165, 9, 10166)], 1.2229004, 'xrule'), ([(5133, 2, 5135), (10165, 9, 10166), (10165, 2, 5135)], 1.2030005, 'xrule'), ([(10165, 9, 10166), (5133, 3, 4194), (10165, 3, 4194)], 1.1710005, 'xrule'), ([(5133, 3, 4194)], 0.18845895987731337, 'kelpie'), ([(5133, 3, 4866)], 0.17328504776160927, 'kelpie'), ([(5133, 2, 5135)], 0.16764024950135706, 'kelpie')]","[6, 9]","(5133, 9, 10166)",7.5,4.4653244
6.9573603,6,"[5.4186563, 6.215457]",2,"[([(22756, 3, 177), (22756, 9, 6144), (5907, 3, 177)], 0.3139, 'xrule'), ([(5907, 2, 709), (22756, 9, 6144), (22756, 2, 709)], 0.30999947, 'xrule'), ([(16113, 9, 6144), (16113, 3, 177), (5907, 3, 177)], 0.29940033, 'xrule'), ([(5907, 2, 709)], 0.232239763726226, 'kelpie'), ([(5907, 3, 75)], 0.19345859750054653, 'kelpie'), ([(5907, 2, 1538)], -0.03599735074320631, 'kelpie')]","[2, 1]","(5907, 9, 6144)",1.5,5.8170567
6.168879,6,"[5.6242895, 5.7120013]",1,"[([(6504, 3, 9)], 0.11081937988917999, 'kelpie'), ([(6504, 3, 10)], 0.10270361140696153, 'kelpie'), ([(21887, 11, 7992), (21887, 3, 6), (6504, 3, 6)], 0.083999634, 'xrule'), ([(6504, 3, 6)], 0.07503465844477245, 'kelpie'), ([(8641, 1, 65), (8641, 11, 7992), (6504, 1, 65)], -0.017399788, 'xrule'), ([(21887, 11, 7992), (6504, 1, 65), (21887, 1, 65)], -0.14939976, 'xrule')]","[1, 1]","(6504, 11, 7992)",1.0,5.668145
7.0618706,6,"[5.0456505, 6.5241246]",1,"[([(11465, 11, 8097), (5411, 1, 65), (11465, 1, 65)], 0.18529987, 'xrule'), ([(23819, 11, 8097), (5411, 3, 40), (23819, 3, 40)], 0.18420029, 'xrule'), ([(11465, 3, 40), (5411, 3, 40), (11465, 11, 8097)], 0.17399979, 'xrule'), ([(5411, 3, 2257)], 0.15697292537085875, 'kelpie'), ([(5411, 1, 65)], 0.11779312330274033, 'kelpie'), ([(5411, 3, 192)], 0.10961631970438315, 'kelpie')]","[6, 1]","(5411, 11, 8097)",3.5,5.7848873
6.3387327,6,"[5.5250607, 5.7683687]",1,"[([(6766, 2, 2082), (14173, 2, 2082), (14173, 11, 7992)], 1.1702003, 'xrule'), ([(20818, 11, 7992), (20818, 3, 369), (6766, 3, 369)], 0.9232006, 'xrule'), ([(6766, 2, 2083), (14173, 11, 7992), (14173, 2, 2083)], 0.8149004, 'xrule'), ([(6766, 4, 66)], 0.09938816267496946, 'kelpie'), ([(6766, 3, 78)], 0.07110218238294672, 'kelpie'), ([(6766, 3, 10)], 0.05397991366759632, 'kelpie')]","[2, 2]","(6766, 11, 7992)",2.0,5.6467147
9.634243,6,"[9.135151, 8.917286]",1,"[([(7392, 3, 100), (17937, 9, 7790), (17937, 3, 100)], 0.10809994, 'xrule'), ([(17937, 9, 7790), (17937, 2, 27), (7392, 2, 27)], 0.10730076, 'xrule'), ([(7392, 2, 29)], 0.1068010731434329, 'kelpie'), ([(22881, 9, 7790), (7392, 3, 2561), (22881, 3, 2561)], 0.09980011, 'xrule'), ([(7392, 3, 33)], 0.08787540630152388, 'kelpie'), ([(7392, 1, 2467)], 0.05618671607148651, 'kelpie')]","[1, 1]","(7392, 9, 7790)",1.0,9.026218
6.138865,6,"[5.365527, 5.694148]",1,"[([(7281, 3, 75), (24092, 11, 7992), (24092, 3, 75)], 0.6342001, 'xrule'), ([(24092, 11, 7992), (7281, 3, 706), (24092, 3, 706)], 0.5180998, 'xrule'), ([(23971, 11, 7992), (7281, 3, 1878), (23971, 3, 1878)], 0.50129986, 'xrule'), ([(7281, 3, 40)], 0.09135536388290111, 'kelpie'), ([(7281, 3, 279)], 0.0781541271432427, 'kelpie'), ([(7281, 2, 69)], 0.071929018040869, 'kelpie')]","[1, 1]","(7281, 11, 7992)",1.0,5.5298376
8.809921,6,"[8.445637, 7.475581]",1,"[([(12131, 9, 8418), (12131, 3, 73), (6083, 3, 73)], 0.18090057, 'xrule'), ([(24123, 3, 73), (6083, 3, 73), (24123, 9, 8418)], 0.17689991, 'xrule'), ([(6083, 3, 73), (17908, 9, 8418), (17908, 3, 73)], 0.17129993, 'xrule'), ([(6083, 2, 69)], 0.14656357017145782, 'kelpie'), ([(6083, 3, 74)], 0.13282303061082956, 'kelpie'), ([(6083, 3, 10)], 0.06935600468931814, 'kelpie')]","[1, 1]","(6083, 9, 8418)",1.0,7.960609
6.4506083,6,"[5.5251775, 5.8732977]",1,"[([(7080, 1, 1054), (24223, 9, 6144), (24223, 1, 1054)], 0.23460007, 'xrule'), ([(25079, 9, 6144), (25079, 1, 1054), (7080, 1, 1054)], 0.22700024, 'xrule'), ([(7080, 1, 1054), (20943, 9, 6144), (20943, 1, 1054)], 0.2258997, 'xrule'), ([(7080, 1, 1054)], 0.17372564529470302, 'kelpie'), ([(7080, 3, 460)], 0.15782217236347193, 'kelpie'), ([(7080, 3, 519)], 0.15520195217391422, 'kelpie')]","[2, 2]","(7080, 9, 6144)",2.0,5.699238
7.26068,6,"[5.486879, 6.540151]",1,"[([(20123, 3, 40), (20123, 9, 6144), (4777, 3, 40)], 0.30239964, 'xrule'), ([(4777, 2, 709), (20123, 9, 6144), (20123, 2, 709)], 0.28189945, 'xrule'), ([(12443, 3, 40), (4777, 3, 40), (12443, 9, 6144)], 0.27649975, 'xrule'), ([(4777, 3, 40)], 0.1726608679602735, 'kelpie'), ([(4777, 3, 519)], 0.15547661038695215, 'kelpie'), ([(4777, 1, 1054)], 0.13519291128396954, 'kelpie')]","[2, 1]","(4777, 9, 6144)",1.5,6.013515
7.057395,6,"[6.856826, 7.1304717]",1,"[([(25356, 11, 7869), (7407, 3, 6), (25356, 3, 6)], 0.5482998, 'xrule'), ([(7407, 3, 40), (22305, 11, 7869), (22305, 3, 40)], 0.408, 'xrule'), ([(7407, 3, 39), (25610, 3, 39), (25610, 11, 7869)], 0.2788, 'xrule'), ([(7407, 3, 6)], 0.07150749399175266, 'kelpie'), ([(7407, 3, 40)], 0.0684566898458992, 'kelpie'), ([(7407, 3, 39)], 0.05992321201468084, 'kelpie')]","[1, 1]","(7407, 11, 7869)",1.0,6.9936485
8.371053,6,"[7.410721, 7.3060493]",2,"[([(22756, 9, 8151), (22756, 3, 177), (6300, 3, 177)], 0.19320011, 'xrule'), ([(25531, 9, 8151), (6300, 3, 177), (25531, 3, 177)], 0.1902008, 'xrule'), ([(6300, 3, 715)], 0.18764309152211686, 'kelpie'), ([(22756, 3, 715), (6300, 3, 715), (22756, 9, 8151)], 0.18410015, 'xrule'), ([(6300, 3, 892)], 0.14535907951089846, 'kelpie'), ([(6300, 2, 171)], 0.14100650995065833, 'kelpie')]","[1, 1]","(6300, 9, 8151)",1.0,7.358385
5.6012373,6,"[5.3596034, 4.5908747]",2,"[([(10914, 11, 7869), (10914, 3, 40), (7125, 3, 40)], 0.8422003, 'xrule'), ([(7125, 3, 39), (11352, 11, 7869), (11352, 3, 39)], 0.71140003, 'xrule'), ([(17218, 3, 40), (17218, 11, 7869), (7125, 3, 40)], 0.7077999, 'xrule'), ([(7125, 3, 40)], 0.11378149230696939, 'kelpie'), ([(7125, 3, 39)], 0.09394554330450618, 'kelpie'), ([(7125, 3, 219)], 0.08105949591027171, 'kelpie')]","[2, 2]","(7125, 11, 7869)",2.0,4.975239
7.456912,6,"[6.5408463, 6.5496798]",1,"[([(4978, 3, 94), (17301, 3, 94), (17301, 11, 90)], 0.28849983, 'xrule'), ([(4978, 3, 94), (22154, 3, 94), (22154, 11, 90)], 0.28240013, 'xrule'), ([(4978, 4, 924), (23793, 11, 90), (23793, 4, 924)], 0.15929985, 'xrule'), ([(4978, 3, 93)], 0.08431629371768862, 'kelpie'), ([(4978, 3, 94)], 0.07479957769532612, 'kelpie'), ([(4978, 1, 264)], 0.06980423166342285, 'kelpie')]","[1, 1]","(4978, 11, 90)",1.0,6.5452633
6.6888194,3,"[5.8632765, 6.066394]",1,"[([(7426, 3, 666)], 0.14369873252469548, 'kelpie'), ([(7426, 3, 39)], 0.12405494891538449, 'kelpie'), ([(7426, 3, 58)], 0.07759384344763727, 'kelpie')]","[1, 1]","(7426, 11, 8038)",1.0,5.964835
8.089542,6,"[6.255454, 6.232752]",1,"[([(6394, 3, 2586), (25754, 9, 3917), (25754, 3, 2586)], 0.6541004, 'xrule'), ([(25754, 9, 3917), (6394, 3, 9), (25754, 3, 9)], 0.6316004, 'xrule'), ([(25754, 3, 113), (25754, 9, 3917), (6394, 3, 113)], 0.6243, 'xrule'), ([(6394, 3, 2586)], 0.1287975712717724, 'kelpie'), ([(6394, 3, 113)], 0.10958866314539563, 'kelpie'), ([(6394, 3, 9)], 0.10251049240349745, 'kelpie')]","[2, 4]","(6394, 9, 3917)",3.0,6.244103
7.079462,6,"[6.551378, 6.430151]",1,"[([(18756, 11, 6729), (18756, 1, 65), (7868, 1, 65)], 0.12129974, 'xrule'), ([(18336, 11, 6729), (18336, 1, 65), (7868, 1, 65)], 0.11049938, 'xrule'), ([(8140, 11, 6729), (8140, 1, 65), (7868, 1, 65)], 0.1079998, 'xrule'), ([(7868, 1, 65)], 0.0704813404026351, 'kelpie'), ([(7868, 3, 801)], 0.05524734683159541, 'kelpie'), ([(7868, 3, 149)], 0.051169435473266474, 'kelpie')]","[2, 2]","(7868, 11, 6729)",2.0,6.4907646
7.6898937,6,"[6.489743, 6.636836]",1,"[([(6115, 3, 138), (15932, 3, 138), (15932, 11, 6729)], 0.1427002, 'xrule'), ([(15932, 4, 66), (15932, 11, 6729), (6115, 4, 66)], 0.13119984, 'xrule'), ([(15932, 3, 40), (15932, 11, 6729), (6115, 3, 40)], 0.13090038, 'xrule'), ([(6115, 3, 213)], 0.10211757853765635, 'kelpie'), ([(6115, 3, 227)], 0.09807972150933084, 'kelpie'), ([(6115, 3, 226)], 0.09293178754258233, 'kelpie')]","[1, 1]","(6115, 11, 6729)",1.0,6.5632896
7.2706003,6,"[7.4442434, 7.118931]",1,"[([(6263, 3, 2132), (23688, 9, 9452), (23688, 3, 2132)], 0.18859959, 'xrule'), ([(6263, 3, 40), (23688, 9, 9452), (23688, 3, 40)], 0.16819954, 'xrule'), ([(23688, 9, 9452), (6263, 3, 732), (23688, 3, 732)], 0.16359997, 'xrule'), ([(6263, 3, 2034)], 0.0783195896078417, 'kelpie'), ([(6263, 2, 729)], 0.06806854438812436, 'kelpie'), ([(6263, 3, 2702)], 0.06264404485203508, 'kelpie')]","[1, 1]","(6263, 9, 9452)",1.0,7.281587
8.630572,6,"[7.289174, 7.8222384]",1,"[([(24537, 2, 1166), (24537, 9, 1470), (5834, 2, 1166)], 0.2152996, 'xrule'), ([(14803, 9, 1470), (14803, 2, 1166), (5834, 2, 1166)], 0.2038002, 'xrule'), ([(5834, 2, 1166)], 0.19436744913769055, 'kelpie'), ([(5834, 3, 6), (17908, 3, 6), (17908, 9, 1470)], 0.17140007, 'xrule'), ([(5834, 2, 789)], 0.12382511341723532, 'kelpie'), ([(5834, 3, 1177)], 0.10636142926906172, 'kelpie')]","[1, 1]","(5834, 9, 1470)",1.0,7.555706
9.556608,6,"[9.7321415, 8.092463]",1,"[([(7610, 3, 1005), (22486, 3, 1005), (22486, 9, 7903)], 0.16720009, 'xrule'), ([(7610, 3, 1123), (22486, 3, 1123), (22486, 9, 7903)], 0.16049957, 'xrule'), ([(22486, 9, 7903), (7610, 2, 1323), (22486, 2, 1323)], 0.16009998, 'xrule'), ([(7610, 3, 1123)], 0.1035185261287654, 'kelpie'), ([(7610, 3, 39)], 0.0581703586338261, 'kelpie'), ([(7610, 3, 3734)], 0.05393890569711373, 'kelpie')]","[1, 1]","(7610, 9, 7903)",1.0,8.912302
8.142027,6,"[5.601566, 6.8021827]",2,"[([(7628, 3, 279), (16674, 3, 279), (16674, 12, 8676)], 0.32219982, 'xrule'), ([(16674, 3, 7), (7628, 3, 7), (16674, 12, 8676)], 0.2939005, 'xrule'), ([(16674, 3, 40), (7628, 3, 40), (16674, 12, 8676)], 0.27180004, 'xrule'), ([(7628, 3, 279)], 0.24418167358392018, 'kelpie'), ([(7628, 3, 184)], 0.12281040393160297, 'kelpie'), ([(7628, 3, 7629)], -0.0016526776172552196, 'kelpie')]","[7, 3]","(7628, 12, 8676)",5.0,6.2018743
5.666048,6,"[4.8400555, 4.6306562]",1,"[([(8486, 11, 7984), (8486, 3, 278), (5067, 3, 278)], 1.0783005, 'xrule'), ([(5067, 3, 39), (19846, 3, 39), (19846, 11, 7984)], 0.9801998, 'xrule'), ([(18459, 11, 7984), (18459, 3, 9), (5067, 3, 9)], 0.97039986, 'xrule'), ([(5067, 3, 40)], 0.08967403606096741, 'kelpie'), ([(5067, 3, 6)], 0.0795345707019972, 'kelpie'), ([(5067, 3, 10)], 0.0758190555546245, 'kelpie')]","[1, 2]","(5067, 11, 7984)",1.5,4.735356
8.600188,6,"[6.9914412, 7.4388247]",1,"[([(22042, 9, 11980), (6766, 3, 629), (22042, 3, 629)], 0.27719975, 'xrule'), ([(22042, 9, 11980), (6766, 2, 2083), (22042, 2, 2083)], 0.25940037, 'xrule'), ([(22042, 9, 11980), (22042, 3, 630), (6766, 3, 630)], 0.25629997, 'xrule'), ([(6766, 3, 629)], 0.21132568586907993, 'kelpie'), ([(6766, 2, 2083)], 0.17537407134706978, 'kelpie'), ([(6766, 3, 630)], 0.15321640221934774, 'kelpie')]","[1, 1]","(6766, 9, 11980)",1.0,7.2151327
6.3907385,6,"[6.3440676, 6.666111]",2,"[([(22455, 11, 7869), (22455, 2, 266), (5200, 2, 266)], 0.41969967, 'xrule'), ([(8525, 11, 7869), (8525, 2, 31), (5200, 2, 31)], 0.27460003, 'xrule'), ([(13848, 11, 7869), (13848, 2, 31), (5200, 2, 31)], 0.26010036, 'xrule'), ([(5200, 3, 75)], 0.0698385638961778, 'kelpie'), ([(5200, 3, 1112)], 0.0684662265790677, 'kelpie'), ([(5200, 3, 1552)], 0.05487541387033673, 'kelpie')]","[2, 1]","(5200, 11, 7869)",1.5,6.5050893
6.5092406,6,"[6.15324, 6.4352155]",1,"[([(6246, 3, 6), (17331, 11, 90), (17331, 3, 6)], 1.5476999, 'xrule'), ([(6246, 3, 6), (18260, 3, 6), (18260, 11, 90)], 1.2063999, 'xrule'), ([(6246, 3, 6), (23082, 11, 90), (23082, 3, 6)], 0.91569996, 'xrule'), ([(6246, 3, 92)], 0.0994129581780411, 'kelpie'), ([(6246, 3, 6)], 0.09789852335316772, 'kelpie'), ([(6246, 3, 149)], 0.07322410776557332, 'kelpie')]","[1, 1]","(6246, 11, 90)",1.0,6.2942276
7.808302,6,"[2.8594103, 4.495589]",1,"[([(9442, 3, 94), (9442, 12, 9444), (5305, 3, 94)], 2.7465997, 'xrule'), ([(9442, 12, 9444), (5305, 3, 6), (9442, 3, 6)], 2.646, 'xrule'), ([(9442, 3, 41), (5305, 3, 41), (9442, 12, 9444)], 2.6448998, 'xrule'), ([(5305, 3, 94)], 0.30721763890170734, 'kelpie'), ([(5305, 3, 41)], 0.17259506439391192, 'kelpie'), ([(5305, 3, 5314)], 0.1573038503464151, 'kelpie')]","[60, 7]","(5305, 12, 9444)",33.5,3.6774995
5.530306,6,"[5.222083, 5.144928]",1,"[([(4952, 3, 6), (15349, 11, 7869), (15349, 3, 6)], 0.3942995, 'xrule'), ([(25566, 3, 6), (4952, 3, 6), (25566, 11, 7869)], 0.26410007, 'xrule'), ([(4952, 3, 6), (24235, 3, 6), (24235, 11, 7869)], 0.2600994, 'xrule'), ([(4952, 1, 941)], 0.13535265174376562, 'kelpie'), ([(4952, 2, 30)], 0.08153585626001376, 'kelpie'), ([(4952, 2, 31)], 0.07690958215990235, 'kelpie')]","[1, 1]","(4952, 11, 7869)",1.0,5.1835055
