facts,new_ranks,exp,new_scores,new_rank,new_score,original_score,prediction,exp_length,original_rank
"[([(44, 1, 45)], 6.651, 'xrule'), ({(44, 1, 45)}, 0.21499923936502763, 'baseline')]",[542],"[(44, 1, 45)]",[1.2421739],542.0,1.2421739,8.879241,"(45, 1, 44)",1,1
"[([(5908, 1, 4050)], 4.327, 'xrule'), ({(5908, 1, 4050)}, 1.3720970773380408, 'baseline')]",[427],"[(5908, 1, 4050)]",[0.8658004],427.0,0.8658004,10.466581,"(4050, 1, 5908)",1,1
"[({(32512, 1, 496)}, 0.4109163701699776, 'baseline')]",[8570],"[(32512, 1, 496)]",[0.2835063],8570.0,0.2835063,9.354602,"(496, 1, 32512)",1,1
"[([(1508, 1, 9372)], 1.5256996, 'xrule'), ({(1508, 1, 9372)}, 1.0309172192699734, 'baseline'), ({(9372, 1, 3795)}, -0.03329940608757565, 'baseline'), ({(3795, 1, 9372)}, -0.0340852337111189, 'baseline'), ([(1508, 9, 3795), (3795, 9, 1508), (3795, 1, 9372), (9372, 1, 3795)], -0.13570023, 'xrule'), ([(1508, 1, 3796), (3795, 1, 9372), (3796, 1, 3795), (3796, 1, 1508), (3795, 1, 3796), (9372, 1, 3795)], -0.48700047, 'xrule')]",[33],"[(3795, 9, 1508), (9372, 1, 3795), (1508, 9, 3795), (3795, 1, 9372), (1508, 1, 9372)]",[2.1022444],33.0,2.1022444,9.9936285,"(9372, 1, 1508)",5,1
"[([(5336, 1, 11686)], 0.8942995, 'xrule'), ({(5336, 1, 11686)}, 0.5129776428138336, 'baseline'), ([(5336, 1, 1527), (11686, 0, 16301), (1527, 1, 5336), (1527, 0, 16301)], 0.26620007, 'xrule'), ([(26261, 1, 11686), (11686, 1, 26261), (1527, 1, 5336), (26261, 1, 1527), (5336, 1, 1527), (1527, 1, 26261)], 0.23329926, 'xrule'), ([(5336, 0, 16668), (11686, 0, 16301), (16301, 1, 16668), (16668, 1, 16301)], 0.1925993, 'xrule'), ([(1527, 1, 5336), (1528, 1, 1527), (1528, 1, 11686), (5336, 1, 1527), (11686, 1, 1528), (1527, 1, 1528)], 0.18799973, 'xrule'), ({(11686, 0, 16301)}, 0.10835556228320861, 'baseline'), ({(1528, 1, 11686)}, 0.0415420932366181, 'baseline'), ({(11686, 1, 1528)}, 0.040854494043408206, 'baseline'), ({(11686, 1, 26261)}, 0.037552873590767775, 'baseline'), ({(26261, 1, 11686)}, 0.03481010623713926, 'baseline')]",[16],"[(11686, 1, 26261), (1527, 1, 5336), (26261, 1, 1527), (5336, 1, 11686), (1527, 1, 26261), (11686, 0, 16301), (5336, 0, 16668), (16668, 1, 16301), (26261, 1, 11686), (16301, 1, 16668), (5336, 1, 1527), (1527, 0, 16301)]",[4.0887403],16.0,4.0887403,9.1733055,"(11686, 1, 5336)",12,1
"[([(15125, 1, 2869)], 3.3710003, 'xrule'), ({(15125, 1, 2869)}, 2.339693194280637, 'baseline')]",[44],"[(15125, 1, 2869)]",[1.3052688],44.0,1.3052688,8.738957,"(2869, 1, 15125)",1,1
"[([(7833, 1, 36078)], 4.4521, 'xrule'), ({(7833, 1, 36078)}, 3.575584789093904, 'baseline'), ([(7833, 9, 15054), (15054, 1, 28742), (36078, 0, 28742), (28742, 1, 15054), (15054, 9, 7833)], -0.06330013, 'xrule'), ({(36078, 0, 28742)}, -0.31580539416286657, 'baseline')]",[18065],"[(7833, 1, 36078), (36078, 0, 28742), (28742, 1, 15054), (15054, 9, 7833), (15054, 1, 28742), (7833, 9, 15054)]",[-5.7680693],18065.0,-5.7680693,10.850468,"(36078, 1, 7833)",6,1
"[([(29197, 1, 4359)], 2.7896996, 'xrule'), ({(29197, 1, 4359)}, 1.7015553287760405, 'baseline')]",[402],"[(29197, 1, 4359)]",[1.0200415],402.0,1.0200415,8.654919,"(4359, 1, 29197)",1,1
"[([(38840, 1, 26984)], 6.5732994, 'xrule'), ({(38840, 1, 26984)}, 1.240980205761834, 'baseline')]",[15620],"[(38840, 1, 26984)]",[-0.41385624],15620.0,-0.41385624,9.220281,"(26984, 1, 38840)",1,1
"[([(21984, 0, 21985), (14768, 0, 21985), (21984, 6, 24252)], 2.0496001, 'xrule'), ([(31029, 6, 24252), (14768, 0, 21985), (31029, 0, 21985)], 1.8833003, 'xrule'), ({(14768, 0, 21985)}, 1.5872274154715031, 'baseline')]",[1127],"[(21984, 6, 24252), (31029, 0, 21985), (31029, 6, 24252), (21984, 0, 21985), (14768, 0, 21985)]",[0.8339169],1127.0,0.8339169,7.281294,"(14768, 6, 24252)",5,1
"[([(8589, 1, 2035)], 1.1447, 'xrule'), ({(8589, 1, 2035)}, 0.4139833867606492, 'baseline'), ({(3839, 1, 2035)}, 0.10278228952964456, 'baseline'), ({(2035, 1, 3839)}, 0.10188011366355783, 'baseline'), ([(8589, 1, 647), (647, 1, 8589), (647, 0, 2035)], 0.07240009, 'xrule'), ({(23638, 1, 2035)}, 0.0489378375740064, 'baseline'), ({(2035, 1, 23638)}, 0.04749206732883123, 'baseline'), ({(647, 0, 2035)}, 0.034263650853629174, 'baseline'), ({(25494, 0, 2035)}, -0.020290334745436372, 'baseline'), ([(8589, 1, 647), (23638, 1, 647), (2035, 1, 23638), (23638, 1, 2035), (647, 1, 8589), (647, 1, 23638)], -0.031300545, 'xrule'), ([(1896, 1, 3839), (3839, 1, 2035), (1896, 1, 8589), (2035, 1, 3839), (8589, 1, 1896), (3839, 1, 1896)], -0.06099987, 'xrule'), ([(25494, 0, 2035), (8589, 1, 25494)], -0.10910034, 'xrule')]",[14],"[(1896, 1, 3839), (3839, 1, 2035), (1896, 1, 8589), (647, 0, 2035), (8589, 1, 647), (8589, 1, 2035), (2035, 1, 3839), (647, 1, 8589)]",[4.406249],14.0,4.406249,8.747489,"(2035, 1, 8589)",8,1
"[([(8774, 1, 16865)], 2.8085003, 'xrule'), ({(8774, 1, 16865)}, 2.5836173636282465, 'baseline'), ({(16865, 5, 212)}, -0.3286351746726941, 'baseline'), ([(8775, 1, 8774), (8774, 1, 8775), (16865, 5, 212), (8775, 5, 212)], -0.3994999, 'xrule')]",[1828],"[(16865, 5, 212), (8775, 5, 212), (8775, 1, 8774), (8774, 1, 8775), (8774, 1, 16865)]",[-0.43143618],1828.0,-0.43143618,10.44133,"(16865, 1, 8774)",5,1
"[([(15249, 1, 26185)], 8.3498, 'xrule'), ({(15249, 1, 26185)}, 5.114186062293291, 'baseline')]",[29842],"[(15249, 1, 26185)]",[-3.991299],29842.0,-3.991299,11.001265,"(26185, 1, 15249)",1,1
"[([(7707, 1, 7708)], 3.6897998, 'xrule'), ({(7707, 1, 7708)}, 2.6564161025391924, 'baseline'), ({(7708, 1, 9498)}, -0.6051997700480136, 'baseline'), ({(9498, 1, 7708)}, -0.6072949925062008, 'baseline'), ([(7708, 1, 9498), (9498, 1, 15877), (15877, 1, 9498), (7707, 0, 15877), (9498, 1, 7708)], -1.1478004, 'xrule'), ([(7708, 1, 9498), (9498, 1, 7708), (7707, 1, 9498), (9498, 1, 7707)], -1.5653, 'xrule')]",[33964],"[(7708, 1, 9498), (9498, 1, 15877), (9498, 1, 7708), (9498, 1, 7707), (15877, 1, 9498), (7707, 1, 7708), (7707, 0, 15877)]",[-10.931041],33964.0,-10.931041,8.797766,"(7708, 1, 7707)",7,1
"[([(32885, 1, 37429)], 6.4867005, 'xrule'), ({(32885, 1, 37429)}, 4.774894012659452, 'baseline')]",[24164],"[(32885, 1, 37429)]",[-2.3111157],24164.0,-2.3111157,10.5282135,"(37429, 1, 32885)",1,1
"[([(10722, 1, 5826)], 4.2447, 'xrule'), ({(10722, 1, 5826)}, 3.4187606254412257, 'baseline')]",[2772],"[(10722, 1, 5826)]",[-0.24358302],2772.0,-0.24358302,9.052063,"(5826, 1, 10722)",1,1
"[([(21524, 1, 20692)], 3.6782002, 'xrule'), ({(21524, 1, 20692)}, 0.7012625191590216, 'baseline'), ({(20692, 1, 1062)}, -0.13900752815335604, 'baseline'), ({(1062, 1, 20692)}, -0.14155669963311843, 'baseline'), ([(21524, 0, 1062), (1062, 1, 20692), (20692, 1, 1062)], -0.9843998, 'xrule')]",[40702],"[(21524, 0, 1062), (21524, 1, 20692), (20692, 1, 1062), (1062, 1, 20692)]",[-3.7333062],40702.0,-3.7333062,9.7515745,"(20692, 1, 21524)",4,1
"[([(31140, 1, 25999)], 6.9379997, 'xrule'), ({(31140, 1, 25999)}, 3.2760217656453086, 'baseline')]",[11164],"[(31140, 1, 25999)]",[-1.2226574],11164.0,-1.2226574,9.611744,"(25999, 1, 31140)",1,1
"[([(15849, 1, 22500)], 4.1816998, 'xrule'), ({(15849, 1, 22500)}, 1.560462067735936, 'baseline')]",[10331],"[(15849, 1, 22500)]",[-0.33546957],10331.0,-0.33546957,8.751211,"(22500, 1, 15849)",1,1
"[([(21810, 4, 3388), (21810, 4, 21811), (3388, 0, 278)], 11.610901, 'xrule'), ([(21810, 4, 9817), (21810, 4, 21811), (9817, 0, 278)], 11.6057, 'xrule'), ([(21810, 4, 17429), (17429, 0, 278), (21810, 4, 21811)], 11.5879, 'xrule'), ([(21810, 4, 6819), (21810, 4, 21811), (6819, 0, 278)], 11.5779, 'xrule'), ([(36998, 0, 278), (21810, 4, 36998), (21810, 4, 21811)], 11.5292, 'xrule'), ({(21810, 4, 21811)}, 7.868524021619627, 'baseline')]",[35],"[(21810, 4, 6819), (21810, 4, 36998), (21810, 4, 17429), (21810, 4, 9817), (6819, 0, 278), (17429, 0, 278), (21810, 4, 3388), (36998, 0, 278), (3388, 0, 278), (9817, 0, 278), (21810, 4, 21811)]",[3.8906102],35.0,3.8906102,7.6046906,"(21811, 0, 278)",11,1
"[({(4170, 6, 33440)}, 5.3997777369614335, 'baseline')]",[9],"[(4170, 6, 20535), (4170, 6, 33440), (20535, 2, 121)]",[9.814761],9.0,9.814761,7.4783945,"(33440, 2, 121)",3,1
"[([(14576, 1, 904), (17185, 0, 904), (904, 1, 14576), (17185, 5, 2971)], 0.9424, 'xrule'), ([(14576, 1, 904), (11097, 0, 904), (904, 1, 14576), (11097, 5, 2971)], 0.8238001, 'xrule'), ([(14576, 1, 904), (24018, 5, 2971), (904, 1, 14576), (24018, 0, 904)], 0.7101002, 'xrule'), ([(21333, 0, 904), (14576, 1, 904), (21333, 5, 2971), (904, 1, 14576)], 0.70149994, 'xrule'), ([(22518, 0, 14576), (22518, 5, 2971)], 0.23440027, 'xrule'), ({(904, 1, 14576)}, 0.16616110063684594, 'baseline'), ({(14576, 1, 904)}, 0.16605285857646587, 'baseline'), ({(22518, 0, 14576)}, 0.12404731952284571, 'baseline'), ({(1156, 1, 14576)}, -0.09079166220433084, 'baseline'), ({(14576, 1, 1156)}, -0.09343286319992104, 'baseline')]",[3],"[(21333, 0, 904), (14576, 1, 904), (11097, 0, 904), (11097, 5, 2971), (22518, 5, 2971), (21333, 5, 2971), (904, 1, 14576), (24018, 0, 904), (17185, 0, 904), (17185, 5, 2971), (22518, 0, 14576), (24018, 5, 2971)]",[3.8526022],3.0,3.8526022,5.459032,"(14576, 5, 2971)",12,1
"[([(5832, 1, 12905)], 1.4026995, 'xrule'), ({(5832, 1, 12905)}, 0.8057594767907363, 'baseline'), ({(28697, 1, 12905)}, -0.021558721571455764, 'baseline'), ({(12905, 1, 28697)}, -0.02266498380157672, 'baseline'), ({(12905, 1, 12904)}, -0.06778808402725484, 'baseline'), ({(12904, 1, 12905)}, -0.07023902701339717, 'baseline'), ([(12905, 1, 12904), (5832, 1, 1757), (12904, 1, 1757), (1757, 1, 5832), (1757, 1, 12904), (12904, 1, 12905)], -0.20800018, 'xrule'), ([(12905, 1, 28697), (5832, 1, 1757), (1757, 1, 5832), (28697, 1, 12905), (28697, 1, 1757), (1757, 1, 28697)], -0.23420048, 'xrule')]",[27],"[(12905, 1, 12904), (12904, 1, 1757), (1757, 1, 5832), (5832, 1, 12905), (12905, 1, 28697), (28697, 1, 12905), (28697, 1, 1757)]",[2.355519],27.0,2.355519,9.152345,"(12905, 1, 5832)",7,1
"[([(653, 1, 17819)], 2.012, 'xrule'), ({(653, 1, 17819)}, 0.9119701874276097, 'baseline'), ({(17819, 1, 17820)}, -0.07451244166116351, 'baseline'), ({(17820, 1, 17819)}, -0.10173412127263899, 'baseline'), ([(17819, 1, 17820), (17820, 0, 12901), (17820, 1, 17819), (653, 0, 12901)], -0.14410019, 'xrule'), ([(654, 1, 653), (17819, 1, 17820), (653, 1, 654), (654, 1, 17820), (17820, 1, 17819)], -0.5493002, 'xrule')]",[32919],"[(653, 1, 17819), (17820, 1, 17819), (17820, 0, 12901), (653, 0, 12901), (17819, 1, 17820)]",[-4.779387],32919.0,-4.779387,9.249761,"(17819, 1, 653)",5,1
"[([(8221, 2, 3167), (8221, 2, 909), (17014, 2, 909)], 10.4026, 'xrule'), ([(28036, 2, 909), (28036, 2, 3167), (17014, 2, 909)], 10.402101, 'xrule'), ([(17219, 2, 909), (17219, 2, 3167), (17014, 2, 909)], 10.4013, 'xrule'), ({(17014, 2, 909)}, 6.876253301968563, 'baseline')]",[303],"[(8221, 2, 3167), (17219, 2, 909), (17219, 2, 3167), (28036, 2, 3167), (8221, 2, 909), (17014, 2, 909), (28036, 2, 909)]",[1.3846024],303.0,1.3846024,7.138199,"(17014, 2, 3167)",7,1
"[([(4393, 1, 522), (522, 1, 4393), (1049, 1, 32701), (32701, 1, 1049), (1049, 0, 4393)], 4.6268997, 'xrule'), ([(1048, 1, 1049), (1048, 0, 522), (1049, 1, 32701), (1049, 1, 1048), (32701, 1, 1049)], 4.4993, 'xrule'), ({(32701, 1, 1049)}, 0.7189226604336729, 'baseline'), ({(1049, 1, 32701)}, 0.7175627208304095, 'baseline')]",[273],"[(1048, 1, 1049), (522, 1, 4393), (1049, 1, 32701), (32701, 1, 1049), (4393, 1, 522), (1048, 0, 522), (1049, 1, 1048), (1049, 0, 4393)]",[0.6893763],273.0,0.6893763,6.671388,"(32701, 0, 522)",8,1
"[([(3103, 1, 3104)], 9.5898, 'xrule'), ({(3103, 1, 3104)}, 8.067659799592336, 'baseline')]",[13250],"[(3103, 1, 3104)]",[-1.8819791],13250.0,-1.8819791,9.955729,"(3104, 1, 3103)",1,1
"[([(17169, 3, 17011)], 2.6324005, 'xrule'), ({(17169, 3, 17011)}, 1.838922108253758, 'baseline')]",[433],"[(17169, 3, 17011)]",[0.6229341],433.0,0.6229341,8.8337755,"(17011, 3, 17169)",1,1
"[([(16202, 0, 14302), (23647, 0, 14302), (16202, 0, 1338)], 12.0021, 'xrule'), ([(23589, 0, 14302), (23589, 0, 1338), (23647, 0, 14302)], 12.000099, 'xrule'), ([(128, 0, 1338), (23647, 0, 14302), (128, 0, 14302)], 11.9993, 'xrule'), ([(14302, 0, 1338), (23647, 0, 14302)], 11.956599, 'xrule'), ({(23647, 0, 14302)}, 8.396094793072805, 'baseline')]",[425],"[(23589, 0, 14302), (23589, 0, 1338), (128, 0, 14302), (128, 0, 1338), (16202, 0, 14302), (23647, 0, 14302), (14302, 0, 1338), (16202, 0, 1338)]",[-1.0418515],425.0,-1.0418515,7.0427074,"(23647, 0, 1338)",8,1
"[([(4764, 1, 4765)], 1.7367, 'xrule'), ({(4764, 1, 4765)}, 0.8379860398911381, 'baseline'), ({(4765, 1, 29462)}, 0.12413124286383459, 'baseline'), ({(29462, 1, 4765)}, 0.11855034074100411, 'baseline'), ([(29462, 1, 4765), (29140, 1, 29462), (29140, 1, 4764), (4764, 1, 29140), (4765, 1, 29462), (29462, 1, 29140)], 0.028700829, 'xrule'), ([(4764, 1, 21665), (29462, 1, 4765), (4765, 1, 29462), (21665, 1, 29462), (21665, 1, 4764)], -0.089099884, 'xrule')]",[5290],"[(4764, 1, 29140), (4765, 1, 29462), (21665, 1, 29462), (29140, 1, 4764), (4764, 1, 4765), (29462, 1, 29140), (29462, 1, 4765), (29140, 1, 29462), (4764, 1, 21665)]",[0.1659556],5290.0,0.1659556,9.360676,"(4765, 1, 4764)",9,1
"[([(19068, 1, 8742)], 1.6946998, 'xrule'), ({(19068, 1, 8742)}, 1.0672207403803715, 'baseline'), ([(5674, 1, 1897), (8742, 1, 1897), (1897, 1, 5674), (1897, 1, 8742), (19068, 1, 5674), (5674, 1, 19068)], 0.091199875, 'xrule'), ({(8742, 1, 1897)}, -0.06680866050919153, 'baseline'), ({(1897, 1, 8742)}, -0.0674342708964393, 'baseline')]",[151],"[(1897, 1, 8742), (5674, 1, 19068), (19068, 1, 8742), (5674, 1, 1897), (8742, 1, 1897), (1897, 1, 5674), (19068, 1, 5674)]",[1.9610761],151.0,1.9610761,8.114485,"(8742, 1, 19068)",7,1
"[([(28087, 1, 13806)], 4.4971004, 'xrule'), ({(28087, 1, 13806)}, 2.6448075001582576, 'baseline')]",[6876],"[(28087, 1, 13806)]",[-0.68992],6876.0,-0.68992,9.769687,"(13806, 1, 28087)",1,1
"[([(10107, 5, 1819), (10107, 0, 14885), (3210, 0, 14885)], 1.0324998, 'xrule'), ([(15370, 0, 14885), (15370, 5, 1819), (3210, 0, 14885)], 0.89750004, 'xrule'), ([(14885, 5, 1819), (3210, 0, 14885)], 0.89419985, 'xrule'), ([(4320, 0, 14885), (4320, 5, 1819), (3210, 0, 14885)], 0.8292999, 'xrule'), ([(10234, 0, 14885), (10234, 5, 1819), (3210, 0, 14885)], 0.80060005, 'xrule'), ({(3210, 0, 14885)}, 0.6948409530792367, 'baseline'), ({(135, 0, 3210)}, 0.13516096321162602, 'baseline'), ({(8242, 0, 3210)}, 0.05961755939152136, 'baseline'), ({(13794, 1, 3210)}, 0.05048612783968538, 'baseline'), ({(3210, 1, 13794)}, 0.04902843664927955, 'baseline'), ({(5796, 0, 3210)}, 0.04705290027428572, 'baseline')]",[1],"[(4320, 0, 14885), (15370, 5, 1819), (3210, 0, 14885), (10107, 5, 1819), (15370, 0, 14885), (14885, 5, 1819), (10234, 5, 1819), (10234, 0, 14885), (4320, 5, 1819), (10107, 0, 14885)]",[4.5855093],1.0,4.5855093,6.574163,"(3210, 5, 1819)",10,1
"[([(8721, 0, 1754), (11480, 2, 8721), (1534, 0, 1754)], 9.8356, 'xrule'), ({(11480, 2, 8721)}, 5.75968823417111, 'baseline')]",[1487],"[(8721, 0, 1754), (11480, 2, 8721), (1534, 0, 1754)]",[-3.3424091],1487.0,-3.3424091,5.108136,"(11480, 2, 1534)",3,1
"[({(3407, 1, 26647)}, 1.8577137849987742, 'baseline'), ([(3407, 1, 26647)], 1.8472004, 'xrule'), ([(12197, 1, 3407), (26647, 9, 12197), (12197, 9, 26647), (3407, 1, 12197)], -0.028900146, 'xrule'), ({(26647, 9, 12197)}, -0.17128558900522367, 'baseline'), ({(12197, 9, 26647)}, -0.1729240014274526, 'baseline')]",[1170],"[(12197, 1, 3407), (12197, 9, 26647), (26647, 9, 12197), (3407, 1, 26647), (3407, 1, 12197)]",[0.46162897],1170.0,0.46162897,8.59272,"(26647, 1, 3407)",5,1
"[([(9268, 1, 12274)], 3.1246, 'xrule'), ({(9268, 1, 12274)}, 2.9948684987816563, 'baseline'), ([(9960, 1, 469), (469, 1, 9960), (9268, 0, 469), (12274, 0, 9960)], 0.048999786, 'xrule'), ({(12274, 0, 9960)}, -0.30047889433362296, 'baseline')]",[9889],"[(9960, 1, 469), (469, 1, 9960), (9268, 0, 469), (9268, 1, 12274), (12274, 0, 9960)]",[-4.274659],9889.0,-4.274659,10.34638,"(12274, 1, 9268)",5,1
"[([(8885, 1, 17578)], 2.4449, 'xrule'), ({(8885, 1, 17578)}, 1.809701048549741, 'baseline'), ({(17578, 1, 3300)}, -0.21338554150575706, 'baseline'), ({(3300, 1, 17578)}, -0.21721072918597767, 'baseline'), ([(3300, 1, 17578), (17578, 1, 3300), (3300, 1, 26393), (8885, 1, 26393), (26393, 1, 8885), (26393, 1, 3300)], -0.31869984, 'xrule')]",[17948],"[(3300, 1, 17578), (8885, 1, 17578), (26393, 1, 3300), (17578, 1, 3300), (3300, 1, 26393), (8885, 1, 26393), (26393, 1, 8885)]",[-1.9539514],17948.0,-1.9539514,9.063567,"(17578, 1, 8885)",7,1
"[([(34834, 1, 3152)], 6.6275, 'xrule'), ({(34834, 1, 3152)}, 1.144129807694078, 'baseline')]",[38698],"[(34834, 1, 3152)]",[-2.102906],38698.0,-2.102906,9.688642,"(3152, 1, 34834)",1,1
"[([(3970, 0, 81), (16415, 4, 36104), (16415, 4, 3970)], 11.35, 'xrule'), ({(16415, 4, 36104)}, 8.29233443595319, 'baseline')]",[140],"[(3970, 0, 81), (16415, 4, 36104), (16415, 4, 3970)]",[1.3824801],140.0,1.3824801,7.7996135,"(36104, 0, 81)",3,1
"[([(1620, 6, 25305), (33663, 0, 2099), (1620, 4, 33663)], 11.8175, 'xrule'), ([(16667, 0, 2099), (1620, 6, 25305), (1620, 4, 16667)], 11.816401, 'xrule'), ([(1620, 6, 25305), (1620, 4, 35819), (35819, 0, 2099)], 11.811, 'xrule'), ([(1620, 6, 25305), (1620, 4, 27792), (27792, 0, 2099)], 11.8104, 'xrule'), ([(30897, 0, 2099), (1620, 6, 25305), (1620, 4, 30897)], 11.8055, 'xrule'), ({(1620, 6, 25305)}, 7.878249845034241, 'baseline')]",[760],"[(1620, 4, 35819), (30897, 0, 2099), (1620, 4, 27792), (1620, 4, 33663), (1620, 4, 16667), (1620, 4, 30897), (27792, 0, 2099), (35819, 0, 2099), (16667, 0, 2099), (1620, 6, 25305), (33663, 0, 2099)]",[-2.369038],760.0,-2.369038,7.398238,"(25305, 0, 2099)",11,1
"[([(24859, 1, 24512)], 6.6045003, 'xrule'), ({(24859, 1, 24512)}, 5.277992319593081, 'baseline')]",[649],"[(24859, 1, 24512)]",[0.12367061],649.0,0.12367061,10.221,"(24512, 1, 24859)",1,1
"[({(3340, 1, 13731)}, 0.3490600998177927, 'baseline'), ({(11130, 1, 13731)}, 0.02657894322687749, 'baseline'), ({(13731, 1, 11130)}, 0.02612785525133898, 'baseline'), ({(13730, 1, 13731)}, -0.0002946453659013311, 'baseline'), ({(13731, 1, 13730)}, -0.0016460018925003126, 'baseline'), ({(13731, 0, 586)}, -0.20594688187760846, 'baseline')]",[77],"[(11130, 1, 13731), (3340, 1, 13731), (25343, 1, 3340), (13730, 1, 13694), (13694, 1, 3340), (13731, 1, 11130), (13731, 1, 13730), (25343, 1, 11130), (13730, 1, 13731)]",[1.8495357],77.0,1.8495357,9.419868,"(13731, 1, 3340)",9,1
"[([(19504, 1, 21993)], 5.1183004, 'xrule'), ({(19504, 1, 21993)}, 0.6809044332176022, 'baseline'), ({(11202, 0, 21993)}, 0.19768718945850988, 'baseline'), ([(17245, 1, 11202), (11202, 0, 21993), (19504, 0, 17245), (11202, 1, 17245)], -0.24300003, 'xrule')]",[40510],"[(11202, 1, 17245), (11202, 0, 21993), (19504, 0, 17245), (17245, 1, 11202), (19504, 1, 21993)]",[-4.3607464],40510.0,-4.3607464,8.579209,"(21993, 1, 19504)",5,1
"[({(14201, 1, 14202)}, 4.436471372937372, 'baseline'), ([(14201, 1, 14202)], 4.1718, 'xrule'), ([(14202, 0, 31982), (31982, 1, 14201), (14201, 1, 31982)], -0.3597002, 'xrule'), ({(14202, 0, 31982)}, -0.6664828808273733, 'baseline')]",[22404],"[(14202, 0, 31982), (31982, 1, 14201), (14201, 1, 31982), (14201, 1, 14202)]",[-6.719539],22404.0,-6.719539,10.240109,"(14202, 1, 14201)",4,1
"[([(6752, 1, 3450)], 1.5372005, 'xrule'), ({(6752, 1, 3450)}, 1.1940003001947856, 'baseline'), ([(6752, 1, 2604), (13968, 1, 2604), (13968, 1, 3450), (2604, 1, 13968)], 0.12390041, 'xrule'), ([(19171, 9, 2604), (2604, 9, 19171), (19171, 0, 3450), (6752, 1, 2604)], 0.120700836, 'xrule'), ([(13763, 1, 2604), (6752, 1, 2604), (13763, 1, 3450), (3450, 1, 13763), (2604, 1, 13763)], 0.08520031, 'xrule'), ([(15388, 1, 2604), (6752, 1, 2604), (15388, 1, 3450), (3450, 1, 15388), (2604, 1, 15388)], 0.025100708, 'xrule'), ({(13763, 1, 3450)}, -0.05472083859771731, 'baseline'), ({(3450, 1, 13763)}, -0.05779643821999401, 'baseline'), ({(13968, 1, 3450)}, -0.07508369251959271, 'baseline'), ({(19171, 0, 3450)}, -0.09509368703645621, 'baseline'), ({(15388, 1, 3450)}, -0.11816592970834476, 'baseline'), ({(12980, 1, 3450)}, -0.11840911667606481, 'baseline'), ({(3450, 1, 15388)}, -0.11970229901978895, 'baseline'), ({(3450, 1, 12980)}, -0.1202573374782407, 'baseline')]",[11],"[(13763, 1, 2604), (19171, 9, 2604), (19171, 0, 3450), (2604, 9, 19171), (13968, 1, 3450), (3450, 1, 13763), (2604, 1, 13763), (13968, 1, 2604), (6752, 1, 3450), (6752, 1, 2604), (2604, 1, 13968), (13763, 1, 3450)]",[3.4442754],11.0,3.4442754,8.6875305,"(3450, 1, 6752)",12,1
"[([(1287, 1, 18173)], 3.0297003, 'xrule'), ({(1287, 1, 18173)}, 2.7351428826111936, 'baseline'), ([(1287, 1, 6371), (23932, 1, 6371), (6371, 1, 23932), (6371, 1, 1287), (23932, 1, 18173)], 1.1086998, 'xrule'), ({(23932, 1, 18173)}, 0.04869941896622269, 'baseline'), ([(23932, 1, 18173), (406, 1, 23932), (1287, 1, 406)], -0.43550014, 'xrule')]",[333],"[(23932, 1, 6371), (1287, 1, 406), (6371, 1, 23932), (6371, 1, 1287), (23932, 1, 18173), (406, 1, 23932), (1287, 1, 6371), (1287, 1, 18173)]",[0.7449093],333.0,0.7449093,8.870047,"(18173, 1, 1287)",8,1
"[([(17826, 3, 14917)], 3.0593, 'xrule'), ({(17826, 3, 14917)}, 1.4964428616733851, 'baseline'), ({(14917, 3, 17825)}, 0.11263469895666399, 'baseline'), ([(17826, 3, 17825), (17825, 3, 17826), (14917, 3, 17825)], -0.25619984, 'xrule')]",[1736],"[(17826, 3, 17825), (17826, 3, 14917), (17825, 3, 17826), (14917, 3, 17825)]",[0.50155455],1736.0,0.50155455,8.515327,"(14917, 3, 17826)",4,1
"[({(9037, 1, 26613)}, 2.523134377124965, 'baseline')]",[260],"[(9037, 1, 26613)]",[0.8888621],260.0,0.8888621,9.101814,"(26613, 1, 9037)",1,1
"[({(1019, 4, 28305)}, 5.472739714975529, 'baseline'), ([(1019, 4, 23273), (1019, 4, 28305), (23273, 0, 3141)], 5.2717004, 'xrule'), ([(15755, 0, 3141), (1019, 4, 28305), (1019, 4, 15755)], 5.2553005, 'xrule'), ([(1019, 4, 38703), (38703, 0, 3141), (1019, 4, 28305)], 5.2007008, 'xrule'), ([(10840, 0, 3141), (1019, 4, 28305), (1019, 4, 10840)], 5.1807003, 'xrule'), ([(38994, 0, 3141), (1019, 4, 28305), (1019, 4, 38994)], 5.1402006, 'xrule')]",[19],"[(1019, 4, 23273), (1019, 4, 39576), (23273, 0, 3141), (10840, 0, 3141), (38703, 0, 3141), (15755, 0, 3141), (1019, 4, 28305), (39576, 0, 3141), (1019, 4, 38703), (1019, 4, 15755), (1019, 4, 10840)]",[1.8496733],19.0,1.8496733,8.571083,"(28305, 0, 3141)",11,1
"[([(24714, 5, 3149), (4747, 5, 3149), (24714, 0, 22951)], 14.4095, 'xrule'), ([(35121, 0, 22951), (4747, 5, 3149), (35121, 5, 3149)], 14.3413, 'xrule'), ([(4747, 5, 3149), (3148, 5, 3149), (3148, 0, 22951)], 14.338, 'xrule'), ([(34665, 5, 3149), (4747, 5, 3149), (34665, 0, 22951)], 14.2946, 'xrule'), ([(4747, 5, 3149), (22951, 5, 3149)], 14.1175995, 'xrule'), ({(4747, 5, 3149)}, 10.38924587081491, 'baseline')]",[17430],"[(35121, 0, 22951), (34665, 5, 3149), (3148, 5, 3149), (24714, 5, 3149), (4747, 5, 3149), (34665, 0, 22951), (35121, 5, 3149), (22951, 5, 3149), (24714, 0, 22951), (3148, 0, 22951)]",[-11.271608],17430.0,-11.271608,7.647258,"(4747, 0, 22951)",10,1
"[([(2938, 1, 15497)], 2.7598996, 'xrule'), ({(2938, 1, 15497)}, 1.4024124777006275, 'baseline'), ({(7315, 0, 15497)}, 0.24061207061324313, 'baseline'), ([(5712, 0, 2938), (7315, 1, 5712), (7315, 0, 15497), (5712, 1, 7315)], 0.17789936, 'xrule')]",[97],"[(7315, 1, 5712), (2938, 1, 15497), (5712, 0, 2938), (5712, 1, 7315), (7315, 0, 15497)]",[2.0152283],97.0,2.0152283,9.88568,"(15497, 1, 2938)",5,1
"[([(5862, 1, 14121)], 2.6597, 'xrule'), ({(5862, 1, 14121)}, 1.5529542663159217, 'baseline')]",[6852],"[(5862, 1, 14121)]",[0.16870043],6852.0,0.16870043,7.876352,"(14121, 1, 5862)",1,1
"[([(1038, 4, 39279), (22149, 0, 184), (1038, 4, 22149)], 12.8801, 'xrule'), ([(6598, 0, 184), (1038, 4, 39279), (1038, 4, 6598)], 12.8787, 'xrule'), ([(1038, 4, 39279), (1038, 4, 32299), (32299, 0, 184)], 12.8241005, 'xrule'), ([(1038, 4, 5292), (1038, 4, 39279), (5292, 0, 184)], 12.803499, 'xrule'), ([(1038, 4, 39279), (1038, 4, 7574), (7574, 0, 184)], 12.7856, 'xrule'), ({(1038, 4, 39279)}, 11.377507094558638, 'baseline')]",[10],"[(1038, 4, 5292), (6598, 0, 184), (1038, 4, 39279), (1038, 4, 22149), (5292, 0, 184), (1038, 4, 6598), (1038, 4, 7574), (22149, 0, 184), (7574, 0, 184), (1038, 4, 32299), (32299, 0, 184)]",[5.303191],10.0,5.303191,8.77287,"(39279, 0, 184)",11,1
"[([(25165, 1, 7514)], 2.0916996, 'xrule'), ({(25165, 1, 7514)}, 0.5949278314202425, 'baseline'), ({(21485, 1, 7514)}, 0.07837681006922419, 'baseline'), ({(7514, 1, 21485)}, 0.07550148203230113, 'baseline'), ({(3331, 1, 7514)}, 0.03610901065179918, 'baseline'), ({(7514, 1, 3331)}, 0.0356026096083266, 'baseline'), ([(21485, 1, 7514), (5598, 1, 25165), (5598, 1, 21485), (25165, 1, 5598), (21485, 0, 5598), (7514, 1, 21485), (21485, 1, 5598)], -0.05960083, 'xrule'), ([(5598, 1, 25165), (25165, 1, 5598), (3331, 0, 5598), (3331, 1, 7514), (5598, 1, 3331), (3331, 1, 5598), (7514, 1, 3331)], -0.0819006, 'xrule')]",[48],"[(5598, 1, 3331), (5598, 1, 21485), (7514, 1, 21485), (21485, 1, 7514), (3331, 1, 7514), (25165, 1, 5598), (25165, 1, 7514)]",[2.2642732],48.0,2.2642732,9.075606,"(7514, 1, 25165)",7,1
"[([(5116, 1, 15028)], 0.47210026, 'xrule'), ({(5116, 1, 15028)}, 0.31575874613959537, 'baseline'), ([(15028, 1, 21701), (5117, 1, 5116), (21701, 1, 15028), (21701, 1, 5117), (5116, 1, 5117), (5117, 1, 21701)], 0.10420036, 'xrule'), ([(16314, 1, 5117), (16314, 1, 15028), (5117, 1, 5116), (5117, 1, 16314), (5116, 1, 5117)], 0.10270023, 'xrule'), ([(15527, 1, 5116), (15028, 1, 21701), (21701, 1, 15527), (15527, 1, 21701), (5116, 1, 15527), (21701, 1, 15028)], 0.101400375, 'xrule'), ([(15527, 1, 5116), (16314, 1, 15028), (15527, 1, 16314), (5116, 1, 15527), (16314, 1, 15527)], 0.10050011, 'xrule'), ({(16314, 1, 15028)}, 0.08560661509807145, 'baseline'), ({(15028, 1, 21701)}, 0.011381189265875988, 'baseline'), ({(21701, 1, 15028)}, 0.009264032323726534, 'baseline'), ({(15028, 1, 6422)}, -0.07775302698039813, 'baseline'), ({(6422, 1, 15028)}, -0.07847781941282676, 'baseline')]",[4],"[(16314, 1, 5117), (15028, 1, 21701), (15527, 1, 5116), (5117, 1, 5116), (21701, 1, 5117), (5117, 1, 16314), (15527, 1, 21701), (5116, 1, 15527), (5117, 1, 21701), (16314, 1, 15028), (5116, 1, 15028), (21701, 1, 15527), (5116, 1, 5117), (21701, 1, 15028)]",[4.8324075],4.0,4.8324075,9.27175,"(15028, 1, 5116)",14,1
"[([(5782, 1, 6726)], 4.6273, 'xrule'), ({(5782, 1, 6726)}, 0.5725403265904968, 'baseline')]",[1661],"[(5782, 1, 6726)]",[0.6296205],1661.0,0.6296205,9.564367,"(6726, 1, 5782)",1,1
"[([(5329, 1, 12530)], 5.6194997, 'xrule'), ({(5329, 1, 12530)}, 3.6638335519725187, 'baseline')]",[619],"[(5329, 1, 12530)]",[0.555394],619.0,0.555394,10.27132,"(12530, 1, 5329)",1,1
"[([(14159, 1, 40286)], 7.4143, 'xrule'), ({(14159, 1, 40286)}, 6.316315010999121, 'baseline')]",[12186],"[(14159, 1, 40286)]",[-1.7229086],12186.0,-1.7229086,10.40897,"(40286, 1, 14159)",1,1
"[({(7703, 1, 26785)}, 4.227009524412198, 'baseline'), ([(7703, 1, 26785)], 3.1688004, 'xrule'), ([(17167, 1, 15649), (26785, 0, 17167), (7703, 0, 15649), (15649, 1, 17167)], 0.06910038, 'xrule'), ([(26785, 0, 17167), (7703, 1, 707), (707, 1, 7703), (707, 0, 17167)], -0.1286993, 'xrule'), ({(26785, 0, 17167)}, -0.48362727693263946, 'baseline')]",[1285],"[(15649, 1, 17167), (707, 1, 7703), (7703, 1, 26785), (7703, 0, 15649), (7703, 1, 707), (707, 0, 17167), (17167, 1, 15649), (26785, 0, 17167)]",[-1.786412],1285.0,-1.786412,10.314679,"(26785, 1, 7703)",8,1
"[([(7329, 1, 5855)], 1.4405003, 'xrule'), ({(7329, 1, 5855)}, 0.6447182144879807, 'baseline'), ([(8458, 0, 7329), (11474, 1, 8458), (11474, 0, 5855), (8458, 1, 11474)], 0.109900475, 'xrule'), ({(11474, 0, 5855)}, 0.08782486154784157, 'baseline'), ({(5855, 1, 28317)}, 0.01584057041677979, 'baseline'), ({(28317, 1, 5855)}, 0.01436142150442485, 'baseline'), ([(28317, 0, 7329), (28317, 1, 5855), (5855, 1, 28317)], -0.034399986, 'xrule')]",[32],"[(28317, 0, 7329), (11474, 0, 5855), (11474, 1, 8458), (8458, 0, 7329), (8458, 1, 11474), (5855, 1, 28317), (7329, 1, 5855)]",[4.1087275],32.0,4.1087275,8.925503,"(5855, 1, 7329)",7,1
"[([(6485, 1, 30984)], 1.9948006, 'xrule'), ({(6485, 1, 30984)}, 1.1585255218752126, 'baseline'), ({(30984, 0, 957)}, 0.3373270446425075, 'baseline'), ([(17895, 1, 957), (6485, 0, 17895), (30984, 0, 957), (957, 1, 17895)], 0.28590012, 'xrule'), ([(957, 1, 6485), (30984, 0, 957), (6485, 1, 957)], -0.038700104, 'xrule')]",[528],"[(957, 1, 17895), (6485, 0, 17895), (30984, 0, 957), (6485, 1, 30984), (17895, 1, 957), (957, 1, 6485), (6485, 1, 957)]",[0.78225803],528.0,0.78225803,9.050512,"(30984, 1, 6485)",7,1
"[({(29963, 2, 1137)}, 5.850420152190415, 'baseline'), ([(39696, 5, 774), (29963, 2, 1137), (39696, 2, 1137)], 5.4474998, 'xrule'), ([(38592, 2, 1137), (29963, 2, 1137), (38592, 5, 774)], 5.4433994, 'xrule'), ([(20262, 2, 1137), (29963, 2, 1137), (20262, 5, 774)], 5.4174995, 'xrule'), ([(8519, 5, 774), (8519, 2, 1137), (29963, 2, 1137)], 5.3827, 'xrule'), ([(31242, 5, 774), (29963, 2, 1137), (31242, 2, 1137)], 5.3698997, 'xrule')]",[1],"[(39696, 5, 774), (8519, 2, 1137), (20262, 5, 774), (20262, 2, 1137), (29963, 2, 1137), (8519, 5, 774), (1137, 5, 774), (38592, 2, 1137), (38592, 5, 774), (39696, 2, 1137)]",[5.9773846],1.0,5.9773846,8.869197,"(29963, 5, 774)",10,1
"[([(2573, 1, 17030)], 2.6565003, 'xrule'), ({(2573, 1, 17030)}, 2.5545946662167798, 'baseline'), ([(13110, 1, 17030), (2573, 0, 2574), (17030, 1, 13110), (13110, 0, 2574)], -0.27789974, 'xrule'), ({(17030, 1, 13110)}, -0.31352515889692606, 'baseline'), ({(13110, 1, 17030)}, -0.31541057303884, 'baseline')]",[400],"[(2573, 0, 2574), (13110, 1, 17030), (17030, 1, 13110), (13110, 0, 2574), (2573, 1, 17030)]",[0.7774856],400.0,0.7774856,8.604788,"(17030, 1, 2573)",5,1
"[({(20114, 6, 20115)}, 1.915011495332419, 'baseline'), ([(20114, 6, 4716), (20114, 6, 20115), (4716, 2, 2580)], 1.8128996, 'xrule'), ([(20114, 6, 22561), (20114, 6, 20115), (22561, 2, 2580)], 1.8010998, 'xrule'), ([(30667, 2, 2580), (20114, 6, 20115), (20114, 6, 30667)], 1.7769995, 'xrule'), ([(39563, 2, 2580), (20114, 6, 20115), (20114, 6, 39563)], 1.7660995, 'xrule'), ([(8813, 2, 2580), (20114, 6, 8813), (20114, 6, 20115)], 1.7620997, 'xrule')]",[1],"[(4716, 2, 2580), (20114, 6, 39563), (20114, 6, 4716), (22561, 2, 2580), (30667, 2, 2580), (20114, 6, 22561), (20114, 6, 20115), (20114, 6, 30667), (39563, 2, 2580)]",[6.3877854],1.0,6.3877854,8.1901455,"(20115, 2, 2580)",9,1
"[([(18271, 1, 3741)], 6.2082, 'xrule'), ({(18271, 1, 3741)}, 1.0087214027226916, 'baseline')]",[7439],"[(18271, 1, 3741)]",[-0.21054451],7439.0,-0.21054451,10.975729,"(3741, 1, 18271)",1,1
"[([(7531, 1, 7532)], 4.1284995, 'xrule'), ({(7531, 1, 7532)}, 1.6192169914096355, 'baseline')]",[18179],"[(7531, 1, 7532)]",[-1.0833731],18179.0,-1.0833731,8.390123,"(7532, 1, 7531)",1,1
"[([(36226, 1, 1771)], 2.6282, 'xrule'), ({(36226, 1, 1771)}, 0.18369487983445115, 'baseline'), ({(9610, 1, 1771)}, 0.16147808288976823, 'baseline'), ([(9610, 0, 9611), (36226, 0, 9611), (9610, 1, 1771)], -0.020199776, 'xrule')]",[40852],"[(9610, 0, 9611), (36226, 0, 9611), (9610, 1, 1771), (36226, 1, 1771)]",[-5.0544486],40852.0,-5.0544486,9.191784,"(1771, 1, 36226)",4,1
"[([(10563, 9, 6882)], 2.2876997, 'xrule'), ({(10563, 9, 6882)}, 1.3903198868821423, 'baseline'), ([(9971, 1, 6882), (9971, 1, 10563), (6882, 1, 9971), (10563, 1, 9971)], 0.0015001297, 'xrule'), ([(6883, 1, 2955), (6882, 0, 6883), (2955, 1, 10563), (10563, 1, 2955), (2955, 1, 6883)], -0.018899918, 'xrule'), ({(9971, 1, 6882)}, -0.13333698069551858, 'baseline'), ({(6882, 1, 9971)}, -0.13415332593025014, 'baseline'), ({(6882, 0, 6883)}, -0.16434951567848144, 'baseline')]",[31128],"[(10563, 1, 2955), (10563, 9, 6882), (10563, 1, 9971), (6883, 1, 2955), (6882, 0, 6883), (2955, 1, 10563), (9971, 1, 10563), (2955, 1, 6883), (9971, 1, 6882), (6882, 1, 9971)]",[-9.680391],31128.0,-9.680391,10.239602,"(6882, 9, 10563)",10,1
"[([(27614, 5, 172), (27614, 0, 28580)], 1.6579001, 'xrule'), ({(27614, 0, 28580)}, 1.2990559933405887, 'baseline')]",[7],"[(27614, 5, 172), (27614, 0, 28580)]",[2.3068466],7.0,2.3068466,7.0875874,"(28580, 5, 172)",2,1
"[([(28165, 1, 40453)], 15.1956005, 'xrule'), ({(28165, 1, 40453)}, 11.62026042629262, 'baseline')]",[17677],"[(28165, 1, 40453)]",[-5.6930346],17677.0,-5.6930346,9.401691,"(40453, 1, 28165)",1,1
"[([(16026, 1, 21645)], 1.0545006, 'xrule'), ({(16026, 1, 21645)}, 0.7970276346103573, 'baseline'), ([(19508, 1, 14574), (21645, 1, 14574), (14574, 1, 19508), (16026, 1, 19508), (19508, 1, 16026), (14574, 1, 21645)], 0.10340023, 'xrule'), ([(14574, 1, 21645), (21645, 1, 14574), (16026, 0, 3818), (14574, 0, 3818)], -0.0069999695, 'xrule'), ({(21645, 1, 14574)}, -0.06868930627752735, 'baseline'), ({(14574, 1, 21645)}, -0.07057567408466156, 'baseline'), ([(19508, 1, 32962), (32962, 1, 19508), (16026, 1, 19508), (21645, 1, 32962), (19508, 1, 16026), (32962, 1, 21645)], -0.13459969, 'xrule'), ({(32962, 1, 21645)}, -0.15537544040108273, 'baseline'), ({(21645, 1, 32962)}, -0.15578552035187426, 'baseline')]",[2283],"[(19508, 1, 14574), (16026, 0, 3818), (16026, 1, 19508), (19508, 1, 16026), (16026, 1, 21645), (21645, 1, 14574), (14574, 1, 19508), (14574, 1, 21645), (14574, 0, 3818)]",[-0.2826597],2283.0,-0.2826597,9.251232,"(21645, 1, 16026)",9,1
"[([(13752, 1, 11251)], 4.1373, 'xrule'), ({(13752, 1, 11251)}, 2.4058209782838564, 'baseline')]",[1699],"[(13752, 1, 11251)]",[0.36700752],1699.0,0.36700752,9.526362,"(11251, 1, 13752)",1,1
"[([(11702, 1, 26645)], 3.8939004, 'xrule'), ({(11702, 1, 26645)}, 2.0796977101827254, 'baseline'), ([(6759, 1, 129), (129, 1, 6759), (11702, 0, 6759), (6759, 5, 129), (26645, 5, 129)], 0.18400002, 'xrule'), ({(26645, 5, 129)}, -0.22719951389826495, 'baseline')]",[15076],"[(6759, 1, 129), (129, 1, 6759), (11702, 0, 6759), (26645, 5, 129), (11702, 1, 26645), (6759, 5, 129)]",[-1.2015126],15076.0,-1.2015126,10.44846,"(26645, 1, 11702)",6,1
"[([(23887, 6, 31376), (23887, 6, 13632), (13632, 2, 743)], 1.7526002, 'xrule'), ([(23887, 6, 31376), (23887, 6, 742), (742, 2, 743)], 1.6515002, 'xrule'), ({(23887, 6, 31376)}, 1.0763340523805784, 'baseline'), ([(23887, 6, 31376), (23887, 6, 11979), (11979, 2, 743)], 1.0522003, 'xrule'), ([(23887, 6, 31376), (23887, 6, 19343), (19343, 2, 743)], 0.98169994, 'xrule'), ([(23887, 6, 31376), (35949, 2, 743), (23887, 6, 35949)], 0.7688999, 'xrule'), ({(10052, 6, 31376)}, 0.126823465444857, 'baseline'), ({(12272, 6, 31376)}, -0.17348047040416817, 'baseline')]",[1],"[(32045, 2, 743), (742, 2, 743), (23887, 6, 32045), (23887, 6, 31376), (13632, 2, 743), (23887, 6, 13632), (19343, 2, 743), (23887, 6, 742), (23887, 6, 11979), (23887, 6, 19343), (11979, 2, 743)]",[7.604067],1.0,7.604067,7.7001705,"(31376, 2, 743)",11,1
"[([(2601, 1, 5394)], 1.7930002, 'xrule'), ({(2601, 1, 5394)}, 0.856279420986408, 'baseline'), ({(20358, 0, 5394)}, 0.17155555936997713, 'baseline'), ([(19801, 1, 19802), (19801, 0, 5394), (19802, 1, 19801), (19802, 0, 2601)], 0.104400635, 'xrule'), ({(19801, 0, 5394)}, 0.10427383616882158, 'baseline'), ({(13722, 0, 5394)}, 0.08052448463900895, 'baseline'), ([(20359, 0, 2601), (20358, 1, 20359), (20358, 0, 5394), (20359, 1, 20358)], 0.054600716, 'xrule'), ([(15112, 1, 13722), (13722, 0, 5394), (15112, 0, 2601), (13722, 1, 15112)], 0.011500359, 'xrule')]",[12],"[(19801, 1, 19802), (20358, 1, 20359), (20358, 0, 5394), (20359, 0, 2601), (2601, 1, 5394), (19802, 1, 19801), (19801, 0, 5394), (19802, 0, 2601)]",[3.9564753],12.0,3.9564753,9.64728,"(5394, 1, 2601)",8,1
"[([(2617, 1, 11144)], 2.4752998, 'xrule'), ({(2617, 1, 11144)}, 1.828364456154238, 'baseline'), ([(11144, 0, 21098), (21097, 1, 21098), (2617, 0, 21097)], 0.18379974, 'xrule'), ({(11144, 0, 21098)}, -0.10830112258590158, 'baseline')]",[35942],"[(2617, 1, 11144), (11144, 0, 21098), (21097, 1, 21098), (2617, 0, 21097)]",[-12.05296],35942.0,-12.05296,9.984545,"(11144, 1, 2617)",4,1
"[({(8153, 1, 10925)}, 2.6174241690035895, 'baseline'), ([(8153, 1, 10925)], 2.5667, 'xrule'), ({(12946, 1, 10925)}, 0.05927852816956424, 'baseline'), ([(12946, 1, 9917), (9917, 1, 12946), (8153, 1, 9917), (12946, 1, 10925), (9917, 1, 8153)], 0.0064001083, 'xrule')]",[1027],"[(8153, 1, 10925), (9917, 1, 12946), (9917, 1, 8153), (12946, 1, 9917), (8153, 1, 9917), (12946, 1, 10925)]",[-0.0036245883],1027.0,-0.0036245883,9.006329,"(10925, 1, 8153)",6,1
"[([(15171, 1, 12999), (15729, 1, 16455), (16455, 1, 15729), (16455, 1, 15171), (12999, 1, 15171), (15171, 1, 16455)], 4.3131, 'xrule'), ([(15171, 1, 31425), (15171, 1, 12999), (12999, 1, 15171), (31425, 1, 15171), (15729, 1, 31425)], 4.1059, 'xrule'), ([(15730, 1, 15171), (15171, 1, 12999), (15729, 1, 15730), (12999, 1, 15171), (15730, 1, 15729), (15171, 1, 15730)], 3.9824, 'xrule'), ({(15171, 1, 12999)}, 0.6256070577548827, 'baseline'), ({(12999, 1, 15171)}, 0.6216030560812194, 'baseline')]",[36697],"[(15171, 1, 31425), (15730, 1, 15171), (15729, 1, 16455), (16455, 1, 15171), (31425, 1, 15171), (15171, 1, 16455), (15730, 1, 15729), (15171, 1, 12999), (15729, 1, 15730), (12999, 1, 15171), (16455, 1, 15729), (15729, 1, 31425), (15171, 1, 15730)]",[-2.0806317],36697.0,-2.0806317,6.798723,"(12999, 1, 15729)",13,1
"[([(19910, 9, 8634)], 5.0952997, 'xrule'), ({(19910, 9, 8634)}, 3.515775560500913, 'baseline')]",[11363],"[(19910, 9, 8634)]",[-0.35468575],11363.0,-0.35468575,9.567928,"(8634, 9, 19910)",1,1
"[([(5596, 1, 32633)], 1.6665001, 'xrule'), ({(5596, 1, 32633)}, 1.62142093291008, 'baseline'), ([(5596, 1, 5176), (5176, 1, 5596), (32633, 0, 5176)], 0.06429958, 'xrule'), ({(32633, 0, 5176)}, 0.0022764605868343855, 'baseline'), ([(5596, 1, 5595), (5595, 0, 5176), (5595, 1, 5596), (32633, 0, 5176)], -0.020700455, 'xrule'), ({(6813, 1, 32633)}, -0.30845351891299777, 'baseline'), ({(32633, 1, 6813)}, -0.3178624696830462, 'baseline'), ([(5176, 1, 6813), (6813, 1, 32633), (5176, 1, 5596), (32633, 1, 6813), (5596, 1, 5176)], -0.43290043, 'xrule')]",[11],"[(5596, 1, 5595), (5595, 0, 5176), (5176, 1, 5596), (32633, 0, 5176), (5596, 1, 5176), (5596, 1, 32633), (5595, 1, 5596)]",[3.5047898],11.0,3.5047898,9.348708,"(32633, 1, 5596)",7,1
"[([(9012, 0, 2536), (2536, 9, 2537), (2537, 5, 7786), (2537, 9, 2536)], 11.879499, 'xrule'), ([(9012, 0, 2536), (12245, 0, 2536), (12245, 5, 7786)], 11.8431, 'xrule'), ([(9012, 0, 2536), (21593, 5, 7786), (21593, 0, 2536)], 11.8371, 'xrule'), ([(9012, 0, 2536), (25384, 0, 2536), (25384, 5, 7786)], 11.8269005, 'xrule'), ([(9012, 0, 2536), (19963, 0, 2536), (19963, 5, 7786)], 11.8257, 'xrule'), ({(9012, 0, 2536)}, 8.49486192369749, 'baseline')]",[244],"[(9012, 0, 2536), (25384, 0, 2536), (2537, 9, 2536), (25384, 5, 7786), (12245, 0, 2536), (21593, 0, 2536), (19963, 0, 2536), (12245, 5, 7786), (19963, 5, 7786), (21593, 5, 7786), (2536, 9, 2537), (2537, 5, 7786)]",[1.3533547],244.0,1.3533547,8.305224,"(9012, 5, 7786)",12,1
"[([(25496, 0, 25497), (5309, 0, 5310), (5309, 0, 25497)], 12.4868, 'xrule'), ([(25496, 0, 25497), (15830, 0, 5310), (15830, 0, 25497)], 12.4657, 'xrule'), ({(25496, 0, 25497)}, 8.807988329841871, 'baseline')]",[4343],"[(25496, 0, 25497), (15830, 0, 5310), (5309, 0, 5310), (5309, 0, 25497), (15830, 0, 25497)]",[-5.979454],4343.0,-5.979454,7.0187235,"(25496, 0, 5310)",5,1
"[([(4691, 1, 36188)], 1.8999996, 'xrule'), ({(4691, 1, 36188)}, 0.9568014643397418, 'baseline'), ({(36188, 1, 20727)}, -0.17035003445940436, 'baseline'), ({(20727, 1, 36188)}, -0.17063995145468558, 'baseline'), ([(36188, 1, 20727), (20727, 1, 36188), (4691, 0, 4692), (20727, 0, 4692)], -0.19050026, 'xrule')]",[17913],"[(4691, 1, 36188), (20727, 0, 4692), (4691, 0, 4692), (36188, 1, 20727), (20727, 1, 36188)]",[-2.2277362],17913.0,-2.2277362,9.827701,"(36188, 1, 4691)",5,1
"[([(8525, 4, 23270), (8525, 4, 21505), (23270, 0, 296)], 10.0375, 'xrule'), ({(8525, 4, 21505)}, 5.344250407765095, 'baseline')]",[29],"[(8525, 4, 23270), (8525, 4, 21505), (23270, 0, 296)]",[4.013844],29.0,4.013844,6.9597425,"(21505, 0, 296)",3,1
"[([(16736, 1, 7605)], 3.5151005, 'xrule'), ({(16736, 1, 7605)}, 1.895426838274759, 'baseline'), ({(7606, 1, 7605)}, -0.3238315171482852, 'baseline'), ({(7605, 1, 7606)}, -0.32939525307508155, 'baseline'), ([(16736, 1, 7606), (7606, 1, 16736), (7606, 1, 7605), (7605, 1, 7606)], -1.3413, 'xrule')]",[25070],"[(16736, 1, 7606), (7606, 1, 16736), (7605, 1, 7606), (16736, 1, 7605), (7606, 1, 7605)]",[-2.9848065],25070.0,-2.9848065,9.469548,"(7605, 1, 16736)",5,1
"[([(14493, 1, 37743)], 2.9692998, 'xrule'), ({(14493, 1, 37743)}, 2.2295199580398077, 'baseline'), ({(37743, 0, 25874)}, -0.2165965629482028, 'baseline'), ([(14493, 1, 25874), (25874, 1, 14493), (37743, 0, 25874)], -0.24450016, 'xrule')]",[5610],"[(14493, 1, 37743), (14493, 1, 25874), (25874, 1, 14493), (37743, 0, 25874)]",[-0.53678304],5610.0,-0.53678304,9.327404,"(37743, 1, 14493)",4,1
"[([(2944, 9, 2945)], 3.8788996, 'xrule'), ({(2944, 9, 2945)}, 2.7375547253011034, 'baseline'), ([(2944, 0, 203), (2945, 0, 203)], 0.2112999, 'xrule'), ({(2945, 0, 203)}, -0.4187974511977462, 'baseline')]",[40675],"[(2944, 9, 2945), (2944, 0, 203), (2945, 0, 203)]",[-37.56648],40675.0,-37.56648,10.549395,"(2945, 9, 2944)",3,1
"[({(3408, 6, 2381)}, 1.0165377175903225, 'baseline'), ([(3684, 2, 12273), (3408, 6, 2381), (3408, 6, 3684)], 0.8423996, 'xrule'), ([(7129, 2, 12273), (3408, 6, 2381), (3408, 6, 7129)], 0.80009985, 'xrule'), ([(3408, 6, 16032), (3408, 6, 2381), (16032, 2, 12273)], 0.5843997, 'xrule'), ([(3408, 6, 2278), (3408, 6, 2381), (2278, 2, 12273)], 0.41379976, 'xrule'), ([(3408, 6, 22107), (3408, 6, 2381), (22107, 2, 12273)], 0.34070015, 'xrule'), ({(2380, 6, 2381)}, 0.22233776325987809, 'baseline'), ({(4109, 6, 2381)}, 0.0297632617674887, 'baseline'), ({(2381, 6, 21795)}, -0.007654150062784065, 'baseline'), ({(2381, 6, 5200)}, -0.029015501060895968, 'baseline'), ({(2381, 6, 10989)}, -0.13014789378536218, 'baseline')]",[1],"[(3408, 6, 2278), (3408, 6, 16032), (3408, 6, 2381), (3684, 2, 12273), (7129, 2, 12273), (3408, 6, 12273), (16032, 2, 12273), (2278, 2, 12273), (3408, 6, 3684), (3408, 6, 7129)]",[6.5914855],1.0,6.5914855,8.170172,"(2381, 2, 12273)",10,1
"[([(3847, 1, 17802)], 1.7930002, 'xrule'), ({(3847, 1, 17802)}, 0.8238506789272096, 'baseline'), ({(17802, 1, 17801)}, 0.0565357608499881, 'baseline'), ({(17801, 1, 17802)}, 0.05217842288198869, 'baseline'), ([(24768, 1, 3847), (17802, 1, 17801), (17801, 1, 24768), (24768, 1, 17801), (3847, 1, 24768), (17801, 1, 17802)], -0.5225992, 'xrule')]",[31383],"[(17802, 1, 17801), (17801, 1, 24768), (24768, 1, 17801), (3847, 1, 24768), (17801, 1, 17802), (3847, 1, 17802), (24768, 1, 3847)]",[-4.179124],31383.0,-4.179124,8.961193,"(17802, 1, 3847)",7,1
"[([(8629, 1, 7673)], 3.1420999, 'xrule'), ({(8629, 1, 7673)}, 1.788355908824707, 'baseline')]",[255],"[(8629, 1, 7673)]",[1.0521712],255.0,1.0521712,9.002323,"(7673, 1, 8629)",1,1
"[([(16054, 1, 26644)], 2.1005, 'xrule'), ({(16054, 1, 26644)}, 1.7735882612171359, 'baseline'), ({(4985, 1, 26644)}, 0.10800461014522174, 'baseline'), ({(26644, 3, 16053)}, -0.3826093258917952, 'baseline'), ({(16053, 3, 26644)}, -0.38649936341622326, 'baseline'), ([(16053, 1, 16054), (16053, 1, 4985), (16054, 1, 16053), (4985, 1, 26644), (4985, 1, 16053)], -0.43779945, 'xrule'), ([(26644, 3, 16053), (16054, 1, 16053), (16053, 1, 16054), (16053, 3, 26644)], -0.63759995, 'xrule')]",[29173],"[(16053, 1, 16054), (16053, 3, 26644), (16054, 1, 26644), (26644, 3, 16053), (16053, 1, 4985), (4985, 1, 26644)]",[-8.829462],29173.0,-8.829462,9.2418165,"(26644, 1, 16054)",6,1
"[([(5305, 1, 29442)], 1.7723999, 'xrule'), ({(5305, 1, 29442)}, 1.3064108491203312, 'baseline'), ({(29442, 1, 8152)}, -0.08282848167034196, 'baseline'), ({(8152, 1, 29442)}, -0.0861234264191181, 'baseline'), ([(1754, 1, 8152), (8152, 1, 1754), (29442, 1, 8152), (8152, 1, 29442), (1754, 1, 5305), (5305, 1, 1754)], -0.2486, 'xrule')]",[24],"[(1754, 1, 8152), (8152, 1, 1754), (8152, 1, 29442), (5305, 1, 1754), (5305, 1, 29442), (1754, 1, 5305), (29442, 1, 8152)]",[2.3894277],24.0,2.3894277,8.90522,"(29442, 1, 5305)",7,1
"[([(1770, 1, 1771)], 1.9812002, 'xrule'), ({(1770, 1, 1771)}, 0.4837418026182075, 'baseline'), ({(21991, 0, 1771)}, 0.07779888341635635, 'baseline'), ([(21991, 0, 1771), (21991, 1, 1770), (1770, 1, 21991)], -0.1008997, 'xrule')]",[6234],"[(1770, 1, 21991), (1770, 1, 1771), (21991, 0, 1771), (21991, 1, 1770)]",[0.25153202],6234.0,0.25153202,8.726723,"(1771, 1, 1770)",4,1
"[({(512, 4, 22121)}, 3.4291585396176596, 'baseline'), ([(512, 4, 4929), (512, 4, 22121), (4929, 0, 351)], 2.7183995, 'xrule'), ([(512, 4, 15290), (15290, 0, 351), (512, 4, 22121)], 2.6837997, 'xrule'), ([(512, 4, 22121), (512, 4, 34879), (34879, 0, 351)], 2.5988994, 'xrule'), ([(512, 4, 34431), (34431, 0, 351), (512, 4, 22121)], 2.5765996, 'xrule'), ([(512, 4, 22121), (19416, 0, 351), (512, 4, 19416)], 2.5697994, 'xrule')]",[1],"[(512, 4, 4929), (512, 4, 33810), (33810, 0, 351), (512, 4, 34879), (34879, 0, 351), (4929, 0, 351), (15290, 0, 351), (512, 4, 22121), (34431, 0, 351), (512, 4, 34431), (512, 4, 15290)]",[7.2257004],1.0,7.2257004,8.308378,"(22121, 0, 351)",11,1
"[([(4301, 1, 10990)], 1.7748995, 'xrule'), ({(4301, 1, 10990)}, 0.954007198554321, 'baseline'), ({(10990, 0, 1380)}, 0.2406778741455904, 'baseline'), ([(6575, 0, 1380), (10990, 0, 1380), (4301, 1, 6575), (6575, 1, 4301)], -0.055900574, 'xrule')]",[7969],"[(4301, 1, 10990), (6575, 1, 4301), (10990, 0, 1380), (4301, 1, 6575), (6575, 0, 1380)]",[0.19957295],7969.0,0.19957295,9.040138,"(10990, 1, 4301)",5,1
"[([(37187, 1, 22873)], 14.173201, 'xrule'), ({(37187, 1, 22873)}, 0.1172924443247466, 'baseline')]",[40876],"[(37187, 1, 22873)]",[-3.6269553],40876.0,-3.6269553,9.392544,"(22873, 1, 37187)",1,1
"[({(13776, 2, 916)}, 3.642136975996093, 'baseline'), ([(27523, 2, 121), (27523, 2, 916), (13776, 2, 916)], 3.2749, 'xrule'), ([(6932, 2, 121), (6932, 2, 916), (13776, 2, 916)], 3.2345, 'xrule'), ([(9036, 2, 916), (9036, 2, 121), (13776, 2, 916)], 3.2338, 'xrule'), ([(27868, 2, 121), (27868, 2, 916), (13776, 2, 916)], 3.2337003, 'xrule'), ([(30719, 2, 916), (30719, 2, 121), (13776, 2, 916)], 3.2248, 'xrule'), ({(2181, 6, 13776)}, -0.34665771180427146, 'baseline')]",[1],"[(6932, 2, 121), (27523, 2, 121), (27868, 2, 916), (13776, 2, 916), (9036, 2, 916), (27868, 2, 121), (6932, 2, 916), (9036, 2, 121), (27523, 2, 916)]",[7.489031],1.0,7.489031,8.00515,"(13776, 2, 121)",9,1
"[([(17464, 1, 17465)], 7.2282, 'xrule'), ({(17464, 1, 17465)}, 1.6944523619900251, 'baseline')]",[34228],"[(17464, 1, 17465)]",[-3.5733175],34228.0,-3.5733175,9.928814,"(17465, 1, 17464)",1,1
"[({(33614, 0, 5517)}, 1.6905718610091116, 'baseline'), ([(33614, 0, 5517), (26672, 0, 5517), (26672, 5, 172)], 1.6791997, 'xrule'), ([(27866, 0, 5517), (33614, 0, 5517), (27866, 5, 172)], 1.6469998, 'xrule'), ([(23573, 0, 5517), (33614, 0, 5517), (23573, 5, 172)], 1.6334996, 'xrule'), ([(20347, 5, 172), (33614, 0, 5517), (20347, 0, 5517)], 1.5362997, 'xrule'), ([(31682, 0, 5517), (33614, 0, 5517), (31682, 5, 172)], 1.5230999, 'xrule'), ({(26515, 4, 33614)}, 0.8566508771045944, 'baseline')]",[1],"[(27866, 5, 172), (31682, 5, 172), (31682, 0, 5517), (27866, 0, 5517), (23573, 0, 5517), (33614, 0, 5517), (26672, 0, 5517), (20347, 5, 172), (20347, 0, 5517), (26672, 5, 172), (23573, 5, 172)]",[8.047219],1.0,8.047219,7.783125,"(33614, 5, 172)",11,1
"[([(8993, 1, 7948)], 4.8894997, 'xrule'), ({(8993, 1, 7948)}, 1.0776157907043165, 'baseline'), ({(7948, 1, 22982)}, -0.12583347119506283, 'baseline'), ({(22982, 1, 7948)}, -0.1298875407120383, 'baseline'), ([(9238, 0, 22982), (8993, 0, 9238), (7948, 1, 22982), (22982, 1, 7948)], -0.65390015, 'xrule')]",[40672],"[(9238, 0, 22982), (7948, 1, 22982), (8993, 0, 9238), (8993, 1, 7948), (22982, 1, 7948)]",[-5.082037],40672.0,-5.082037,9.079611,"(7948, 1, 8993)",5,1
