new_score,new_rank,facts,prediction,original_score,new_ranks,#facts,new_scores,original_rank
3.4585266,2.5,"[([(7125, 3, 39)], 0.45034889610791196, 8171.610722173927), ([(7125, 3, 220)], 0.3765278276934554, 5824.593035374985), ([(7125, 2, 31)], 0.2673025538441537, 8.566430556398007)]","(7125, 11, 8038)",4.0142155,"[2, 3]",3,"[2.869343, 4.0477104]",12
3.0869458,1.0,"[([(6853, 2, 30), (9644, 10, 7830), (9644, 2, 30)], 0.81939983, 'xrule'), ([(9548, 10, 7830), (9548, 3, 9), (6853, 3, 9)], 0.6012001, 'xrule'), ([(6853, 2, 30), (12936, 10, 7830), (12936, 2, 30)], 0.2709999, 'xrule'), ([(12277, 10, 7830), (12277, 3, 9), (6853, 3, 9)], -0.21240044, 'xrule'), ([(6853, 3, 780)], -0.2372464728166492, -1.5590349846132188), ([(6853, 3, 695)], -0.7099637532781846, -0.6703931605564502), ([(6853, 2, 30), (8338, 2, 30), (8338, 10, 7830)], -0.80130005, 'xrule'), ([(12936, 10, 7830), (12936, 2, 68), (6853, 2, 68)], -0.80239964, 'xrule'), ([(6853, 2, 30), (14130, 2, 30), (14130, 10, 7830)], -1.0983, 'xrule'), ([(6853, 3, 6867)], -1.2277383234080699, 2755.2265775071646), ([(9644, 10, 7830), (9644, 3, 9), (6853, 3, 9)], -1.8526001, 'xrule'), ([(9548, 10, 7830), (9548, 2, 68), (6853, 2, 68)], -2.4266996, 'xrule'), ([(9644, 10, 7830), (9644, 2, 68), (6853, 2, 68)], -2.9525003, 'xrule')]","(6853, 10, 7830)",4.188182,"[1, 1]",13,"[3.0824833, 3.0914083]",5
2.556216,5.5,"[([(4799, 3, 1595)], 1.2403431513154526, 2.77562372907718), ([(4799, 3, 4812)], 0.4610453073768475, 4.613262112787148), ([(4799, 3, 4809)], 0.2898865154412006, 2.5719683398091373), ([(4799, 2, 266), (22238, 8, 7566), (22238, 2, 266)], -1.1395006, 'xrule'), ([(22238, 3, 254), (22238, 8, 7566), (4799, 3, 254)], -1.4682007, 'xrule'), ([(13828, 2, 266), (4799, 2, 266), (13828, 8, 7566)], -3.3220005, 'xrule'), ([(13828, 8, 7566), (4799, 3, 254), (13828, 3, 254)], -4.3912, 'xrule'), ([(4799, 2, 266), (21405, 2, 266), (21405, 8, 7566)], -4.4076004, 'xrule')]","(4799, 8, 7566)",5.118734,"[8, 3]",8,"[2.488813, 2.623619]",2
3.031177,1.0,"[([(6323, 3, 75), (18604, 10, 7830), (18604, 3, 75)], 2.7284002, 'xrule'), ([(6323, 3, 706)], 2.641436737814142, 0.9334812228381769), ([(22184, 2, 31), (22184, 10, 7830), (6323, 2, 31)], 2.5883007, 'xrule'), ([(8826, 3, 479), (8826, 10, 7830), (6323, 3, 479)], 1.7566004, 'xrule'), ([(6323, 2, 70)], 1.6623822005038225, 1.840557515994989), ([(6323, 3, 9), (8826, 10, 7830), (8826, 3, 9)], 1.6206999, 'xrule'), ([(6323, 3, 1878)], 1.4285050079440078, 10.806668261812108), ([(10456, 2, 31), (6323, 2, 31), (10456, 10, 7830)], 0.7873001, 'xrule'), ([(6323, 3, 279), (8826, 10, 7830), (8826, 3, 279)], 0.4368, 'xrule'), ([(8826, 10, 7830), (8826, 2, 31), (6323, 2, 31)], 0.33600044, 'xrule'), ([(10456, 3, 9), (6323, 3, 9), (10456, 10, 7830)], -0.116799355, 'xrule'), ([(6323, 3, 9), (22184, 10, 7830), (22184, 3, 9)], -0.22429943, 'xrule'), ([(6323, 3, 75), (22184, 3, 75), (22184, 10, 7830)], -0.7142, 'xrule')]","(6323, 10, 7830)",2.9513865,"[1, 1]",13,"[2.9984498, 3.063904]",5
2.5048585,1.0,"[([(19383, 3, 40), (19383, 8, 7410), (6320, 3, 40)], 3.8008995, 'xrule'), ([(22576, 3, 40), (22576, 8, 7410), (6320, 3, 40)], 3.6240997, 'xrule'), ([(19383, 2, 68), (19383, 8, 7410), (6320, 2, 68)], 3.2588997, 'xrule'), ([(22576, 8, 7410), (6320, 2, 28), (22576, 2, 28)], 2.8596, 'xrule'), ([(6320, 3, 7), (19383, 8, 7410), (19383, 3, 7)], 2.8269997, 'xrule'), ([(19383, 3, 78), (19383, 8, 7410), (6320, 3, 78)], 2.7845001, 'xrule'), ([(6320, 3, 7), (23039, 3, 7), (23039, 8, 7410)], 2.4456997, 'xrule'), ([(23039, 8, 7410), (6320, 2, 68), (23039, 2, 68)], 1.9712, 'xrule'), ([(19383, 8, 7410), (6320, 3, 476), (19383, 3, 476)], 1.8641996, 'xrule'), ([(23181, 8, 7410), (6320, 2, 68), (23181, 2, 68)], 1.3772001, 'xrule'), ([(23039, 3, 40), (23039, 8, 7410), (6320, 3, 40)], 0.9598999, 'xrule'), ([(6320, 2, 28)], -0.716946556507566, 1.328065716051213), ([(6320, 3, 1477)], -1.5980433703363999, 2.168255248531872), ([(6320, 3, 40)], -2.6934817536049533, 3.063359070290555)]","(6320, 8, 7410)",4.6576195,"[1, 1]",14,"[2.409352, 2.600365]",4
3.058033,2.5,"[([(15520, 11, 7956), (15520, 3, 39), (7080, 3, 39)], 1.0946007, 'xrule'), ([(25182, 1, 1054), (7080, 1, 1054), (25182, 11, 7956)], 0.7475004, 'xrule'), ([(7080, 3, 7089)], -0.16265769746055317, 73.45942498573122), ([(7080, 3, 519), (24082, 3, 519), (24082, 11, 7956)], -0.17069912, 'xrule'), ([(19548, 3, 39), (7080, 3, 39), (19548, 11, 7956)], -0.51419926, 'xrule'), ([(25182, 3, 39), (7080, 3, 39), (25182, 11, 7956)], -0.5239992, 'xrule'), ([(21405, 11, 7956), (21405, 1, 1054), (7080, 1, 1054)], -0.73119926, 'xrule'), ([(7080, 3, 1259)], -0.804010344401212, 14.309168311531462), ([(19413, 3, 39), (7080, 3, 39), (19413, 11, 7956)], -0.95949936, 'xrule'), ([(24949, 11, 7956), (24949, 3, 39), (7080, 3, 39)], -1.0275993, 'xrule'), ([(7080, 2, 30)], -1.07825750791496, 2771.253835898719), ([(19548, 2, 312), (19548, 11, 7956), (7080, 2, 312)], -1.0784998, 'xrule'), ([(24082, 3, 39), (7080, 3, 39), (24082, 11, 7956)], -2.0948992, 'xrule')]","(7080, 11, 7956)",3.5308044,"[1, 4]",13,"[2.231794, 3.8842716]",4
2.383885,2.5,"[([(4870, 3, 1074)], 3.09888863954293, 4.956846869239183), ([(4870, 3, 892)], 0.8364658829962408, 8.69772035845157), ([(4870, 3, 1101)], 0.6703968494953443, 16982.661592004744)]","(4870, 8, 7566)",5.064227,"[3, 2]",3,"[2.3287983, 2.4389718]",2
3.0456018,3.0,"[([(13224, 11, 7956), (13224, 3, 519), (5533, 3, 519)], 2.9033995, 'xrule'), ([(9011, 11, 7956), (5533, 3, 38), (9011, 3, 38)], 1.3211994, 'xrule'), ([(9011, 11, 7956), (5533, 3, 892), (9011, 3, 892)], 1.1799994, 'xrule'), ([(5533, 3, 663)], 0.6713600605425952, 21636.661807622586), ([(11676, 3, 38), (5533, 3, 38), (11676, 11, 7956)], 0.45049953, 'xrule'), ([(5533, 3, 5541)], -0.15523906501135828, 6.461267976635747), ([(9011, 11, 7956), (9011, 1, 1054), (5533, 1, 1054)], -0.27610016, 'xrule'), ([(13224, 11, 7956), (13224, 1, 1054), (5533, 1, 1054)], -0.48390007, 'xrule'), ([(9011, 11, 7956), (5533, 3, 20), (9011, 3, 20)], -0.55550003, 'xrule'), ([(5533, 3, 352)], -1.550791671109066, 5.174971945665993), ([(13224, 11, 7956), (13224, 2, 709), (5533, 2, 709)], -1.6084003, 'xrule'), ([(8557, 11, 7956), (5533, 3, 20), (8557, 3, 20)], -1.6786003, 'xrule'), ([(9011, 11, 7956), (9011, 2, 709), (5533, 2, 709)], -2.4526005, 'xrule')]","(5533, 11, 7956)",3.551628,"[1, 5]",13,"[2.3611493, 3.7300541]",2
3.189365,1.0,"[([(24026, 10, 7830), (6602, 2, 31), (24026, 2, 31)], 3.8618994, 'xrule'), ([(6602, 1, 65)], 3.466215474330764, 0.9697110486100488), ([(16149, 2, 31), (6602, 2, 31), (16149, 10, 7830)], 3.3631, 'xrule'), ([(6602, 3, 772)], 2.174841989995968, 0.8979674445387152), ([(6602, 3, 40)], 2.1727591650965823, 2.897776453912029), ([(16149, 3, 78), (6602, 3, 78), (16149, 10, 7830)], 1.7289, 'xrule'), ([(18322, 2, 31), (6602, 2, 31), (18322, 10, 7830)], 1.5215998, 'xrule'), ([(23374, 2, 31), (23374, 10, 7830), (6602, 2, 31)], 1.4905996, 'xrule'), ([(6602, 3, 78), (23374, 3, 78), (23374, 10, 7830)], 1.2398996, 'xrule'), ([(14908, 10, 7830), (6602, 2, 31), (14908, 2, 31)], 0.83570004, 'xrule'), ([(25744, 2, 31), (6602, 2, 31), (25744, 10, 7830)], 0.27579975, 'xrule'), ([(13772, 10, 7830), (6602, 2, 31), (13772, 2, 31)], 0.10999966, 'xrule'), ([(6602, 3, 78), (18322, 10, 7830), (18322, 3, 78)], -1.1480999, 'xrule')]","(6602, 10, 7830)",4.149314,"[1, 1]",13,"[3.2119071, 3.166823]",5
3.1388183,2.5,"[([(7499, 3, 7509)], 3.0224883431163017, -22.046420212689025), ([(7499, 3, 279)], 2.4377352160602537, 261.91965990196354), ([(7499, 4, 485)], 2.1978527226889715, 11524.90005650888), ([(21542, 3, 220), (21542, 11, 7956), (7499, 3, 220)], 0.89979935, 'xrule'), ([(7499, 3, 149), (18254, 11, 7956), (18254, 3, 149)], 0.6091995, 'xrule'), ([(12647, 3, 39), (7499, 3, 39), (12647, 11, 7956)], -0.13549995, 'xrule'), ([(22150, 3, 220), (22150, 11, 7956), (7499, 3, 220)], -0.59399986, 'xrule'), ([(24604, 11, 7956), (24604, 3, 39), (7499, 3, 39)], -0.6732006, 'xrule'), ([(22150, 11, 7956), (7499, 3, 39), (22150, 3, 39)], -0.8120003, 'xrule'), ([(12647, 11, 7956), (12647, 3, 220), (7499, 3, 220)], -1.2887001, 'xrule'), ([(25448, 3, 220), (25448, 11, 7956), (7499, 3, 220)], -1.3224001, 'xrule'), ([(21542, 3, 39), (21542, 11, 7956), (7499, 3, 39)], -1.3613005, 'xrule'), ([(25448, 3, 39), (25448, 11, 7956), (7499, 3, 39)], -1.5683002, 'xrule')]","(7499, 11, 7956)",3.4054344,"[1, 4]",13,"[2.5211513, 3.756485]",4
2.5546947,2.0,"[([(5305, 2, 31), (19943, 2, 31), (19943, 8, 7410)], 1.4251003, 'xrule'), ([(5305, 3, 41), (14559, 8, 7410), (14559, 3, 41)], 1.3154001, 'xrule'), ([(5305, 3, 6), (14559, 3, 6), (14559, 8, 7410)], 0.80650043, 'xrule'), ([(14559, 8, 7410), (5305, 2, 172), (14559, 2, 172)], 0.6501999, 'xrule'), ([(23608, 8, 7410), (5305, 2, 31), (23608, 2, 31)], 0.625, 'xrule'), ([(5305, 2, 31), (14559, 2, 31), (14559, 8, 7410)], 0.5689001, 'xrule'), ([(5305, 2, 31), (16573, 8, 7410), (16573, 2, 31)], 0.21110058, 'xrule'), ([(5305, 2, 30)], 0.03610424229804965, 4.509025070230576), ([(5305, 3, 6)], -0.09006782337601348, 3.4774982436775046), ([(19943, 8, 7410), (5305, 2, 172), (19943, 2, 172)], -0.18270016, 'xrule'), ([(5305, 3, 772)], -0.3089770861306231, 6.423364430160977), ([(23816, 3, 6), (23816, 8, 7410), (5305, 3, 6)], -1.4952993, 'xrule'), ([(5305, 2, 30), (14559, 2, 30), (14559, 8, 7410)], -2.2919998, 'xrule')]","(5305, 8, 7410)",5.182078,"[3, 1]",13,"[2.4467988, 2.6625903]",3
2.3668733,1.0,"[([(6766, 3, 476)], -0.717826797857299, 1.3278717062435692), ([(6766, 2, 30)], -1.5961007358501489, 1.1685272865759497), ([(6766, 3, 1417)], -2.692058394889757, 3.063443591611817)]","(6766, 8, 7410)",4.9720592,"[1, 1]",3,"[2.2320771, 2.5016696]",4
2.714847,5.0,"[([(6730, 3, 10), (25390, 8, 7408), (25390, 3, 10)], 5.3201, 'xrule'), ([(8161, 8, 7408), (6730, 3, 78), (8161, 3, 78)], 3.3126001, 'xrule'), ([(6730, 3, 78), (25390, 8, 7408), (25390, 3, 78)], 2.6963005, 'xrule'), ([(6730, 3, 9), (25390, 3, 9), (25390, 8, 7408)], 2.6763, 'xrule'), ([(6730, 3, 10), (21364, 3, 10), (21364, 8, 7408)], 2.3844004, 'xrule'), ([(6730, 3, 78), (21297, 8, 7408), (21297, 3, 78)], 2.2717, 'xrule'), ([(6730, 3, 6738)], 2.2658249122772247, 6.906006835976342), ([(6730, 3, 9), (21364, 8, 7408), (21364, 3, 9)], 1.4723997, 'xrule'), ([(6730, 3, 9), (21297, 3, 9), (21297, 8, 7408)], 1.1025, 'xrule'), ([(6730, 2, 31)], 0.8803172594290776, 9.706887950724767), ([(6730, 2, 309)], 0.6631637065390775, 13857.659970702744), ([(21364, 8, 7408), (6730, 3, 78), (21364, 3, 78)], 0.19089985, 'xrule'), ([(6730, 3, 10), (15227, 3, 10), (15227, 8, 7408)], 0.15280056, 'xrule')]","(6730, 8, 7408)",5.244982,"[5, 5]",13,"[2.6619763, 2.7677176]",1
2.4725108,2.0,"[([(18068, 2, 31), (18068, 8, 7427), (6162, 2, 31)], 4.5158005, 'xrule'), ([(24564, 8, 7427), (6162, 2, 31), (24564, 2, 31)], 3.7647, 'xrule'), ([(24564, 8, 7427), (6162, 3, 346), (24564, 3, 346)], 3.4568996, 'xrule'), ([(22396, 2, 31), (22396, 8, 7427), (6162, 2, 31)], 2.8603, 'xrule'), ([(17289, 8, 7427), (6162, 2, 31), (17289, 2, 31)], 2.1882, 'xrule'), ([(15654, 8, 7427), (6162, 2, 31), (15654, 2, 31)], 1.6026993, 'xrule'), ([(25180, 2, 31), (25180, 8, 7427), (6162, 2, 31)], 1.5489998, 'xrule'), ([(6162, 2, 2011)], 1.5134306630545158, 132.81956906451776), ([(6162, 2, 31), (10273, 8, 7427), (10273, 2, 31)], 1.3316994, 'xrule'), ([(22515, 8, 7427), (22515, 2, 31), (6162, 2, 31)], 1.1201992, 'xrule'), ([(6162, 3, 2770)], 0.3697166856995778, 108.59139050792878), ([(6162, 2, 31), (7426, 2, 31), (7426, 8, 7427)], 0.15499973, 'xrule'), ([(6162, 3, 1517)], 0.1381359502340184, 23.53447916866354), ([(21386, 8, 7427), (21386, 2, 31), (6162, 2, 31)], -0.074700356, 'xrule')]","(6162, 8, 7427)",5.207631,"[1, 3]",14,"[2.353819, 2.5912027]",6
4.0819635,1.5,"[([(19666, 3, 651), (19666, 12, 4492), (7536, 3, 651)], 0.5738001, 'xrule'), ([(10558, 8, 7393), (7536, 8, 7393), (10558, 12, 4492)], 0.5507002, 'xrule'), ([(19666, 2, 68), (7536, 2, 68), (19666, 12, 4492)], 0.51329994, 'xrule'), ([(19666, 3, 37), (19666, 12, 4492), (7536, 3, 37)], 0.41469955, 'xrule'), ([(11978, 12, 4492), (7536, 2, 68), (11978, 2, 68)], 0.37110043, 'xrule'), ([(7536, 8, 7393)], 0.0685158176067571, 21625.51712224668), ([(7536, 2, 68)], -0.18645473260995724, 22538.45352088416), ([(18840, 2, 68), (18840, 12, 4492), (7536, 2, 68)], -0.30819988, 'xrule'), ([(7536, 3, 1839)], -0.8088225849103398, 13220.308141442449), ([(10558, 12, 4492), (7536, 2, 68), (10558, 2, 68)], -1.1049995, 'xrule'), ([(19666, 3, 1839), (19666, 12, 4492), (7536, 3, 1839)], -1.2325001, 'xrule'), ([(10558, 2, 30), (10558, 12, 4492), (7536, 2, 30)], -1.9581003, 'xrule'), ([(11978, 12, 4492), (11978, 2, 30), (7536, 2, 30)], -2.9888, 'xrule')]","(7536, 12, 4492)",2.8666697,"[1, 2]",13,"[4.5824575, 3.58147]",5
2.3143024,3.5,"[([(5041, 3, 370)], 1.0415993255262712, 7.73915846912551), ([(5041, 2, 312)], 1.0022469075921794, 6.731500108059247), ([(5041, 3, 5050)], 0.6830110998561977, 5.664410402005614), ([(5041, 2, 68), (24600, 8, 7427), (24600, 2, 68)], 0.6140003, 'xrule'), ([(5041, 3, 6), (14100, 3, 6), (14100, 8, 7427)], 0.4918003, 'xrule'), ([(5041, 2, 68), (18043, 2, 68), (18043, 8, 7427)], -0.17809963, 'xrule'), ([(5041, 2, 68), (24326, 2, 68), (24326, 8, 7427)], -0.59979916, 'xrule'), ([(5041, 3, 78), (24326, 3, 78), (24326, 8, 7427)], -1.3105993, 'xrule'), ([(5041, 2, 68), (7788, 8, 7427), (7788, 2, 68)], -1.3501997, 'xrule'), ([(5041, 3, 78), (18043, 3, 78), (18043, 8, 7427)], -1.9567995, 'xrule'), ([(5041, 3, 78), (24600, 8, 7427), (24600, 3, 78)], -2.3076992, 'xrule'), ([(25768, 8, 7427), (5041, 3, 6), (25768, 3, 6)], -2.3680992, 'xrule'), ([(24326, 8, 7427), (5041, 3, 47), (24326, 3, 47)], -3.0955992, 'xrule')]","(5041, 8, 7427)",4.879652,"[3, 4]",13,"[2.1892903, 2.4393144]",11
3.2675993,2.5,"[([(6822, 2, 30), (13441, 11, 7869), (13441, 2, 30)], 2.4862003, 'xrule'), ([(6822, 3, 40), (11565, 3, 40), (11565, 11, 7869)], 1.8781004, 'xrule'), ([(9576, 11, 7869), (9576, 3, 39), (6822, 3, 39)], 1.8121996, 'xrule'), ([(6822, 3, 10)], 1.5769835223131734, 6.828776876849502), ([(6822, 2, 728)], 1.391356530916721, -1.1991912927228447), ([(6822, 3, 40), (9576, 3, 40), (9576, 11, 7869)], 1.0174999, 'xrule'), ([(6822, 4, 66), (9608, 4, 66), (9608, 11, 7869)], 0.8625002, 'xrule'), ([(11565, 3, 6), (11565, 11, 7869), (6822, 3, 6)], 0.77320004, 'xrule'), ([(6822, 2, 30), (11565, 2, 30), (11565, 11, 7869)], 0.6227999, 'xrule'), ([(6822, 4, 66), (11565, 4, 66), (11565, 11, 7869)], 0.35289955, 'xrule'), ([(9576, 11, 7869), (9576, 3, 6), (6822, 3, 6)], -0.0036001205, 'xrule'), ([(6822, 3, 9)], -0.18402238626895806, 8.454123783988424), ([(6822, 3, 40), (10240, 3, 40), (10240, 11, 7869)], -0.4347, 'xrule'), ([(6822, 2, 30), (9576, 11, 7869), (9576, 2, 30)], -0.8731003, 'xrule')]","(6822, 11, 7869)",3.2896733,"[3, 2]",14,"[2.7630749, 3.7721238]",2
3.135461,2.5,"[([(7769, 8, 7409)], 3.023505913876622, -20.046375190331805), ([(7769, 3, 39)], 2.438581125374522, 244.919722380255), ([(7769, 2, 68)], 2.198203674804132, 11118.900088074275)]","(7769, 11, 7956)",3.0966597,"[1, 4]",3,"[2.383662, 3.8872602]",3
3.1814246,2.5,"[([(10914, 1, 65), (7469, 1, 65), (10914, 11, 7956)], 2.0503998, 'xrule'), ([(7469, 8, 7429), (25281, 11, 7956), (25281, 8, 7429)], 1.7313995, 'xrule'), ([(7469, 8, 7409), (20274, 8, 7409), (20274, 11, 7956)], 1.6100998, 'xrule'), ([(20775, 11, 7956), (20775, 1, 65), (7469, 1, 65)], 1.5579004, 'xrule'), ([(7469, 3, 91), (9096, 11, 7956), (9096, 3, 91)], 1.3329, 'xrule'), ([(7469, 8, 7429), (20274, 11, 7956), (20274, 8, 7429)], 0.9207001, 'xrule'), ([(7469, 3, 368)], 0.677288100209577, 21591.663133150952), ([(9096, 8, 7411), (9096, 11, 7956), (7469, 8, 7411)], 0.13099957, 'xrule'), ([(7469, 3, 91), (20274, 3, 91), (20274, 11, 7956)], -0.079099655, 'xrule'), ([(7469, 3, 325)], -0.15297408848819885, 6.461830872052696), ([(9096, 11, 7956), (9096, 1, 65), (7469, 1, 65)], -0.7266998, 'xrule'), ([(7469, 4, 169)], -1.5459579730530089, 6.175670819337267)]","(7469, 11, 7956)",3.213222,"[1, 4]",12,"[2.469659, 3.8931904]",5
2.3487046,1.5,"[([(5110, 3, 5113)], 1.5596152048353784, -0.1737018795496026), ([(5110, 3, 5114)], 1.0882845455281314, 0.7480585427301992), ([(5110, 1, 65)], -0.6498298201132009, 0.34302787799626416)]","(5110, 8, 7410)",4.852529,"[2, 1]",3,"[2.1756425, 2.5217667]",3
3.0682774,1.0,"[([(6766, 5, 6767)], 3.4636434139162997, 0.9696354119444964), ([(6766, 3, 78)], 2.176001658067253, 2.8980736465113734), ([(6766, 1, 65)], 2.174961199279224, 0.8979783662037295)]","(6766, 10, 7830)",3.4640522,"[1, 1]",3,"[3.0169687, 3.119586]",5
2.9759488,3.0,"[([(7838, 3, 1492)], 2.3734866471645453, -1.0852169544252253), ([(7838, 2, 68)], 0.8683004859277882, -0.2956080685347393), ([(7838, 3, 1005)], -0.6228646791806722, 2.3491301955613793)]","(7838, 11, 7956)",3.4227931,"[1, 5]",3,"[2.2444267, 3.7074711]",2
3.2495363,1.0,"[([(22707, 10, 7830), (5770, 2, 31), (22707, 2, 31)], 3.1166, 'xrule'), ([(5770, 2, 789)], 2.476544520034135, 22124.92248104779), ([(13240, 10, 7830), (5770, 2, 31), (13240, 2, 31)], 2.3916006, 'xrule'), ([(14712, 10, 7830), (5770, 3, 58), (14712, 3, 58)], 2.3303003, 'xrule'), ([(14712, 10, 7830), (5770, 3, 41), (14712, 3, 41)], 1.9189005, 'xrule'), ([(5770, 3, 5775)], 1.7426825358074765, 82.85102746692931), ([(5770, 3, 7)], 0.9914293795905244, 7.729370149112277), ([(19622, 2, 31), (5770, 2, 31), (19622, 10, 7830)], 0.89570045, 'xrule'), ([(8287, 10, 7830), (5770, 2, 31), (8287, 2, 31)], 0.8455, 'xrule'), ([(8416, 10, 7830), (5770, 2, 31), (8416, 2, 31)], 0.77750015, 'xrule'), ([(14712, 10, 7830), (5770, 2, 31), (14712, 2, 31)], 0.34420013, 'xrule'), ([(5770, 2, 31), (14377, 2, 31), (14377, 10, 7830)], 0.19890022, 'xrule'), ([(13240, 10, 7830), (5770, 3, 772), (13240, 3, 772)], -0.10319996, 'xrule')]","(5770, 10, 7830)",4.1098666,"[1, 1]",13,"[3.140941, 3.3581316]",5
3.8225918,7.0,"[([(7236, 3, 39), (11127, 3, 39), (11127, 9, 7903)], 3.4614, 'xrule'), ([(16201, 9, 7903), (16201, 3, 418), (7236, 3, 418)], 3.0853996, 'xrule'), ([(7236, 3, 39), (12767, 3, 39), (12767, 9, 7903)], 2.7502995, 'xrule'), ([(7236, 3, 39), (15410, 3, 39), (15410, 9, 7903)], 2.7466002, 'xrule'), ([(9737, 9, 7903), (7236, 3, 418), (9737, 3, 418)], 2.071, 'xrule'), ([(7236, 3, 39), (10198, 3, 39), (10198, 9, 7903)], 1.6159, 'xrule'), ([(10198, 3, 149), (7236, 3, 149), (10198, 9, 7903)], 1.3928003, 'xrule'), ([(7236, 3, 39), (16201, 3, 39), (16201, 9, 7903)], 1.2747002, 'xrule'), ([(7236, 3, 39), (15964, 3, 39), (15964, 9, 7903)], 1.0016994, 'xrule'), ([(7236, 3, 40)], 0.5537701084431279, 4984.635009831839), ([(7236, 3, 220)], -0.025422056268989225, 16430.493644818205), ([(16201, 9, 7903), (7236, 3, 149), (16201, 3, 149)], -0.71640015, 'xrule'), ([(7236, 3, 748)], -0.7192325137974848, 17179.32756200101)]","(7236, 9, 7903)",2.871933,"[7, 7]",13,"[3.7893438, 3.8558397]",9
3.1746616,2.5,"[([(5920, 3, 74)], -0.15624709873712359, 73.46101749022026), ([(5920, 3, 532)], -0.7973737249847483, 14.310587574673782), ([(5920, 3, 74), (13851, 3, 74), (13851, 11, 7956)], -0.8361006, 'xrule'), ([(5920, 3, 5925)], -1.0756596991441005, 2692.2543282466904), ([(24085, 11, 7956), (24085, 3, 39), (5920, 3, 39)], -1.1548004, 'xrule'), ([(5920, 3, 74), (19418, 3, 74), (19418, 11, 7956)], -1.1728001, 'xrule'), ([(18840, 3, 279), (5920, 3, 279), (18840, 11, 7956)], -1.2807999, 'xrule'), ([(18334, 3, 39), (18334, 11, 7956), (5920, 3, 39)], -1.3383999, 'xrule'), ([(5920, 3, 74), (25366, 3, 74), (25366, 11, 7956)], -1.7735004, 'xrule'), ([(18840, 2, 68), (5920, 2, 68), (18840, 11, 7956)], -1.9714003, 'xrule'), ([(13851, 3, 748), (13851, 11, 7956), (5920, 3, 748)], -2.7540998, 'xrule'), ([(19418, 3, 218), (19418, 11, 7956), (5920, 3, 218)], -2.8881998, 'xrule'), ([(18840, 11, 7956), (18840, 3, 39), (5920, 3, 39)], -3.6201, 'xrule')]","(5920, 11, 7956)",3.3415859,"[1, 4]",13,"[2.3999605, 3.9493628]",3
2.4175477,2.0,"[([(6492, 3, 41)], 1.5139103612202938, -0.18036001069354624), ([(6492, 2, 68)], 1.0778904488983376, 0.7460945528306208), ([(6492, 3, 3448)], -0.6786317377782409, 2.33656674293862)]","(6492, 8, 7429)",5.1737347,"[1, 3]",3,"[2.215137, 2.6199584]",1
3.2865853,2.5,"[([(12557, 3, 40), (6300, 3, 40), (12557, 11, 7869)], 2.4836006, 'xrule'), ([(10240, 3, 40), (6300, 3, 40), (10240, 11, 7869)], 1.8845005, 'xrule'), ([(6300, 2, 31), (11925, 2, 31), (11925, 11, 7869)], 1.8048, 'xrule'), ([(6300, 2, 68)], 1.5756712663730637, 6.828590579828436), ([(6300, 3, 6304)], 1.383820596187257, -1.200396106146251), ([(11925, 3, 41), (6300, 3, 41), (11925, 11, 7869)], 1.0160007, 'xrule'), ([(15494, 3, 40), (6300, 3, 40), (15494, 11, 7869)], 0.85890007, 'xrule'), ([(6300, 2, 31), (11192, 11, 7869), (11192, 2, 31)], 0.7772007, 'xrule'), ([(11192, 3, 10), (11192, 11, 7869), (6300, 3, 10)], 0.61880016, 'xrule'), ([(6300, 3, 41), (11192, 11, 7869), (11192, 3, 41)], 0.35249996, 'xrule'), ([(11925, 11, 7869), (11925, 3, 10), (6300, 3, 10)], -0.009399414, 'xrule'), ([(6300, 1, 168)], -0.18223377007752833, 8.454567209930348), ([(11925, 3, 40), (6300, 3, 40), (11925, 11, 7869)], -0.4336996, 'xrule'), ([(10240, 2, 31), (6300, 2, 31), (10240, 11, 7869)], -0.8803997, 'xrule')]","(6300, 11, 7869)",3.1339943,"[3, 2]",14,"[2.717574, 3.8555965]",2
3.333762,1.5,"[([(5067, 3, 5070)], 3.0237305042686833, -22.046365258942668), ([(5067, 3, 4064)], 2.442912237607314, 270.92004157901636), ([(5067, 3, 40)], 2.198107830641759, 11460.900079454714)]","(5067, 11, 7956)",3.9591098,"[1, 2]",3,"[2.5762415, 4.0912824]",2
2.5457587,1.5,"[([(5781, 3, 2977)], 1.8468857661605387, 0.8637610314581767), ([(5781, 2, 131), (17094, 8, 7410), (17094, 2, 131)], 1.6019001, 'xrule'), ([(14788, 8, 7410), (5781, 2, 31), (14788, 2, 31)], 1.4958, 'xrule'), ([(5781, 2, 31), (22405, 2, 31), (22405, 8, 7410)], 1.1513996, 'xrule'), ([(5781, 3, 434)], 0.9522495767382819, 1.7215673509662697), ([(5781, 2, 31), (21960, 2, 31), (21960, 8, 7410)], 0.6595001, 'xrule'), ([(5781, 2, 31), (11569, 2, 31), (11569, 8, 7410)], 0.1743002, 'xrule'), ([(17094, 2, 31), (17094, 8, 7410), (5781, 2, 31)], -0.55130005, 'xrule'), ([(5781, 3, 41)], -0.6580199750645074, 1.3411845268468414), ([(5781, 2, 131), (20003, 8, 7410), (20003, 2, 131)], -0.7023001, 'xrule'), ([(5781, 2, 31), (20003, 8, 7410), (20003, 2, 31)], -0.73840046, 'xrule'), ([(5781, 2, 31), (21828, 2, 31), (21828, 8, 7410)], -1.1042004, 'xrule'), ([(5781, 2, 31), (16162, 8, 7410), (16162, 2, 31)], -1.2364998, 'xrule')]","(5781, 8, 7410)",5.775256,"[2, 1]",13,"[2.5075405, 2.5839772]",3
2.4062483,3.0,"[([(15219, 8, 7408), (4870, 2, 31), (15219, 2, 31)], 1.8508997, 'xrule'), ([(4870, 3, 88)], 1.5315218656048863, 153.82222886220399), ([(4870, 3, 1074)], 0.36509613354444725, 77.59027349210311), ([(4870, 2, 888)], 0.06895355413676248, 8.5172315516563), ([(4870, 3, 10), (15219, 3, 10), (15219, 8, 7408)], 0.011799812, 'xrule'), ([(4870, 3, 149), (20789, 8, 7408), (20789, 3, 149)], -0.16090012, 'xrule'), ([(4870, 3, 10), (17883, 8, 7408), (17883, 3, 10)], -0.4151001, 'xrule'), ([(17883, 8, 7408), (17883, 2, 31), (4870, 2, 31)], -0.7055998, 'xrule'), ([(20789, 2, 31), (20789, 8, 7408), (4870, 2, 31)], -0.7536001, 'xrule'), ([(4870, 3, 149), (15219, 3, 149), (15219, 8, 7408)], -1.2213001, 'xrule'), ([(4870, 3, 149), (23195, 3, 149), (23195, 8, 7408)], -1.9626999, 'xrule'), ([(9688, 8, 7408), (9688, 2, 31), (4870, 2, 31)], -3.1622, 'xrule'), ([(23195, 8, 7408), (4870, 2, 31), (23195, 2, 31)], -6.4344997, 'xrule')]","(4870, 8, 7408)",5.1319237,"[3, 3]",13,"[2.3326998, 2.479797]",2
3.2094135,1.0,"[([(6373, 3, 6377)], 2.6410304725695064, 0.9334559917481755), ([(6373, 2, 68), (23552, 10, 7830), (23552, 2, 68)], 2.3731995, 'xrule'), ([(23374, 10, 7830), (23374, 3, 10), (6373, 3, 10)], 1.8639002, 'xrule'), ([(6373, 3, 166)], 1.660406187193021, 2.84029251131775), ([(6373, 2, 4244)], 1.4312153504946772, 10.8070906008197), ([(25548, 10, 7830), (6373, 3, 10), (25548, 3, 10)], 0.35459995, 'xrule'), ([(23374, 10, 7830), (23374, 3, 9), (6373, 3, 9)], 0.24720001, 'xrule'), ([(23552, 10, 7830), (23552, 3, 9), (6373, 3, 9)], -0.06099987, 'xrule'), ([(6373, 3, 731), (23552, 10, 7830), (23552, 3, 731)], -0.2453003, 'xrule'), ([(6373, 2, 68), (22843, 10, 7830), (22843, 2, 68)], -0.84380054, 'xrule'), ([(23552, 10, 7830), (23552, 3, 10), (6373, 3, 10)], -1.2153997, 'xrule'), ([(6373, 2, 68), (23374, 10, 7830), (23374, 2, 68)], -1.3762999, 'xrule'), ([(6373, 2, 68), (17302, 10, 7830), (17302, 2, 68)], -1.9049006, 'xrule')]","(6373, 10, 7830)",4.1042304,"[1, 1]",13,"[3.1408565, 3.2779708]",5
3.4666083,3.0,"[([(5107, 3, 10), (21088, 3, 10), (21088, 11, 7869)], 1.3827, 'xrule'), ([(5107, 2, 68), (13761, 2, 68), (13761, 11, 7869)], 1.2793007, 'xrule'), ([(5107, 3, 506)], 0.9749861266399585, 31.726112212228717), ([(5107, 3, 1061), (21088, 3, 1061), (21088, 11, 7869)], 0.83820057, 'xrule'), ([(5107, 3, 1061)], 0.35341553044954227, 3498.5874455803882), ([(5107, 3, 6)], 0.28449444085916015, 1843.5706477398296), ([(5107, 2, 68), (23513, 11, 7869), (23513, 2, 68)], -0.028899193, 'xrule'), ([(5107, 3, 10), (11759, 3, 10), (11759, 11, 7869)], -0.6499996, 'xrule'), ([(5107, 2, 68), (11759, 2, 68), (11759, 11, 7869)], -0.89979935, 'xrule'), ([(5107, 2, 68), (21088, 2, 68), (21088, 11, 7869)], -1.3869991, 'xrule'), ([(5107, 3, 149), (11759, 3, 149), (11759, 11, 7869)], -1.4031, 'xrule'), ([(5107, 3, 149), (21088, 3, 149), (21088, 11, 7869)], -2.1168995, 'xrule'), ([(5107, 3, 10), (23513, 11, 7869), (23513, 3, 10)], -2.5527, 'xrule')]","(5107, 11, 7869)",3.9894578,"[4, 2]",13,"[3.0628114, 3.8704052]",4
4.018072,1.0,"[([(7628, 3, 40)], 1.8371935734113911, 16993.8626164481), ([(7628, 3, 20)], 0.14740852562371112, 16833.536785535252), ([(7628, 3, 38)], 0.11709789474757638, 18188.529241058728)]","(7628, 12, 4492)",2.7237372,"[1, 1]",3,"[4.548191, 3.4879532]",3
3.0965457,1.0,"[([(8476, 10, 7830), (8476, 2, 31), (7201, 2, 31)], 2.3393002, 'xrule'), ([(10755, 10, 7830), (7201, 3, 75), (10755, 3, 75)], 1.3015003, 'xrule'), ([(14936, 10, 7830), (7201, 3, 75), (14936, 3, 75)], 0.50580025, 'xrule'), ([(7201, 3, 7212)], -0.24033637757407517, -1.559796552566049), ([(11697, 10, 7830), (11697, 2, 31), (7201, 2, 31)], -0.27769947, 'xrule'), ([(9105, 10, 7830), (7201, 3, 75), (9105, 3, 75)], -0.30889988, 'xrule'), ([(7201, 3, 7203)], -0.7075032735837706, -0.6698492500111883), ([(9105, 10, 7830), (7201, 4, 66), (9105, 4, 66)], -1.1243, 'xrule'), ([(10456, 2, 31), (7201, 2, 31), (10456, 10, 7830)], -1.1760998, 'xrule'), ([(7201, 3, 2279)], -1.2254475977434014, 2622.2269791856693), ([(12537, 2, 31), (12537, 10, 7830), (7201, 2, 31)], -1.3650999, 'xrule'), ([(11697, 10, 7830), (11697, 1, 168), (7201, 1, 168)], -1.5121994, 'xrule'), ([(11697, 10, 7830), (7201, 4, 66), (11697, 4, 66)], -2.5985994, 'xrule')]","(7201, 10, 7830)",2.8545017,"[1, 1]",13,"[3.0905392, 3.1025524]",4
3.0186157,3.0,"[([(22917, 2, 31), (22917, 11, 7956), (6983, 2, 31)], 3.4040003, 'xrule'), ([(19447, 3, 40), (19447, 11, 7956), (6983, 3, 40)], 2.9365005, 'xrule'), ([(6983, 3, 2751)], 2.016288853827226, 34.882496713086134), ([(20431, 2, 31), (6983, 2, 31), (20431, 11, 7956)], 1.7802, 'xrule'), ([(6983, 3, 1289)], 1.5838356726131522, 23443.82974704701), ([(24494, 11, 7956), (24494, 3, 40), (6983, 3, 40)], 1.0809002, 'xrule'), ([(6983, 2, 31)], 0.781577156695171, 14811.686019917737), ([(15851, 11, 7956), (6983, 2, 31), (15851, 2, 31)], 0.5755005, 'xrule'), ([(15851, 11, 7956), (6983, 3, 40), (15851, 3, 40)], 0.35690022, 'xrule'), ([(22917, 3, 40), (22917, 11, 7956), (6983, 3, 40)], 0.02230072, 'xrule'), ([(19447, 2, 31), (19447, 11, 7956), (6983, 2, 31)], -0.3863001, 'xrule'), ([(6983, 2, 31), (13240, 2, 31), (13240, 11, 7956)], -0.8621998, 'xrule'), ([(13240, 3, 40), (6983, 3, 40), (13240, 11, 7956)], -0.9726, 'xrule'), ([(17455, 11, 7956), (6983, 3, 40), (17455, 3, 40)], -1.0972996, 'xrule')]","(6983, 11, 7956)",2.8960073,"[1, 5]",14,"[2.2116075, 3.8256242]",2
3.6162872,3.0,"[([(24889, 1, 65), (24889, 11, 7956), (5558, 1, 65)], 3.4560003, 'xrule'), ([(17729, 11, 7956), (17729, 2, 31), (5558, 2, 31)], 2.5537996, 'xrule'), ([(24889, 2, 31), (24889, 11, 7956), (5558, 2, 31)], 1.2226, 'xrule'), ([(5558, 4, 169), (18921, 11, 7956), (18921, 4, 169)], 1.0225, 'xrule'), ([(5558, 2, 2083)], 0.8846769816242911, 18124.707790458244), ([(18842, 2, 31), (18842, 11, 7956), (5558, 2, 31)], 0.38010025, 'xrule'), ([(18921, 11, 7956), (5558, 1, 65), (18921, 1, 65)], 0.33780003, 'xrule'), ([(25461, 2, 31), (25461, 11, 7956), (5558, 2, 31)], 0.11769962, 'xrule'), ([(25461, 11, 7956), (5558, 1, 65), (25461, 1, 65)], -0.5664997, 'xrule'), ([(18921, 2, 31), (18921, 11, 7956), (5558, 2, 31)], -0.64050007, 'xrule'), ([(5558, 3, 5561)], -1.4795293146082031, 2.185498514066559), ([(24469, 11, 7956), (5558, 1, 65), (24469, 1, 65)], -1.6471996, 'xrule'), ([(5558, 3, 9)], -1.9816321387126945, 2.121144948465907)]","(5558, 11, 7956)",4.1423807,"[1, 5]",13,"[2.8806973, 4.351877]",5
2.3561766,1.5,"[([(23558, 2, 68), (4870, 2, 68), (23558, 8, 7410)], 4.4855995, 'xrule'), ([(17655, 8, 7410), (4870, 2, 68), (17655, 2, 68)], 1.1954994, 'xrule'), ([(4870, 3, 20)], 1.0697269965656357, -0.25545501534723747), ([(22946, 8, 7410), (22946, 3, 7), (4870, 3, 7)], 0.90499973, 'xrule'), ([(22137, 8, 7410), (4870, 2, 68), (22137, 2, 68)], 0.7781, 'xrule'), ([(22946, 2, 68), (4870, 2, 68), (22946, 8, 7410)], 0.6747999, 'xrule'), ([(23558, 2, 172), (23558, 8, 7410), (4870, 2, 172)], 0.114500046, 'xrule'), ([(19795, 2, 68), (4870, 2, 68), (19795, 8, 7410)], 0.11079979, 'xrule'), ([(24668, 8, 7410), (24668, 3, 7), (4870, 3, 7)], -0.09000015, 'xrule'), ([(4870, 2, 30)], -0.8850316518092677, 0.29213617317820095), ([(4870, 2, 888)], -1.0573939754465747, 0.2578077742653002), ([(4870, 2, 68), (16149, 8, 7410), (16149, 2, 68)], -1.2788, 'xrule'), ([(24668, 8, 7410), (24668, 2, 172), (4870, 2, 172)], -1.7169008, 'xrule')]","(4870, 8, 7410)",5.1274643,"[2, 1]",13,"[2.2882795, 2.4240737]",2
3.258863,2.5,"[([(5073, 3, 176)], 0.25635723365133173, 4.5637405992462945), ([(5073, 3, 5076)], 0.20017151103836328, 17167.549876438774), ([(5073, 3, 6)], -0.3388471191985186, 4.416089542752985)]","(5073, 11, 7956)",3.7088525,"[1, 4]",3,"[2.4629357, 4.0547905]",5
3.2763853,1.0,"[([(7125, 3, 0)], 2.4017955185909856, 0.9169641083436051), ([(7125, 3, 479)], 1.340221465863982, 257.79252634905856), ([(7125, 3, 219)], -0.051214178129843524, 3.48719924326407), ([(25427, 10, 7830), (7125, 4, 66), (25427, 4, 66)], -0.24769974, 'xrule'), ([(20213, 3, 9), (7125, 3, 9), (20213, 10, 7830)], -0.6588993, 'xrule'), ([(20213, 10, 7830), (20213, 4, 66), (7125, 4, 66)], -0.68589973, 'xrule'), ([(20213, 3, 476), (7125, 3, 476), (20213, 10, 7830)], -1.4179993, 'xrule'), ([(25427, 10, 7830), (7125, 3, 2593), (25427, 3, 2593)], -1.9954996, 'xrule'), ([(25427, 10, 7830), (25427, 3, 476), (7125, 3, 476)], -2.1056995, 'xrule'), ([(20213, 10, 7830), (20213, 2, 31), (7125, 2, 31)], -2.1304998, 'xrule'), ([(20213, 10, 7830), (20213, 3, 40), (7125, 3, 40)], -2.8457994, 'xrule'), ([(20213, 10, 7830), (20213, 2, 172), (7125, 2, 172)], -3.2136993, 'xrule'), ([(20213, 10, 7830), (20213, 2, 68), (7125, 2, 68)], -3.6034994, 'xrule')]","(7125, 10, 7830)",4.007418,"[1, 1]",13,"[3.2787468, 3.274024]",5
3.1242242,1.0,"[([(5269, 3, 220), (25362, 10, 7830), (25362, 3, 220)], 3.6692, 'xrule'), ([(5269, 3, 46)], 2.4792701215463437, 22089.922675730588), ([(5269, 3, 220), (25687, 10, 7830), (25687, 3, 220)], 2.0109997, 'xrule'), ([(5269, 2, 266)], 1.7456885174454422, 76.85140816241794), ([(5269, 3, 75), (25526, 3, 75), (25526, 10, 7830)], 1.2973003, 'xrule'), ([(24469, 2, 266), (24469, 10, 7830), (5269, 2, 266)], 1.2062998, 'xrule'), ([(5269, 3, 220), (25526, 3, 220), (25526, 10, 7830)], 1.1067, 'xrule'), ([(5269, 4, 66)], 0.9960623295096475, 7.7302836715985555), ([(5269, 3, 220), (24469, 10, 7830), (24469, 3, 220)], 0.87730026, 'xrule'), ([(25526, 3, 38), (5269, 3, 38), (25526, 10, 7830)], 0.4793005, 'xrule'), ([(24469, 3, 891), (5269, 3, 891), (24469, 10, 7830)], 0.24370003, 'xrule'), ([(25526, 3, 55), (5269, 3, 55), (25526, 10, 7830)], -0.7062998, 'xrule'), ([(25687, 10, 7830), (5269, 3, 75), (25687, 3, 75)], -1.4642, 'xrule')]","(5269, 10, 7830)",3.974818,"[1, 1]",13,"[3.1373262, 3.1111221]",5
3.0420673,1.0,"[([(6383, 2, 68)], 3.4697841247515555, 0.9698156897885377), ([(6383, 3, 3058)], 2.181833376959108, 2.8986062288173846), ([(6383, 3, 56)], 2.1776152750605453, 0.8982212579172075), ([(6383, 2, 812), (25765, 10, 7830), (25765, 2, 812)], 0.77420044, 'xrule'), ([(23409, 3, 220), (6383, 3, 220), (23409, 10, 7830)], -0.53609943, 'xrule'), ([(23409, 2, 31), (6383, 2, 31), (23409, 10, 7830)], -1.2714996, 'xrule'), ([(10608, 10, 7830), (6383, 2, 31), (10608, 2, 31)], -1.6518002, 'xrule'), ([(10608, 10, 7830), (6383, 3, 56), (10608, 3, 56)], -1.7473001, 'xrule'), ([(6383, 2, 31), (15177, 2, 31), (15177, 10, 7830)], -1.7863998, 'xrule'), ([(19179, 3, 220), (19179, 10, 7830), (6383, 3, 220)], -1.9267998, 'xrule'), ([(20589, 2, 31), (6383, 2, 31), (20589, 10, 7830)], -2.5264997, 'xrule'), ([(10608, 10, 7830), (6383, 2, 729), (10608, 2, 729)], -2.8183994, 'xrule'), ([(25765, 2, 31), (6383, 2, 31), (25765, 10, 7830)], -3.3474998, 'xrule'), ([(19179, 2, 31), (6383, 2, 31), (19179, 10, 7830)], -3.3772001, 'xrule')]","(6383, 10, 7830)",2.8969355,"[1, 1]",14,"[3.0103657, 3.0737689]",4
2.9999642,1.0,"[([(5380, 2, 172)], 2.6401530921262673, 0.9334014717431841), ([(23193, 10, 7830), (23193, 3, 476), (5380, 3, 476)], 1.6871004, 'xrule'), ([(5380, 3, 6)], 1.662571981660388, 2.8405829489358414), ([(5380, 3, 476)], 1.4283972427788612, 10.80665145478083), ([(17014, 10, 7830), (5380, 3, 39), (17014, 3, 39)], 0.59920025, 'xrule'), ([(5380, 3, 39), (17731, 10, 7830), (17731, 3, 39)], -0.7348995, 'xrule'), ([(5380, 3, 39), (20586, 10, 7830), (20586, 3, 39)], -0.7549, 'xrule'), ([(17731, 10, 7830), (5380, 3, 6), (17731, 3, 6)], -1.0484991, 'xrule'), ([(20586, 3, 6), (5380, 3, 6), (20586, 10, 7830)], -1.2619991, 'xrule'), ([(23193, 1, 65), (5380, 1, 65), (23193, 10, 7830)], -1.3238993, 'xrule'), ([(23193, 3, 39), (5380, 3, 39), (23193, 10, 7830)], -1.5204992, 'xrule'), ([(14691, 10, 7830), (5380, 3, 6), (14691, 3, 6)], -1.5744991, 'xrule'), ([(17014, 10, 7830), (5380, 3, 6), (17014, 3, 6)], -2.5300999, 'xrule')]","(5380, 10, 7830)",2.6694508,"[1, 1]",13,"[2.971593, 3.0283353]",2
2.256358,1.0,"[([(12572, 3, 39), (12572, 8, 7410), (5620, 3, 39)], -0.36089897, 'xrule'), ([(5620, 1, 1054)], -0.7217502139879541, 1.327007680380797), ([(5620, 3, 277)], -1.5993470430351204, 3.1680728843917003), ([(5620, 3, 39), (23242, 3, 39), (23242, 8, 7410)], -2.4092999, 'xrule'), ([(5620, 3, 39)], -2.6921756968765926, 4.063436622063082), ([(5620, 3, 189), (23329, 8, 7410), (23329, 3, 189)], -2.8289995, 'xrule'), ([(18504, 3, 39), (18504, 8, 7410), (5620, 3, 39)], -3.354, 'xrule'), ([(16645, 3, 39), (16645, 8, 7410), (5620, 3, 39)], -3.5367994, 'xrule'), ([(23047, 3, 154), (23047, 8, 7410), (5620, 3, 154)], -3.8104, 'xrule'), ([(8628, 3, 39), (8628, 8, 7410), (5620, 3, 39)], -4.3004, 'xrule'), ([(5620, 3, 314), (23329, 8, 7410), (23329, 3, 314)], -4.582299, 'xrule'), ([(5620, 3, 346), (14879, 8, 7410), (14879, 3, 346)], -5.1117992, 'xrule')]","(5620, 8, 7410)",4.018502,"[1, 1]",12,"[2.1060593, 2.4066565]",1
3.414774,3.0,"[([(6812, 3, 9), (23558, 3, 9), (23558, 11, 7869)], 2.9586, 'xrule'), ([(6812, 3, 10), (23558, 3, 10), (23558, 11, 7869)], 2.6005, 'xrule'), ([(23558, 11, 7869), (6812, 2, 31), (23558, 2, 31)], 1.6745005, 'xrule'), ([(23998, 3, 7), (6812, 3, 7), (23998, 11, 7869)], 1.5599003, 'xrule'), ([(25223, 2, 172), (6812, 2, 172), (25223, 11, 7869)], 1.3551006, 'xrule'), ([(6812, 3, 294)], 0.9770527389161082, 31.72652301404997), ([(17502, 2, 31), (6812, 2, 31), (17502, 11, 7869)], 0.9054003, 'xrule'), ([(17502, 2, 172), (6812, 2, 172), (17502, 11, 7869)], 0.61810017, 'xrule'), ([(6812, 3, 519)], 0.35773090675111335, 3664.5884910298096), ([(6812, 3, 694)], 0.2827320506655312, 1808.5702158849083), ([(23558, 11, 7869), (6812, 2, 172), (23558, 2, 172)], -0.11749935, 'xrule'), ([(6812, 3, 9), (23998, 3, 9), (23998, 11, 7869)], -0.29189968, 'xrule'), ([(6812, 3, 10), (25223, 3, 10), (25223, 11, 7869)], -1.4721994, 'xrule'), ([(6812, 2, 31), (25223, 11, 7869), (25223, 2, 31)], -1.6791992, 'xrule')]","(6812, 11, 7869)",3.5179758,"[4, 2]",14,"[3.0075614, 3.8219862]",3
2.4478638,4.5,"[([(10112, 8, 7566), (10112, 3, 40), (6115, 3, 40)], 4.635499, 'xrule'), ([(18607, 8, 7566), (18607, 4, 66), (6115, 4, 66)], 3.6074, 'xrule'), ([(10112, 8, 7566), (10112, 2, 30), (6115, 2, 30)], 3.3214998, 'xrule'), ([(18607, 8, 7566), (18607, 3, 40), (6115, 3, 40)], 3.1159992, 'xrule'), ([(10112, 8, 7566), (10112, 4, 66), (6115, 4, 66)], 2.9084997, 'xrule'), ([(8872, 3, 212), (8872, 8, 7566), (6115, 3, 212)], 2.6457996, 'xrule'), ([(10112, 8, 7566), (10112, 3, 6), (6115, 3, 6)], 2.4993992, 'xrule'), ([(8872, 8, 7566), (8872, 3, 6), (6115, 3, 6)], 2.3677998, 'xrule'), ([(6115, 3, 6129)], 2.034144499335764, 14.884335668275252), ([(6115, 3, 6126)], 1.9580431906496467, 6.876321014707948), ([(18607, 8, 7566), (18607, 3, 6), (6115, 3, 6)], 1.8643999, 'xrule'), ([(24422, 8, 7566), (24422, 3, 40), (6115, 3, 40)], 1.8318996, 'xrule'), ([(6115, 3, 6123)], 1.75490768756497, 4.852570726219293)]","(6115, 8, 7566)",4.404839,"[7, 2]",13,"[2.3297796, 2.565948]",1
2.412046,1.5,"[([(4952, 3, 4957)], -0.7940682898145985, 25.311295786910073), ([(4952, 3, 4955)], -0.8456468106541002, 2.300346824899044), ([(4952, 1, 941)], -1.0047664132362957, 1.2680053103640743)]","(4952, 8, 7410)",5.8348927,"[2, 1]",3,"[2.2339416, 2.5901504]",2
4.7853165,1.0,"[([(6966, 3, 891)], 0.04646209905647282, 0.5116134256497255), ([(6966, 3, 7)], -0.11234374804263246, 0.47194355541981103), ([(6966, 2, 68)], -1.4429396936296583, 319.191090522905)]","(6966, 10, 8697)",3.447898,"[1, 1]",3,"[4.6338577, 4.936775]",4
2.50768,1.5,"[([(5279, 4, 66)], 2.048502067202304, 16.8857961634237), ([(5279, 3, 6)], 1.984150980593415, 9.87912295393959), ([(21853, 8, 7429), (5279, 2, 30), (21853, 2, 30)], 1.4137001, 'xrule'), ([(5279, 3, 3553)], 1.2631559954114182, 7.7795689063601365), ([(5279, 3, 38), (9623, 3, 38), (9623, 8, 7429)], 0.79920006, 'xrule'), ([(5279, 2, 30), (24230, 8, 7429), (24230, 2, 30)], -0.018699646, 'xrule'), ([(5279, 3, 38), (21853, 8, 7429), (21853, 3, 38)], -0.5369997, 'xrule'), ([(23098, 8, 7429), (5279, 2, 30), (23098, 2, 30)], -1.3400002, 'xrule'), ([(19911, 2, 30), (5279, 2, 30), (19911, 8, 7429)], -1.4408998, 'xrule'), ([(18934, 8, 7429), (5279, 2, 30), (18934, 2, 30)], -2.2107, 'xrule'), ([(5279, 2, 30), (9623, 2, 30), (9623, 8, 7429)], -2.4336004, 'xrule'), ([(25221, 8, 7429), (5279, 2, 30), (25221, 2, 30)], -2.6062002, 'xrule'), ([(9346, 2, 30), (5279, 2, 30), (9346, 8, 7429)], -2.6316996, 'xrule')]","(5279, 8, 7429)",4.3664303,"[1, 2]",13,"[2.5179834, 2.4973764]",1
2.3623397,3.5,"[([(6619, 2, 132)], -0.46249194698116436, 5.386394821520249), ([(6619, 2, 172)], -0.644714311203306, 22348.344181631786), ([(6619, 3, 6626)], -1.2489604372906864, 8.22288013398598)]","(6619, 8, 7410)",4.519601,"[4, 3]",3,"[2.2423706, 2.4823089]",3
3.0622647,1.0,"[([(17213, 3, 220), (5498, 3, 220), (17213, 10, 7830)], 0.33990002, 'xrule'), ([(5498, 3, 220), (23793, 3, 220), (23793, 10, 7830)], 0.23559952, 'xrule'), ([(5498, 3, 2366)], -0.24848933926180924, -1.561804650933568), ([(5498, 3, 914)], -0.7096366429788427, -0.6703208762198182), ([(5498, 3, 220), (8674, 3, 220), (8674, 10, 7830)], -1.1386003, 'xrule'), ([(14536, 10, 7830), (5498, 3, 75), (14536, 3, 75)], -1.1747999, 'xrule'), ([(5498, 3, 731)], -1.2295627023105018, 2559.2262579622243), ([(8674, 3, 75), (5498, 3, 75), (8674, 10, 7830)], -1.4252005, 'xrule'), ([(5498, 3, 220), (14721, 10, 7830), (14721, 3, 220)], -1.5532007, 'xrule'), ([(15839, 3, 75), (15839, 10, 7830), (5498, 3, 75)], -1.5733004, 'xrule'), ([(14536, 10, 7830), (5498, 3, 220), (14536, 3, 220)], -1.8009005, 'xrule'), ([(8674, 10, 7830), (8674, 3, 9), (5498, 3, 9)], -2.1886005, 'xrule'), ([(14721, 3, 75), (14721, 10, 7830), (5498, 3, 75)], -2.2746, 'xrule')]","(5498, 10, 7830)",3.2503138,"[1, 1]",13,"[2.9508238, 3.1737056]",5
4.201822,1.5,"[([(10198, 2, 68), (10198, 12, 4492), (5586, 2, 68)], 1.9111004, 'xrule'), ([(14606, 12, 4492), (5586, 3, 7), (14606, 3, 7)], 0.6108999, 'xrule'), ([(5586, 2, 31), (10198, 12, 4492), (10198, 2, 31)], 0.43490028, 'xrule'), ([(14606, 12, 4492), (14606, 3, 279), (5586, 3, 279)], 0.13710022, 'xrule'), ([(14606, 12, 4492), (14606, 2, 31), (5586, 2, 31)], 0.12460041, 'xrule'), ([(5586, 3, 2417)], 0.07708553506608795, 21622.519261836595), ([(5586, 3, 88)], -0.17863174217527683, 22540.45546042703), ([(4492, 3, 83), (5586, 3, 6), (83, 0, 6)], -0.18480015, 'xrule'), ([(14606, 2, 68), (14606, 12, 4492), (5586, 2, 68)], -0.7343998, 'xrule'), ([(5586, 1, 65)], -0.7989587316444237, 13242.310248290318), ([(4492, 3, 83), (5586, 3, 7), (83, 0, 7)], -0.96899986, 'xrule'), ([(14606, 12, 4492), (14606, 3, 10), (5586, 3, 10)], -1.2662001, 'xrule'), ([(14606, 12, 4492), (5586, 3, 6), (14606, 3, 6)], -2.4195004, 'xrule')]","(5586, 12, 4492)",3.338922,"[1, 2]",13,"[4.745601, 3.6580422]",2
2.3953733,1.5,"[([(7335, 2, 31), (16057, 8, 7429), (16057, 2, 31)], 1.2339001, 'xrule'), ([(7335, 3, 6183)], 1.0759926369641315, -0.2542651317338587), ([(15851, 8, 7429), (15851, 3, 88), (7335, 3, 88)], 0.95479965, 'xrule'), ([(7335, 2, 31)], 0.4481382790136198, -0.3898035079552532), ([(7335, 2, 31), (14580, 2, 31), (14580, 8, 7429)], 0.4159994, 'xrule'), ([(7335, 2, 31), (20989, 8, 7429), (20989, 2, 31)], 0.35099983, 'xrule'), ([(7335, 2, 31), (18600, 2, 31), (18600, 8, 7429)], -0.20410061, 'xrule'), ([(7335, 2, 31), (24453, 2, 31), (24453, 8, 7429)], -0.2442007, 'xrule'), ([(7335, 2, 31), (13541, 8, 7429), (13541, 2, 31)], -0.48230076, 'xrule'), ([(18600, 8, 7429), (7335, 3, 88), (18600, 3, 88)], -0.5185003, 'xrule'), ([(7335, 3, 7346)], -0.6785935907970775, 1.3365752608128632), ([(7335, 2, 31), (15487, 8, 7429), (15487, 2, 31)], -0.8131008, 'xrule'), ([(20989, 8, 7429), (20989, 3, 88), (7335, 3, 88)], -1.2052002, 'xrule')]","(7335, 8, 7429)",5.230544,"[1, 2]",13,"[2.2328475, 2.5578995]",7
3.198255,1.0,"[([(5645, 1, 65)], 2.40433324617182, 0.9171571289239241), ([(5645, 3, 1200)], 1.3311329492718627, 256.7910279661329), ([(23699, 10, 7830), (23699, 3, 9), (5645, 3, 9)], 1.3054991, 'xrule'), ([(23699, 2, 31), (5645, 2, 31), (23699, 10, 7830)], 1.2369995, 'xrule'), ([(5645, 2, 30)], -0.04557033353532433, 3.48860937775112), ([(5645, 2, 30), (23699, 10, 7830), (23699, 2, 30)], -0.14080048, 'xrule'), ([(23699, 3, 75), (23699, 10, 7830), (5645, 3, 75)], -0.7623005, 'xrule'), ([(5645, 4, 66), (23699, 10, 7830), (23699, 4, 66)], -0.9354, 'xrule'), ([(5645, 2, 30), (20586, 10, 7830), (20586, 2, 30)], -1.2025003, 'xrule'), ([(20586, 3, 20), (5645, 3, 20), (20586, 10, 7830)], -1.7619009, 'xrule'), ([(5645, 2, 30), (24794, 2, 30), (24794, 10, 7830)], -1.7822008, 'xrule'), ([(5645, 3, 9), (24794, 10, 7830), (24794, 3, 9)], -2.1824007, 'xrule'), ([(5645, 2, 31), (24794, 2, 31), (24794, 10, 7830)], -2.4026003, 'xrule')]","(5645, 10, 7830)",3.5500622,"[1, 1]",13,"[3.1698809, 3.226629]",5
2.597962,5.5,"[([(7058, 3, 1242)], 2.2161403830600843, 6.901689578166264), ([(7058, 3, 10)], 0.8384490487303553, 8.698138457235252), ([(7058, 2, 68)], 0.6698585003341063, 16616.661471464333), ([(24271, 3, 10), (7058, 3, 10), (24271, 8, 7566)], -0.22729969, 'xrule'), ([(7058, 3, 10), (11328, 3, 10), (11328, 8, 7566)], -0.2631998, 'xrule'), ([(11328, 8, 7566), (7058, 3, 220), (11328, 3, 220)], -0.37489986, 'xrule'), ([(7058, 3, 39), (11328, 8, 7566), (11328, 3, 39)], -0.6137991, 'xrule'), ([(20172, 3, 10), (7058, 3, 10), (20172, 8, 7566)], -0.62739944, 'xrule'), ([(7058, 3, 10), (23538, 3, 10), (23538, 8, 7566)], -0.8967991, 'xrule'), ([(13486, 3, 10), (7058, 3, 10), (13486, 8, 7566)], -1.2577991, 'xrule'), ([(8355, 3, 10), (7058, 3, 10), (8355, 8, 7566)], -1.2719994, 'xrule'), ([(15818, 3, 10), (15818, 8, 7566), (7058, 3, 10)], -2.8315992, 'xrule'), ([(7058, 3, 10), (20958, 8, 7566), (20958, 3, 10)], -3.5398998, 'xrule')]","(7058, 8, 7566)",5.7202277,"[8, 3]",13,"[2.5000396, 2.6958845]",1
3.25522,3.0,"[([(10701, 2, 30), (10701, 11, 7869), (6914, 2, 30)], 2.481001, 'xrule'), ([(10701, 11, 7869), (6914, 4, 66), (10701, 4, 66)], 1.8806, 'xrule'), ([(13631, 11, 7869), (6914, 3, 46), (13631, 3, 46)], 1.8098001, 'xrule'), ([(6914, 3, 55)], 1.573830674886878, 6.828329005757411), ([(6914, 3, 38)], 1.3855791716491748, -1.200114464864964), ([(13631, 11, 7869), (6914, 4, 66), (13631, 4, 66)], 1.0184002, 'xrule'), ([(13631, 11, 7869), (6914, 2, 30), (13631, 2, 30)], 0.8619003, 'xrule'), ([(13631, 11, 7869), (6914, 3, 35), (13631, 3, 35)], 0.7765007, 'xrule'), ([(14991, 11, 7869), (6914, 2, 30), (14991, 2, 30)], 0.61980057, 'xrule'), ([(6914, 4, 66), (12158, 11, 7869), (12158, 4, 66)], 0.34930038, 'xrule'), ([(14398, 4, 66), (6914, 4, 66), (14398, 11, 7869)], -0.005399704, 'xrule'), ([(6914, 3, 35)], -0.18509383935640264, 8.453858188804656), ([(6914, 2, 30), (12158, 11, 7869), (12158, 2, 30)], -0.43699932, 'xrule'), ([(9970, 2, 30), (6914, 2, 30), (9970, 11, 7869)], -0.87859917, 'xrule')]","(6914, 11, 7869)",3.5952108,"[4, 2]",14,"[2.627467, 3.8829732]",3
2.4264052,1.5,"[([(6492, 3, 2706)], 2.8630392123424433, -0.05401121433027967), ([(6492, 3, 40)], 1.851326074010351, -0.13571728589744958), ([(6492, 3, 733)], 1.5900355095830876, 3.830621088961464)]","(6492, 8, 7410)",5.323513,"[2, 1]",3,"[2.2518253, 2.600985]",4
3.6928535,2.0,"[([(6587, 3, 5524)], 0.4910707898435953, 8242.620358640603), ([(6587, 3, 78)], -0.0863504008937408, 19391.47842579358), ([(6587, 2, 31)], -0.8611011026257029, 16238.297109335108)]","(6587, 9, 8151)",3.5309901,"[2, 2]",3,"[3.7302136, 3.6554935]",36
3.0198116,1.0,"[([(5717, 3, 78)], 2.054564575386846, 20985.886408021754), ([(5717, 3, 192)], 1.8258515241681514, 160.86126677323213), ([(5717, 3, 9)], -0.39118285793293045, 1.4034325741977538)]","(5717, 10, 7830)",3.39451,"[1, 1]",3,"[2.9790268, 3.0605965]",5
2.3278894,2.0,"[([(5498, 3, 78), (14130, 3, 78), (14130, 8, 7429)], 3.2901, 'xrule'), ([(14130, 8, 7429), (14130, 3, 10), (5498, 3, 10)], 2.8635998, 'xrule'), ([(5498, 3, 78), (12405, 8, 7429), (12405, 3, 78)], 2.4853, 'xrule'), ([(9160, 8, 7429), (9160, 3, 476), (5498, 3, 476)], 1.9268999, 'xrule'), ([(9160, 8, 7429), (9160, 3, 10), (5498, 3, 10)], 1.8813, 'xrule'), ([(5498, 3, 78), (9160, 8, 7429), (9160, 3, 78)], 1.5284004, 'xrule'), ([(5498, 2, 30), (9160, 8, 7429), (9160, 2, 30)], 0.4993, 'xrule'), ([(5498, 3, 78), (21708, 3, 78), (21708, 8, 7429)], 0.41120052, 'xrule'), ([(21708, 8, 7429), (5498, 3, 476), (21708, 3, 476)], 0.06360054, 'xrule'), ([(5498, 2, 30)], -0.4842347675044676, -0.6187473635753258), ([(5498, 3, 75)], -0.689533188719156, 21930.33413691579), ([(9160, 3, 39), (5498, 3, 39), (9160, 8, 7429)], -0.7249994, 'xrule'), ([(5498, 3, 78)], -1.277273596286768, 3.218014665181748)]","(5498, 8, 7429)",4.6961765,"[1, 3]",13,"[2.1082516, 2.5475273]",1
2.5762396,6.0,"[([(6195, 3, 1019)], -1.4400882075343633, 4.191531679494165), ([(6195, 1, 65)], -1.5643786685225964, 7.173019224167853), ([(6195, 3, 2021)], -2.7063534938621037, 5.062599480261353)]","(6195, 8, 7566)",5.671821,"[9, 3]",3,"[2.5230734, 2.6294055]",3
2.6592498,4.0,"[([(4952, 3, 880)], 1.998556232273965, 14.880645398263598), ([(4952, 3, 38)], 1.9643507931417539, 8.877003027192691), ([(23692, 8, 7567), (23692, 4, 66), (4952, 4, 66)], 1.3810997, 'xrule'), ([(4952, 2, 30), (19211, 2, 30), (19211, 8, 7567)], 0.3941002, 'xrule'), ([(4952, 3, 706)], 0.23759369138245814, 11.559120557402547), ([(4952, 2, 30), (24153, 2, 30), (24153, 8, 7567)], 0.078499794, 'xrule'), ([(4952, 2, 30), (23785, 8, 7567), (23785, 2, 30)], -0.38510036, 'xrule'), ([(23692, 8, 7567), (23692, 1, 941), (4952, 1, 941)], -0.56340027, 'xrule'), ([(19211, 4, 66), (4952, 4, 66), (19211, 8, 7567)], -0.9786997, 'xrule'), ([(4952, 2, 30), (24283, 2, 30), (24283, 8, 7567)], -1.4728003, 'xrule'), ([(4952, 2, 30), (24921, 2, 30), (24921, 8, 7567)], -2.2817001, 'xrule'), ([(4952, 2, 30), (23692, 8, 7567), (23692, 2, 30)], -2.4078999, 'xrule'), ([(4952, 2, 30), (25174, 8, 7567), (25174, 2, 30)], -2.755, 'xrule')]","(4952, 8, 7567)",5.7716856,"[4, 4]",13,"[2.4271388, 2.8913608]",2
2.4485426,1.5,"[([(6812, 2, 709)], 2.85846538969176, -0.054245386479912394), ([(6812, 3, 694)], 1.952508064565401, -1.1242801466977461), ([(6812, 3, 10)], 1.5875159019650273, 2.8302663107881574), ([(6812, 4, 66), (15671, 4, 66), (15671, 8, 7410)], 0.73849964, 'xrule'), ([(6812, 3, 9), (16606, 8, 7410), (16606, 3, 9)], 0.035399437, 'xrule'), ([(25393, 8, 7410), (6812, 4, 66), (25393, 4, 66)], -0.28270054, 'xrule'), ([(8628, 4, 66), (6812, 4, 66), (8628, 8, 7410)], -0.4296999, 'xrule'), ([(6812, 3, 9), (25393, 3, 9), (25393, 8, 7410)], -0.7882004, 'xrule'), ([(8628, 2, 1813), (6812, 2, 1813), (8628, 8, 7410)], -1.7505999, 'xrule'), ([(6812, 2, 30), (15671, 8, 7410), (15671, 2, 30)], -2.0279999, 'xrule'), ([(6812, 2, 30), (16606, 8, 7410), (16606, 2, 30)], -2.6175003, 'xrule'), ([(6812, 3, 9), (16904, 8, 7410), (16904, 3, 9)], -2.8430004, 'xrule'), ([(25393, 8, 7410), (6812, 2, 30), (25393, 2, 30)], -4.2625, 'xrule')]","(6812, 8, 7410)",5.3270907,"[2, 1]",13,"[2.4032302, 2.4938552]",3
3.0961294,1.0,"[([(21959, 10, 7830), (21959, 3, 10), (7655, 3, 10)], 5.530199, 'xrule'), ([(19911, 3, 10), (19911, 10, 7830), (7655, 3, 10)], 4.977, 'xrule'), ([(25714, 3, 39), (25714, 10, 7830), (7655, 3, 39)], 4.0027, 'xrule'), ([(13749, 3, 39), (13749, 10, 7830), (7655, 3, 39)], 3.9091997, 'xrule'), ([(25621, 3, 10), (7655, 3, 10), (25621, 10, 7830)], 3.1386995, 'xrule'), ([(25651, 10, 7830), (25651, 3, 39), (7655, 3, 39)], 3.0142002, 'xrule'), ([(13749, 10, 7830), (13749, 3, 10), (7655, 3, 10)], 2.1289997, 'xrule'), ([(25621, 10, 7830), (25621, 3, 39), (7655, 3, 39)], 2.0523996, 'xrule'), ([(25714, 3, 10), (25714, 10, 7830), (7655, 3, 10)], 1.7018003, 'xrule'), ([(19650, 10, 7830), (19650, 3, 10), (7655, 3, 10)], 1.4389, 'xrule'), ([(7655, 3, 476)], 1.2485886197713063, -6880.222944561122), ([(19911, 3, 39), (19911, 10, 7830), (7655, 3, 39)], 0.93879986, 'xrule'), ([(7655, 3, 942)], -0.42487712491261787, -6993.604649721995), ([(7655, 3, 40)], -1.5253962789349298, -7026.821331746057)]","(7655, 10, 7830)",3.4012923,"[1, 1]",14,"[3.0820293, 3.1102293]",5
2.7844613,5.0,"[([(5756, 3, 75), (12494, 8, 7408), (12494, 3, 75)], 1.3710003, 'xrule'), ([(5756, 2, 31), (23521, 8, 7408), (23521, 2, 31)], 1.3395996, 'xrule'), ([(5756, 2, 31), (18557, 2, 31), (18557, 8, 7408)], 1.0668001, 'xrule'), ([(5756, 3, 37)], 0.59704117373718, 4.64497907203633), ([(5756, 2, 31), (21820, 2, 31), (21820, 8, 7408)], 0.5437994, 'xrule'), ([(17151, 8, 7408), (17151, 2, 31), (5756, 2, 31)], 0.31379986, 'xrule'), ([(5756, 4, 924)], -0.5149373580793596, 4.374036798669153), ([(9221, 2, 31), (9221, 8, 7408), (5756, 2, 31)], -0.6445999, 'xrule'), ([(5756, 2, 172)], -0.7488326567438056, 2.321075702256697), ([(5756, 2, 172), (23521, 8, 7408), (23521, 2, 172)], -1.4071999, 'xrule'), ([(25302, 2, 31), (5756, 2, 31), (25302, 8, 7408)], -2.2572002, 'xrule'), ([(17151, 8, 7408), (5756, 3, 75), (17151, 3, 75)], -2.3388004, 'xrule'), ([(5756, 2, 31), (12494, 8, 7408), (12494, 2, 31)], -2.4278002, 'xrule')]","(5756, 8, 7408)",5.3250837,"[5, 5]",13,"[2.6628914, 2.9060311]",2
2.9329753,1.0,"[([(7788, 2, 27), (23245, 2, 27), (23245, 10, 7830)], 3.2685995, 'xrule'), ([(23245, 3, 33), (7788, 3, 33), (23245, 10, 7830)], 3.2437, 'xrule'), ([(10095, 10, 7830), (10095, 3, 9), (7788, 3, 9)], 2.8853998, 'xrule'), ([(10095, 10, 7830), (7788, 3, 33), (10095, 3, 33)], 2.5407, 'xrule'), ([(10095, 10, 7830), (7788, 3, 1061), (10095, 3, 1061)], 2.4125004, 'xrule'), ([(7788, 3, 9), (24386, 10, 7830), (24386, 3, 9)], 2.2530003, 'xrule'), ([(7788, 3, 9), (8104, 3, 9), (8104, 10, 7830)], 1.8232002, 'xrule'), ([(7788, 3, 9), (23245, 10, 7830), (23245, 3, 9)], 1.8063002, 'xrule'), ([(10095, 2, 27), (7788, 2, 27), (10095, 10, 7830)], 1.5788002, 'xrule'), ([(22477, 10, 7830), (7788, 3, 9), (22477, 3, 9)], 0.8458996, 'xrule'), ([(7788, 3, 220)], 0.48803619811498916, 0.6196436918143474), ([(7788, 8, 7429)], -0.13087268625541065, 0.46732843739692326), ([(10095, 10, 7830), (7788, 3, 504), (10095, 3, 504)], -0.26780033, 'xrule'), ([(7788, 3, 9)], -1.0290002307467085, 227.26327796619742)]","(7788, 10, 7830)",2.5668676,"[1, 1]",14,"[2.8939362, 2.9720142]",3
3.151277,1.0,"[([(5920, 3, 74)], 1.157376344291342, 6.760855646111884), ([(5920, 3, 220)], 0.7730570302420817, 64.68418180945132), ([(5920, 3, 150)], -0.017758329408385447, 16776.49556052431), ([(25366, 10, 7830), (5920, 3, 10), (25366, 3, 10)], -0.6097002, 'xrule'), ([(12470, 10, 7830), (12470, 3, 10), (5920, 3, 10)], -1.2447996, 'xrule'), ([(24357, 10, 7830), (24357, 3, 39), (5920, 3, 39)], -1.9756994, 'xrule'), ([(24357, 10, 7830), (24357, 2, 68), (5920, 2, 68)], -2.2074995, 'xrule'), ([(24469, 3, 39), (24469, 10, 7830), (5920, 3, 39)], -2.3844995, 'xrule'), ([(17562, 10, 7830), (5920, 3, 10), (17562, 3, 10)], -2.4235, 'xrule'), ([(24469, 3, 6), (24469, 10, 7830), (5920, 3, 6)], -2.4875994, 'xrule'), ([(8476, 10, 7830), (8476, 3, 10), (5920, 3, 10)], -2.5196, 'xrule'), ([(18668, 3, 10), (5920, 3, 10), (18668, 10, 7830)], -2.5884, 'xrule'), ([(17562, 3, 6), (17562, 10, 7830), (5920, 3, 6)], -3.2177, 'xrule')]","(5920, 10, 7830)",3.567545,"[1, 1]",13,"[3.051891, 3.2506633]",5
3.1793914,3.0,"[([(7998, 11, 7869), (7998, 2, 30), (7107, 2, 30)], 2.4819994, 'xrule'), ([(8525, 11, 7869), (8525, 2, 30), (7107, 2, 30)], 1.8779001, 'xrule'), ([(12744, 3, 39), (7107, 3, 39), (12744, 11, 7869)], 1.8067999, 'xrule'), ([(7107, 2, 68)], 1.5751381624385303, 6.828514850754682), ([(7107, 3, 34)], 1.3851881651613753, -1.200177060087841), ([(9189, 11, 7869), (9189, 2, 30), (7107, 2, 30)], 1.0124998, 'xrule'), ([(12744, 11, 7869), (7107, 2, 30), (12744, 2, 30)], 0.8579998, 'xrule'), ([(9806, 11, 7869), (9806, 2, 30), (7107, 2, 30)], 0.7720995, 'xrule'), ([(9806, 11, 7869), (9806, 3, 39), (7107, 3, 39)], 0.61170006, 'xrule'), ([(9189, 11, 7869), (9189, 2, 266), (7107, 2, 266)], 0.34509945, 'xrule'), ([(8525, 3, 39), (8525, 11, 7869), (7107, 3, 39)], -0.00810051, 'xrule'), ([(7107, 3, 40)], -0.1830644203892918, 7.454361269708974), ([(9189, 11, 7869), (9189, 3, 39), (7107, 3, 39)], -0.43930054, 'xrule'), ([(7107, 3, 91), (9806, 3, 91), (9806, 11, 7869)], -0.88440037, 'xrule')]","(7107, 11, 7869)",2.672183,"[4, 2]",14,"[2.6488354, 3.709947]",1
3.14714,1.0,"[([(7756, 3, 1714)], 2.3922807088465556, 0.9162367618023288), ([(7756, 8, 7409)], 1.3129501941111206, 0.7880064013635002), ([(7756, 3, 427)], -0.19128032465232905, 12.45232518141704), ([(7756, 8, 7408), (11145, 10, 7830), (11145, 8, 7408)], -1.7070999, 'xrule'), ([(7756, 3, 427), (14219, 10, 7830), (14219, 3, 427)], -1.7791996, 'xrule'), ([(11252, 3, 149), (11252, 10, 7830), (7756, 3, 149)], -2.0960999, 'xrule'), ([(9508, 10, 7830), (9508, 3, 149), (7756, 3, 149)], -2.1273994, 'xrule'), ([(11340, 10, 7830), (11340, 2, 68), (7756, 2, 68)], -2.4692993, 'xrule'), ([(7756, 2, 30), (11340, 10, 7830), (11340, 2, 30)], -2.8082, 'xrule'), ([(7756, 3, 6), (11340, 10, 7830), (11340, 3, 6)], -3.7781, 'xrule'), ([(7756, 8, 7408), (9508, 10, 7830), (9508, 8, 7408)], -4.2033997, 'xrule'), ([(7756, 8, 7408), (11252, 10, 7830), (11252, 8, 7408)], -5.021, 'xrule'), ([(7756, 8, 7408), (7982, 10, 7830), (7982, 8, 7408)], -5.2144995, 'xrule')]","(7756, 10, 7830)",2.9227967,"[1, 1]",13,"[3.1272376, 3.1670427]",5
3.2471046,3.0,"[([(20287, 11, 7956), (20287, 3, 9), (6320, 3, 9)], 4.217599, 'xrule'), ([(8347, 11, 7956), (8347, 3, 9), (6320, 3, 9)], 2.8542995, 'xrule'), ([(9782, 3, 9), (6320, 3, 9), (9782, 11, 7956)], 2.2025995, 'xrule'), ([(6320, 3, 717)], 2.016576863476268, 36.88252657532039), ([(20287, 11, 7956), (20287, 3, 39), (6320, 3, 39)], 1.6859999, 'xrule'), ([(23198, 11, 7956), (23198, 3, 9), (6320, 3, 9)], 1.6472998, 'xrule'), ([(6320, 3, 1267)], 1.5823441258606603, 23388.82953623722), ([(24529, 2, 30), (24529, 11, 7956), (6320, 2, 30)], 1.1147003, 'xrule'), ([(6320, 2, 69)], 0.7751112447626001, 14425.684625510048), ([(23198, 2, 30), (23198, 11, 7956), (6320, 2, 30)], 0.72369957, 'xrule'), ([(11392, 3, 9), (6320, 3, 9), (11392, 11, 7956)], 0.2930994, 'xrule'), ([(20287, 11, 7956), (20287, 2, 30), (6320, 2, 30)], 0.25790024, 'xrule'), ([(11392, 3, 39), (11392, 11, 7956), (6320, 3, 39)], -0.5059004, 'xrule')]","(6320, 11, 7956)",2.8491967,"[1, 5]",13,"[2.580188, 3.9140215]",2
3.006576,2.5,"[([(5822, 3, 369)], 1.7564936480108653, 0.8527699602926653), ([(5822, 2, 31), (23950, 2, 31), (23950, 11, 7956)], 1.6049995, 'xrule'), ([(5822, 3, 5830)], 1.3191395406509543, 17.789038502890293), ([(5822, 2, 31), (18220, 2, 31), (18220, 11, 7956)], 1.2961998, 'xrule'), ([(25688, 11, 7956), (25688, 4, 66), (5822, 4, 66)], 1.0613003, 'xrule'), ([(5822, 2, 31), (25693, 11, 7956), (25693, 2, 31)], 1.0549002, 'xrule'), ([(23950, 4, 66), (23950, 11, 7956), (5822, 4, 66)], 0.87300014, 'xrule'), ([(5822, 2, 31), (18159, 2, 31), (18159, 11, 7956)], 0.73600006, 'xrule'), ([(5822, 2, 31), (22309, 11, 7956), (22309, 2, 31)], 0.5241995, 'xrule'), ([(18211, 4, 66), (18211, 11, 7956), (5822, 4, 66)], 0.4187994, 'xrule'), ([(5822, 2, 31), (25688, 11, 7956), (25688, 2, 31)], -0.06000042, 'xrule'), ([(5822, 3, 476)], -0.11765952866396452, 1.4706189953179698), ([(5822, 3, 7), (23950, 3, 7), (23950, 11, 7956)], -0.22370052, 'xrule'), ([(22309, 11, 7956), (5822, 3, 36), (22309, 3, 36)], -0.7248001, 'xrule')]","(5822, 11, 7956)",2.6253808,"[1, 4]",14,"[2.2409837, 3.7721682]",1
3.1039622,2.5,"[([(5279, 4, 66)], 2.0191021932647413, 42.8827881320692), ([(5279, 3, 2138)], 1.5815163365462743, 23520.82941915102), ([(5279, 3, 40), (22088, 3, 40), (22088, 11, 7956)], 0.9591007, 'xrule'), ([(5279, 3, 40), (15385, 3, 40), (15385, 11, 7956)], 0.91359997, 'xrule'), ([(5279, 3, 891)], 0.7868767250129524, 15192.687160299765), ([(24989, 3, 40), (5279, 3, 40), (24989, 11, 7956)], 0.56290054, 'xrule'), ([(5279, 3, 40), (13012, 3, 40), (13012, 11, 7956)], 0.15250015, 'xrule'), ([(19983, 11, 7956), (5279, 2, 131), (19983, 2, 131)], -0.22629929, 'xrule'), ([(17912, 3, 40), (5279, 3, 40), (17912, 11, 7956)], -0.33899975, 'xrule'), ([(18083, 11, 7956), (5279, 3, 40), (18083, 3, 40)], -0.35109997, 'xrule'), ([(19983, 11, 7956), (5279, 3, 40), (19983, 3, 40)], -1.3274994, 'xrule'), ([(22534, 3, 40), (22534, 11, 7956), (5279, 3, 40)], -1.8171997, 'xrule'), ([(16994, 11, 7956), (5279, 3, 40), (16994, 3, 40)], -2.271, 'xrule')]","(5279, 11, 7956)",3.3306432,"[1, 4]",13,"[2.4433155, 3.7646089]",1
3.3032987,2.0,"[([(7125, 3, 220)], 2.0525876082784014, 391.8862088111387), ([(7125, 3, 7133)], 1.8826409257996952, 8.867914164255811), ([(7125, 3, 3454)], -0.060014684692599254, 800.4850008205096)]","(7125, 11, 7956)",3.6683598,"[1, 3]",3,"[2.576106, 4.0304914]",3
2.5845437,3.5,"[([(19226, 3, 41), (19226, 8, 7567), (4870, 3, 41)], 3.653101, 'xrule'), ([(4870, 2, 30), (19226, 8, 7567), (19226, 2, 30)], 3.3546, 'xrule'), ([(10447, 2, 30), (10447, 8, 7567), (4870, 2, 30)], 2.8169003, 'xrule'), ([(4870, 2, 30), (19279, 2, 30), (19279, 8, 7567)], 2.4817, 'xrule'), ([(4870, 3, 3987)], 2.4651509715424744, 2.9216623660096412), ([(9326, 2, 30), (4870, 2, 30), (9326, 8, 7567)], 2.2328997, 'xrule'), ([(20364, 3, 41), (20364, 8, 7567), (4870, 3, 41)], 2.2245998, 'xrule'), ([(19279, 2, 709), (4870, 2, 709), (19279, 8, 7567)], 1.4657001, 'xrule'), ([(10447, 8, 7567), (10447, 3, 41), (4870, 3, 41)], 0.8710003, 'xrule'), ([(4870, 2, 172)], 0.5608740285173033, 11070.636654739486), ([(4870, 2, 30), (22471, 8, 7567), (22471, 2, 30)], 0.5345001, 'xrule'), ([(4870, 3, 538)], 0.5082922408218793, 5.624406040602243), ([(18972, 8, 7567), (4870, 2, 30), (18972, 2, 30)], 0.12720013, 'xrule')]","(4870, 8, 7567)",5.0585365,"[4, 3]",13,"[2.4383392, 2.730748]",2
3.0825603,1.0,"[([(5517, 3, 40), (16502, 3, 40), (16502, 10, 7830)], 2.8344994, 'xrule'), ([(24665, 3, 78), (24665, 10, 7830), (5517, 3, 78)], 2.0770998, 'xrule'), ([(5517, 2, 30)], 2.0625582740875323, 20965.88721041522), ([(5517, 3, 5521)], 1.8311062698709029, 157.8618934523173), ([(20277, 3, 10), (20277, 10, 7830), (5517, 3, 10)], 1.1890993, 'xrule'), ([(16502, 10, 7830), (16502, 3, 10), (5517, 3, 10)], 1.1430998, 'xrule'), ([(25528, 10, 7830), (25528, 3, 10), (5517, 3, 10)], 1.1087999, 'xrule'), ([(24665, 10, 7830), (24665, 3, 10), (5517, 3, 10)], 0.75239944, 'xrule'), ([(5517, 3, 40), (24665, 3, 40), (24665, 10, 7830)], 0.53679943, 'xrule'), ([(5517, 3, 40), (25528, 10, 7830), (25528, 3, 40)], 0.4470997, 'xrule'), ([(5517, 3, 40), (10944, 3, 40), (10944, 10, 7830)], 0.3807993, 'xrule'), ([(10944, 3, 10), (10944, 10, 7830), (5517, 3, 10)], 0.21109962, 'xrule'), ([(25528, 10, 7830), (25528, 3, 78), (5517, 3, 78)], 0.047099113, 'xrule'), ([(5517, 3, 1482)], -0.3893022122014087, 1.4038852801927155), ([(16502, 10, 7830), (16502, 3, 78), (5517, 3, 78)], -0.5113001, 'xrule'), ([(10944, 3, 78), (10944, 10, 7830), (5517, 3, 78)], -2.4675007, 'xrule')]","(5517, 10, 7830)",3.568142,"[1, 1]",16,"[3.1222394, 3.0428813]",5
3.0154917,1.0,"[([(6213, 3, 1966)], 2.6444341366205744, 0.9336671017266635), ([(6213, 4, 485)], 1.6588516979691357, 1.8400837869415647), ([(6213, 3, 20)], 1.428855006434149, 10.806722839817557)]","(6213, 10, 7830)",3.2811787,"[1, 1]",3,"[2.967183, 3.0638003]",5
3.3738508,3.0,"[([(11925, 3, 9), (6373, 3, 9), (11925, 11, 7869)], 1.7515001, 'xrule'), ([(6373, 3, 192), (11925, 11, 7869), (11925, 3, 192)], 1.5928001, 'xrule'), ([(24461, 11, 7869), (24461, 3, 78), (6373, 3, 78)], 1.2343006, 'xrule'), ([(6373, 3, 3669)], 0.9827538041578884, 39.72765427940647), ([(6373, 1, 65)], 0.35706238107428695, 3718.5883291238124), ([(11925, 3, 78), (11925, 11, 7869), (6373, 3, 78)], 0.30860043, 'xrule'), ([(6373, 3, 731)], 0.28201107292973765, 1869.5700391861403), ([(8542, 11, 7869), (8542, 3, 78), (6373, 3, 78)], 0.20020008, 'xrule'), ([(24461, 3, 9), (24461, 11, 7869), (6373, 3, 9)], -0.4517994, 'xrule'), ([(22039, 11, 7869), (6373, 3, 9), (22039, 3, 9)], -1.6561995, 'xrule'), ([(8542, 11, 7869), (8542, 3, 192), (6373, 3, 192)], -2.0302, 'xrule'), ([(22039, 3, 78), (22039, 11, 7869), (6373, 3, 78)], -2.8343, 'xrule'), ([(23789, 3, 78), (23789, 11, 7869), (6373, 3, 78)], -3.0416994, 'xrule')]","(6373, 11, 7869)",3.463342,"[4, 2]",13,"[2.8076715, 3.94003]",2
3.4716678,1.0,"[([(6966, 3, 40), (11262, 10, 7830), (11262, 3, 40)], 5.0909996, 'xrule'), ([(6966, 3, 40), (25036, 3, 40), (25036, 10, 7830)], 4.9423, 'xrule'), ([(6966, 3, 40), (24001, 10, 7830), (24001, 3, 40)], 3.9734993, 'xrule'), ([(6966, 3, 3090), (15529, 3, 3090), (15529, 10, 7830)], 3.8990002, 'xrule'), ([(6966, 3, 40), (21444, 3, 40), (21444, 10, 7830)], 3.5872993, 'xrule'), ([(6966, 3, 40), (17084, 10, 7830), (17084, 3, 40)], 2.4445, 'xrule'), ([(6966, 2, 266), (17084, 10, 7830), (17084, 2, 266)], 2.3184996, 'xrule'), ([(6966, 3, 40), (25731, 10, 7830), (25731, 3, 40)], 2.3068, 'xrule'), ([(15740, 2, 2270), (6966, 2, 2270), (15740, 10, 7830)], 1.4733, 'xrule'), ([(6966, 2, 2270), (15529, 2, 2270), (15529, 10, 7830)], 1.4217997, 'xrule'), ([(6966, 3, 40), (24283, 3, 40), (24283, 10, 7830)], 1.0859995, 'xrule'), ([(6966, 5, 6967)], 0.7433004837450848, -14161.322282850866), ([(6966, 3, 78)], 0.39245895729877645, 8362.596874492789), ([(6966, 3, 2281)], -0.2009629799215787, -14158.550072349346)]","(6966, 10, 7830)",3.772318,"[1, 1]",14,"[3.4662347, 3.4771008]",4
2.9691706,2.0,"[([(21324, 3, 276), (21324, 11, 7956), (7450, 3, 276)], 2.2527008, 'xrule'), ([(7450, 3, 1630)], 1.7562886081221707, 0.8527442149733724), ([(12174, 3, 279), (12174, 11, 7956), (7450, 3, 279)], 1.4719, 'xrule'), ([(7450, 2, 70)], 1.316281378619908, 17.78856234952754), ([(11742, 3, 706), (11742, 11, 7956), (7450, 3, 706)], 0.55580044, 'xrule'), ([(11742, 3, 220), (7450, 3, 220), (11742, 11, 7956)], 0.14760017, 'xrule'), ([(7450, 3, 706)], -0.12369342602631458, 1.4691160007042343), ([(16149, 2, 69), (16149, 11, 7956), (7450, 2, 69)], -0.32520008, 'xrule'), ([(7450, 3, 37), (11742, 3, 37), (11742, 11, 7956)], -0.7926998, 'xrule'), ([(21542, 3, 220), (21542, 11, 7956), (7450, 3, 220)], -0.9375, 'xrule'), ([(7450, 3, 220), (12174, 3, 220), (12174, 11, 7956)], -2.2412996, 'xrule'), ([(21324, 3, 220), (21324, 11, 7956), (7450, 3, 220)], -2.5654001, 'xrule'), ([(21069, 11, 7956), (21069, 3, 279), (7450, 3, 279)], -3.5565996, 'xrule')]","(7450, 11, 7956)",2.4277787,"[1, 3]",13,"[2.205395, 3.732946]",1
3.452506,3.0,"[([(5907, 3, 5914)], 1.7457457379517731, 0.8514154013644417), ([(5907, 2, 1538)], 1.311536848723751, 18.78777020265026), ([(14665, 3, 75), (14665, 11, 7956), (5907, 3, 75)], 0.5025997, 'xrule'), ([(5907, 4, 66)], -0.10974498553769484, 1.472591247255366), ([(8872, 11, 7956), (8872, 3, 177), (5907, 3, 177)], -0.2109003, 'xrule'), ([(11328, 11, 7956), (5907, 2, 30), (11328, 2, 30)], -0.40250015, 'xrule'), ([(10538, 2, 31), (5907, 2, 31), (10538, 11, 7956)], -0.4477005, 'xrule'), ([(20037, 2, 31), (20037, 11, 7956), (5907, 2, 31)], -0.73639965, 'xrule'), ([(25047, 2, 31), (5907, 2, 31), (25047, 11, 7956)], -0.8050003, 'xrule'), ([(25047, 11, 7956), (25047, 3, 75), (5907, 3, 75)], -0.9054003, 'xrule'), ([(11328, 11, 7956), (5907, 2, 31), (11328, 2, 31)], -1.2619, 'xrule'), ([(20775, 11, 7956), (5907, 2, 31), (20775, 2, 31)], -2.8107004, 'xrule'), ([(8872, 11, 7956), (5907, 2, 31), (8872, 2, 31)], -2.8886003, 'xrule')]","(5907, 11, 7956)",3.9130654,"[1, 5]",13,"[2.6757586, 4.229254]",7
3.141634,1.0,"[([(7177, 3, 370)], 3.4670384953694238, 0.9697352126520549), ([(7177, 3, 149)], 2.180877795243171, 0.898519129664583), ([(7177, 3, 79)], 2.17728816476765, 2.8981913496544887), ([(7177, 3, 39), (20375, 10, 7830), (20375, 3, 39)], 0.9286003, 'xrule'), ([(7177, 2, 30), (19447, 10, 7830), (19447, 2, 30)], 0.80840015, 'xrule'), ([(7177, 3, 39), (17418, 10, 7830), (17418, 3, 39)], 0.6274004, 'xrule'), ([(7177, 3, 39), (15316, 3, 39), (15316, 10, 7830)], 0.3479004, 'xrule'), ([(7177, 2, 30), (15316, 10, 7830), (15316, 2, 30)], 0.2130003, 'xrule'), ([(7177, 2, 30), (10538, 10, 7830), (10538, 2, 30)], -0.35620022, 'xrule'), ([(24927, 10, 7830), (7177, 3, 39), (24927, 3, 39)], -0.8143997, 'xrule'), ([(19773, 10, 7830), (19773, 3, 39), (7177, 3, 39)], -1.4054003, 'xrule'), ([(7177, 3, 39), (19447, 10, 7830), (19447, 3, 39)], -1.7776995, 'xrule'), ([(7177, 2, 30), (20375, 10, 7830), (20375, 2, 30)], -1.8381996, 'xrule')]","(7177, 10, 7830)",3.7173736,"[1, 1]",13,"[3.094276, 3.1889923]",5
2.410844,1.0,"[([(22576, 2, 30), (22576, 8, 7410), (7335, 2, 30)], 1.4598999, 'xrule'), ([(14991, 3, 7), (7335, 3, 7), (14991, 8, 7410)], 1.2737999, 'xrule'), ([(14991, 2, 30), (7335, 2, 30), (14991, 8, 7410)], 0.92199993, 'xrule'), ([(7335, 3, 40), (21150, 3, 40), (21150, 8, 7410)], 0.4732008, 'xrule'), ([(7335, 3, 40), (14991, 8, 7410), (14991, 3, 40)], 0.43930054, 'xrule'), ([(23039, 8, 7410), (7335, 2, 30), (23039, 2, 30)], 0.10760021, 'xrule'), ([(15126, 2, 30), (15126, 8, 7410), (7335, 2, 30)], -0.38329983, 'xrule'), ([(12501, 2, 30), (12501, 8, 7410), (7335, 2, 30)], -0.4784994, 'xrule'), ([(7335, 3, 1270)], -0.7912177573407277, 24.311907243124676), ([(7335, 3, 4017)], -0.8396520139575384, 5.301608068934822), ([(25661, 2, 30), (25661, 8, 7410), (7335, 2, 30)], -0.95790005, 'xrule'), ([(7335, 3, 6183)], -1.003783175066009, 3.2681982445217477), ([(7335, 3, 40), (25527, 3, 40), (25527, 8, 7410)], -1.3923998, 'xrule'), ([(25527, 2, 30), (25527, 8, 7410), (7335, 2, 30)], -2.3451996, 'xrule')]","(7335, 8, 7410)",5.0394883,"[1, 1]",14,"[2.2787042, 2.542984]",2
2.4748316,1.5,"[([(19995, 8, 7429), (19995, 2, 68), (5645, 2, 68)], 5.1827, 'xrule'), ([(19995, 3, 78), (19995, 8, 7429), (5645, 3, 78)], 3.2505007, 'xrule'), ([(17731, 8, 7429), (17731, 3, 78), (5645, 3, 78)], 2.4745007, 'xrule'), ([(17731, 8, 7429), (17731, 3, 10), (5645, 3, 10)], 2.3665, 'xrule'), ([(21989, 8, 7429), (21989, 3, 78), (5645, 3, 78)], 2.1115007, 'xrule'), ([(13275, 8, 7429), (13275, 2, 68), (5645, 2, 68)], 1.9361, 'xrule'), ([(5645, 3, 6), (17731, 8, 7429), (17731, 3, 6)], 1.9300003, 'xrule'), ([(17731, 8, 7429), (17731, 2, 68), (5645, 2, 68)], 1.6522007, 'xrule'), ([(13275, 3, 78), (13275, 8, 7429), (5645, 3, 78)], 1.4242, 'xrule'), ([(25503, 3, 78), (25503, 8, 7429), (5645, 3, 78)], 1.1020002, 'xrule'), ([(5645, 2, 266)], -0.8747882361795803, 9.294258937377052), ([(5645, 3, 5657)], -1.0042485680862199, 2.268106912634883), ([(5645, 3, 20)], -1.547432830318946, -0.8245426534608282)]","(5645, 8, 7429)",4.9103956,"[1, 2]",13,"[2.2752647, 2.6743984]",6
3.4987361,2.0,"[([(6966, 3, 1197)], 2.8577987711214847, -0.05427959604804766), ([(25748, 3, 39), (25748, 11, 7956), (6966, 3, 39)], 2.7957, 'xrule'), ([(13851, 3, 39), (13851, 11, 7956), (6966, 3, 39)], 2.5640001, 'xrule'), ([(11742, 3, 39), (11742, 11, 7956), (6966, 3, 39)], 2.5495996, 'xrule'), ([(6966, 3, 9), (11742, 3, 9), (11742, 11, 7956)], 2.3739004, 'xrule'), ([(17302, 11, 7956), (17302, 3, 2278), (6966, 3, 2278)], 2.0341997, 'xrule'), ([(13851, 11, 7956), (6966, 3, 9), (13851, 3, 9)], 1.4302006, 'xrule'), ([(17302, 11, 7956), (17302, 3, 39), (6966, 3, 39)], 1.3664999, 'xrule'), ([(6966, 3, 297)], 1.3120709063809284, 16.787859477118623), ([(25748, 11, 7956), (6966, 3, 9), (25748, 3, 9)], 0.8668003, 'xrule'), ([(13224, 3, 39), (13224, 11, 7956), (6966, 3, 39)], 0.84420013, 'xrule'), ([(6966, 3, 2278)], -0.12276645457463303, 0.469346865990732), ([(13224, 11, 7956), (6966, 3, 9), (13224, 3, 9)], -0.29629993, 'xrule')]","(6966, 11, 7956)",3.4898267,"[1, 3]",13,"[2.8124013, 4.185071]",3
2.726286,3.0,"[([(25523, 3, 41), (6900, 3, 41), (25523, 8, 7566)], 4.1246996, 'xrule'), ([(6900, 3, 297), (24271, 3, 297), (24271, 8, 7566)], 3.777501, 'xrule'), ([(11842, 3, 41), (6900, 3, 41), (11842, 8, 7566)], 2.7969007, 'xrule'), ([(6900, 3, 40), (24271, 3, 40), (24271, 8, 7566)], 2.5600004, 'xrule'), ([(19995, 3, 40), (6900, 3, 40), (19995, 8, 7566)], 2.4412003, 'xrule'), ([(6900, 3, 40), (8301, 8, 7566), (8301, 3, 40)], 2.3785, 'xrule'), ([(6900, 3, 5846)], 1.550275871817924, 163.8249535627319), ([(19995, 2, 31), (6900, 2, 31), (19995, 8, 7566)], 1.3661003, 'xrule'), ([(6900, 3, 40), (11842, 8, 7566), (11842, 3, 40)], 1.3257008, 'xrule'), ([(6900, 2, 2270), (24271, 2, 2270), (24271, 8, 7566)], 1.1492004, 'xrule'), ([(11565, 8, 7566), (11565, 3, 40), (6900, 3, 40)], 0.90420055, 'xrule'), ([(24894, 2, 31), (6900, 2, 31), (24894, 8, 7566)], 0.69860077, 'xrule'), ([(6900, 2, 31), (8301, 8, 7566), (8301, 2, 31)], 0.6394005, 'xrule'), ([(23245, 8, 7566), (6900, 3, 40), (23245, 3, 40)], 0.54970074, 'xrule'), ([(6900, 2, 31)], 0.36657242142694346, 47.590630485704814), ([(6900, 3, 297)], 0.1265497609351321, 13.531595275356354), ([(6900, 3, 40), (24894, 8, 7566), (24894, 3, 40)], -0.062399864, 'xrule'), ([(23245, 8, 7566), (6900, 2, 31), (23245, 2, 31)], -1.2357998, 'xrule')]","(6900, 8, 7566)",5.7092123,"[5, 1]",18,"[2.5995753, 2.8529966]",1
3.0647163,1.0,"[([(14130, 3, 9), (7065, 3, 9), (14130, 10, 7830)], 3.6093998, 'xrule'), ([(7065, 2, 31), (14130, 2, 31), (14130, 10, 7830)], 2.7363997, 'xrule'), ([(14428, 3, 9), (14428, 10, 7830), (7065, 3, 9)], 2.4678993, 'xrule'), ([(7065, 2, 31), (23974, 10, 7830), (23974, 2, 31)], 1.8597994, 'xrule'), ([(14130, 3, 219), (14130, 10, 7830), (7065, 3, 219)], 1.0359001, 'xrule'), ([(7065, 2, 31), (14428, 10, 7830), (14428, 2, 31)], 0.8437996, 'xrule'), ([(23974, 10, 7830), (23974, 3, 1839), (7065, 3, 1839)], 0.48919964, 'xrule'), ([(14428, 2, 68), (14428, 10, 7830), (7065, 2, 68)], 0.31259918, 'xrule'), ([(7065, 3, 738)], -0.2501926015800047, -1.5622239161318463), ([(7065, 3, 192), (16399, 3, 192), (16399, 10, 7830)], -0.53490067, 'xrule'), ([(7065, 3, 9)], -0.7085513616373103, -0.670080994704519), ([(7065, 3, 1855)], -1.224048557530514, 2547.227224754515), ([(16399, 3, 9), (7065, 3, 9), (16399, 10, 7830)], -1.5075006, 'xrule')]","(7065, 10, 7830)",3.4794037,"[1, 1]",13,"[2.9674873, 3.161945]",5
2.424509,1.0,"[([(5533, 2, 30)], 1.0853424601755142, 0.7475036523018757), ([(5533, 2, 305)], 0.450717968111691, -0.389190086270248), ([(12545, 3, 519), (12545, 8, 7429), (5533, 3, 519)], -0.42580032, 'xrule'), ([(5533, 1, 1054)], -0.674097016446226, 0.33758004817528636), ([(5533, 3, 20), (22633, 3, 20), (22633, 8, 7429)], -2.268301, 'xrule'), ([(5533, 2, 709), (15971, 8, 7429), (15971, 2, 709)], -2.282401, 'xrule'), ([(20786, 2, 709), (5533, 2, 709), (20786, 8, 7429)], -2.434101, 'xrule'), ([(20786, 3, 892), (5533, 3, 892), (20786, 8, 7429)], -2.6857004, 'xrule'), ([(12545, 1, 1054), (5533, 1, 1054), (12545, 8, 7429)], -3.0388002, 'xrule'), ([(15971, 3, 519), (15971, 8, 7429), (5533, 3, 519)], -3.4978008, 'xrule'), ([(5533, 2, 709), (12545, 2, 709), (12545, 8, 7429)], -4.238901, 'xrule'), ([(20786, 3, 20), (20786, 8, 7429), (5533, 3, 20)], -5.4331007, 'xrule')]","(5533, 8, 7429)",4.629287,"[1, 1]",12,"[2.3389835, 2.5100346]",1
2.7558236,3.0,"[([(16437, 3, 177), (16437, 8, 7566), (5907, 3, 177)], 2.7019997, 'xrule'), ([(24258, 4, 66), (5907, 4, 66), (24258, 8, 7566)], 2.2480993, 'xrule'), ([(24258, 8, 7566), (5907, 2, 30), (24258, 2, 30)], 0.9926996, 'xrule'), ([(24091, 3, 177), (24091, 8, 7566), (5907, 3, 177)], 0.9673996, 'xrule'), ([(5907, 3, 711)], 0.5322533082956331, 2.630008496835516), ([(5907, 2, 709), (16437, 2, 709), (16437, 8, 7566)], -0.08370018, 'xrule'), ([(5907, 2, 31), (20946, 8, 7566), (20946, 2, 31)], -0.10170078, 'xrule'), ([(5907, 2, 30), (16437, 2, 30), (16437, 8, 7566)], -1.4101, 'xrule'), ([(16437, 8, 7566), (5907, 2, 1538), (16437, 2, 1538)], -1.4469004, 'xrule'), ([(5907, 3, 712)], -1.5685748353633877, 4.172419645146637), ([(5907, 2, 31), (24258, 8, 7566), (24258, 2, 31)], -2.1803007, 'xrule'), ([(5907, 2, 31), (16437, 8, 7566), (16437, 2, 31)], -2.1844006, 'xrule'), ([(5907, 3, 1552)], -2.7026327342833314, 3.0628181730624933)]","(5907, 8, 7566)",5.352762,"[4, 2]",13,"[2.548358, 2.9632893]",1
3.43138,2.5,"[([(7125, 2, 68), (14192, 2, 68), (14192, 11, 7869)], 2.4764004, 'xrule'), ([(7125, 3, 9), (11925, 3, 9), (11925, 11, 7869)], 1.8695002, 'xrule'), ([(13761, 11, 7869), (7125, 2, 2584), (13761, 2, 2584)], 1.7997999, 'xrule'), ([(7125, 3, 10)], 1.5757160890908368, 6.828596945822445), ([(7125, 3, 219)], 1.3857985167399531, -2.200079356898098), ([(7125, 2, 68), (11192, 2, 68), (11192, 11, 7869)], 1.0156002, 'xrule'), ([(7125, 2, 68), (13761, 2, 68), (13761, 11, 7869)], 0.85789967, 'xrule'), ([(13761, 3, 220), (7125, 3, 220), (13761, 11, 7869)], 0.7692003, 'xrule'), ([(12557, 3, 220), (7125, 3, 220), (12557, 11, 7869)], 0.6105995, 'xrule'), ([(11925, 3, 220), (11925, 11, 7869), (7125, 3, 220)], 0.34249973, 'xrule'), ([(7125, 2, 68), (11925, 11, 7869), (11925, 2, 68)], -0.013299942, 'xrule'), ([(7125, 3, 7126)], -0.19196887747517566, 5.452154613812578), ([(7125, 3, 9), (11192, 11, 7869), (11192, 3, 9)], -0.44719982, 'xrule'), ([(10914, 2, 68), (7125, 2, 68), (10914, 11, 7869)], -0.8823004, 'xrule')]","(7125, 11, 7869)",3.5670092,"[3, 2]",14,"[2.91824, 3.94452]",3
2.2735014,2.0,"[([(6394, 3, 479), (14330, 3, 479), (14330, 8, 7427)], 2.9199, 'xrule'), ([(9956, 8, 7427), (6394, 4, 66), (9956, 4, 66)], 2.8172998, 'xrule'), ([(9956, 8, 7427), (6394, 3, 40), (9956, 3, 40)], 2.1734, 'xrule'), ([(24887, 3, 40), (24887, 8, 7427), (6394, 3, 40)], 0.9630995, 'xrule'), ([(9818, 4, 66), (9818, 8, 7427), (6394, 4, 66)], 0.7765999, 'xrule'), ([(6394, 3, 37)], 0.7643757327975934, -1.3176970120735874), ([(14330, 4, 66), (6394, 4, 66), (14330, 8, 7427)], 0.54730034, 'xrule'), ([(24887, 3, 479), (6394, 3, 479), (24887, 8, 7427)], 0.51159954, 'xrule'), ([(6394, 2, 68)], 0.4573879663059996, -0.3876056634722198), ([(6394, 3, 891)], -0.027524908101538955, -0.5068808026144538), ([(9818, 3, 40), (9818, 8, 7427), (6394, 3, 40)], -0.1796999, 'xrule'), ([(23793, 3, 40), (23793, 8, 7427), (6394, 3, 40)], -0.3491001, 'xrule'), ([(9818, 3, 479), (9818, 8, 7427), (6394, 3, 479)], -1.3358002, 'xrule')]","(6394, 8, 7427)",3.8982012,"[1, 3]",13,"[2.0999079, 2.4470947]",1
3.371084,2.0,"[([(7426, 3, 58)], 3.025003182861664, -21.04630901928084), ([(7426, 3, 666)], 2.4384371203448536, 239.91971174728653), ([(7426, 2, 30)], 2.201773278195256, 11623.90040862886), ([(7426, 8, 7429), (25242, 11, 7956), (25242, 8, 7429)], 0.74349976, 'xrule'), ([(25242, 2, 31), (7426, 2, 31), (25242, 11, 7956)], -0.0017004013, 'xrule'), ([(25242, 3, 277), (7426, 3, 277), (25242, 11, 7956)], -1.2024002, 'xrule'), ([(25242, 3, 40), (25242, 11, 7956), (7426, 3, 40)], -2.1855001, 'xrule'), ([(25242, 3, 276), (25242, 11, 7956), (7426, 3, 276)], -2.8528004, 'xrule'), ([(21498, 8, 7429), (7426, 8, 7429), (21498, 11, 7956)], -2.9969006, 'xrule'), ([(25242, 3, 185), (7426, 3, 185), (25242, 11, 7956)], -3.3773003, 'xrule'), ([(21498, 11, 7956), (7426, 2, 30), (21498, 2, 30)], -3.5517998, 'xrule'), ([(25242, 2, 30), (7426, 2, 30), (25242, 11, 7956)], -4.2243004, 'xrule'), ([(21498, 11, 7956), (21498, 2, 31), (7426, 2, 31)], -4.7876997, 'xrule')]","(7426, 11, 7956)",3.2648082,"[1, 3]",13,"[2.654904, 4.087264]",3
2.5003138,1.5,"[([(5770, 3, 772)], 2.857736782217278, -0.05428277822853822), ([(5770, 3, 5780)], 1.9554425206312127, -1.1239611283479922), ([(5770, 2, 30)], 1.588113855743425, 1.8303505602865613)]","(5770, 8, 7410)",5.424654,"[2, 1]",3,"[2.3034105, 2.6972172]",3
3.1068754,2.5,"[([(7655, 3, 9)], 0.8869762904884178, 18556.708265781166), ([(7655, 2, 31), (25559, 11, 7956), (25559, 2, 31)], 0.44979954, 'xrule'), ([(16511, 11, 7956), (16511, 3, 39), (7655, 3, 39)], 0.15549946, 'xrule'), ([(22481, 3, 10), (22481, 11, 7956), (7655, 3, 10)], 0.107299805, 'xrule'), ([(25559, 3, 10), (25559, 11, 7956), (7655, 3, 10)], -0.81519985, 'xrule'), ([(14940, 11, 7956), (14940, 3, 10), (7655, 3, 10)], -1.2143002, 'xrule'), ([(8826, 3, 10), (8826, 11, 7956), (7655, 3, 10)], -1.3249998, 'xrule'), ([(7655, 2, 31), (16511, 11, 7956), (16511, 2, 31)], -1.3661003, 'xrule'), ([(7655, 3, 40)], -1.4752463634072364, 2.186146491945123), ([(19983, 11, 7956), (19983, 3, 10), (7655, 3, 10)], -1.5165005, 'xrule'), ([(16511, 11, 7956), (16511, 3, 10), (7655, 3, 10)], -1.6265001, 'xrule'), ([(7655, 3, 942)], -1.9797734276827899, 2.1213429827094252), ([(10373, 11, 7956), (10373, 3, 10), (7655, 3, 10)], -2.7925997, 'xrule')]","(7655, 11, 7956)",2.9549463,"[1, 4]",13,"[2.4042048, 3.8095458]",3
3.071174,1.0,"[([(6504, 3, 3863)], -0.24362750762866078, -1.5606074069201015), ([(6504, 3, 7)], -0.7104167485388649, -0.670493249466058), ([(6504, 1, 65)], -1.224679889931442, 2743.227113915637)]","(6504, 10, 7830)",3.9476411,"[1, 1]",3,"[3.0004573, 3.1418905]",5
2.444721,2.5,"[([(10833, 3, 40), (10833, 8, 7393), (6492, 3, 40)], 1.6278, 'xrule'), ([(6492, 3, 41)], 1.5739603745579227, -0.17165255172133742), ([(6492, 2, 68)], 1.113251739853339, 0.7527348291131535), ([(10833, 3, 78), (10833, 8, 7393), (6492, 3, 78)], 0.9705, 'xrule'), ([(10833, 2, 68), (6492, 2, 68), (10833, 8, 7393)], 0.84030056, 'xrule'), ([(14846, 8, 7393), (14846, 3, 78), (6492, 3, 78)], -0.3217001, 'xrule'), ([(6492, 3, 3448)], -0.6260633028228856, 2.3484036969624276), ([(23889, 3, 78), (23889, 8, 7393), (6492, 3, 78)], -1.3470001, 'xrule'), ([(23889, 2, 68), (6492, 2, 68), (23889, 8, 7393)], -1.7567997, 'xrule'), ([(25131, 8, 7393), (25131, 3, 40), (6492, 3, 40)], -1.8900995, 'xrule'), ([(23889, 3, 40), (23889, 8, 7393), (6492, 3, 40)], -2.4694996, 'xrule'), ([(25131, 2, 30), (25131, 8, 7393), (6492, 2, 30)], -3.4968996, 'xrule'), ([(14846, 8, 7393), (6492, 2, 68), (14846, 2, 68)], -4.415, 'xrule')]","(6492, 8, 7393)",5.3959875,"[2, 3]",13,"[2.2452674, 2.6441746]",5
2.9945576,3.0,"[([(6383, 3, 78), (13441, 11, 7956), (13441, 3, 78)], 1.3898001, 'xrule'), ([(6383, 3, 10), (13441, 3, 10), (13441, 11, 7956)], 1.2783003, 'xrule'), ([(8476, 11, 7956), (8476, 3, 733), (6383, 3, 733)], 1.1220007, 'xrule'), ([(6383, 2, 728)], 1.0242872752636807, 21.735806857001705), ([(11145, 11, 7956), (6383, 3, 39), (11145, 3, 39)], 0.8361006, 'xrule'), ([(6383, 3, 1526)], 0.3926401554188808, 2776.5969180910697), ([(6383, 3, 730)], 0.3740253862379787, 2780.5924312843918), ([(11145, 11, 7956), (6383, 3, 748), (11145, 3, 748)], -0.024499893, 'xrule'), ([(9020, 11, 7956), (6383, 3, 39), (9020, 3, 39)], -0.65180016, 'xrule'), ([(11145, 3, 6), (11145, 11, 7956), (6383, 3, 6)], -0.89900017, 'xrule'), ([(6383, 3, 39), (13441, 3, 39), (13441, 11, 7956)], -1.3814993, 'xrule'), ([(6383, 3, 6), (13012, 3, 6), (13012, 11, 7956)], -1.4081001, 'xrule'), ([(6383, 3, 39), (8476, 3, 39), (8476, 11, 7956)], -2.1159, 'xrule'), ([(6383, 3, 39), (13012, 3, 39), (13012, 11, 7956)], -2.5538998, 'xrule')]","(6383, 11, 7956)",2.6421046,"[1, 5]",14,"[2.2212267, 3.7678885]",2
2.7420807,1.5,"[([(13505, 8, 7410), (5558, 3, 10), (13505, 3, 10)], -0.032299995, 'xrule'), ([(25680, 3, 10), (5558, 3, 10), (25680, 8, 7410)], -0.15229988, 'xrule'), ([(25680, 3, 220), (25680, 8, 7410), (5558, 3, 220)], -0.45219994, 'xrule'), ([(9221, 8, 7410), (5558, 3, 10), (9221, 3, 10)], -0.50619984, 'xrule'), ([(14554, 3, 479), (14554, 8, 7410), (5558, 3, 479)], -1.0328999, 'xrule'), ([(23922, 8, 7410), (5558, 3, 10), (23922, 3, 10)], -1.1925001, 'xrule'), ([(5558, 3, 78)], -1.588336873543211, 2.169618005844388), ([(21297, 3, 220), (21297, 8, 7410), (5558, 3, 220)], -1.5994005, 'xrule'), ([(14554, 8, 7410), (5558, 3, 10), (14554, 3, 10)], -1.8429003, 'xrule'), ([(5558, 3, 5561)], -2.0858725484113005, 1.1104775266744393), ([(5558, 3, 630)], -2.6897285688518737, 3.0635821672871604), ([(25680, 3, 479), (25680, 8, 7410), (5558, 3, 479)], -2.8978004, 'xrule'), ([(13505, 3, 220), (13505, 8, 7410), (5558, 3, 220)], -3.5419998, 'xrule')]","(5558, 8, 7410)",5.885943,"[2, 1]",13,"[2.6927543, 2.7914073]",4
4.04111,1.0,"[([(7628, 3, 40)], 1.7996645795466368, 10707.858108089678), ([(7628, 8, 7567)], 0.11074547013517315, 10623.527658095432), ([(7628, 8, 7408)], 0.0649185580923719, 11963.516223932053)]","(7628, 12, 8676)",2.6512852,"[1, 1]",3,"[4.613821, 3.468399]",3
3.0781999,1.0,"[([(8704, 10, 7830), (8704, 2, 30), (6205, 2, 30)], 2.9680004, 'xrule'), ([(14544, 2, 30), (14544, 10, 7830), (6205, 2, 30)], 2.9119997, 'xrule'), ([(8704, 10, 7830), (6205, 3, 9), (8704, 3, 9)], 2.717, 'xrule'), ([(6205, 3, 220)], 2.6440297786819102, 0.9336420542990441), ([(9426, 2, 30), (9426, 10, 7830), (6205, 2, 30)], 1.9278002, 'xrule'), ([(6205, 3, 10)], 1.6652231964540762, 1.8409378996079795), ([(6205, 2, 709), (14544, 2, 709), (14544, 10, 7830)], 1.6576004, 'xrule'), ([(6205, 3, 9), (14544, 3, 9), (14544, 10, 7830)], 1.6412001, 'xrule'), ([(6205, 3, 184)], 1.4285307571442347, 10.806672277487017), ([(23848, 2, 30), (6205, 2, 30), (23848, 10, 7830)], 1.2203999, 'xrule'), ([(9426, 3, 9), (9426, 10, 7830), (6205, 3, 9)], 1.1391001, 'xrule'), ([(6205, 3, 9), (23848, 10, 7830), (23848, 3, 9)], 0.16870022, 'xrule'), ([(19941, 10, 7830), (6205, 2, 30), (19941, 2, 30)], -0.23659992, 'xrule')]","(6205, 10, 7830)",3.9084363,"[1, 1]",13,"[3.0174668, 3.1389327]",5
2.406645,2.5,"[([(7201, 3, 1180)], 1.4619808851731022, 2.8118354490567263), ([(7201, 2, 4111)], -0.6536016020027997, 22263.34217837412), ([(7922, 3, 7), (7201, 3, 7), (7922, 8, 7410)], -1.1698008, 'xrule'), ([(7201, 3, 6)], -1.2522067445111846, 5.222318364551605), ([(23950, 8, 7410), (23950, 3, 7), (7201, 3, 7)], -2.1532001, 'xrule'), ([(7201, 3, 7), (24786, 8, 7410), (24786, 3, 7)], -2.3722, 'xrule'), ([(7201, 3, 4), (24472, 8, 7410), (24472, 3, 4)], -2.4872007, 'xrule'), ([(18504, 8, 7410), (18504, 3, 7), (7201, 3, 7)], -2.6687002, 'xrule'), ([(24472, 8, 7410), (24472, 3, 7), (7201, 3, 7)], -3.5246, 'xrule'), ([(16852, 3, 7), (7201, 3, 7), (16852, 8, 7410)], -3.573, 'xrule')]","(7201, 8, 7410)",4.1836443,"[3, 2]",10,"[2.271103, 2.5421872]",2
3.2292752,2.5,"[([(4952, 3, 4957)], 1.5729008423801387, 7.828196743153274), ([(4952, 1, 941)], 1.3863964706163256, -0.19998367298606456), ([(13631, 3, 75), (4952, 3, 75), (13631, 11, 7869)], 1.0051003, 'xrule'), ([(12158, 3, 75), (4952, 3, 75), (12158, 11, 7869)], 0.3345995, 'xrule'), ([(4952, 3, 4958)], -0.18243499538451377, 9.454517319423267), ([(4952, 3, 75), (9970, 11, 7869), (9970, 3, 75)], -0.45149994, 'xrule')]","(4952, 11, 7869)",3.7838056,"[3, 2]",6,"[2.6332645, 3.8252857]",3
