exp,original_rank,new_scores,new_ranks,new_rank,prediction,new_score,facts,original_score,exp_length
"[(14852, 11, 7956), (7788, 9, 7790), (14852, 9, 7790)]",1,[0.9082649350166321],[1],1.0,"(7788, 11, 7956)",0.9082649350166321,"[({(7788, 9, 7790)}, 0.3649051602998017, 'baseline'), ({(7788, 4, 66)}, 0.1720911071336026, 'baseline'), ({(7788, 3, 2545)}, 0.06653509570346663, 'baseline'), ({(7788, 3, 9)}, 0.04070434993809994, 'baseline'), ({(7788, 3, 1239)}, 0.02748022506323077, 'baseline'), ([(7788, 3, 666), (9818, 3, 666), (9818, 11, 7956)], 0.0, 'xrule'), ({(7788, 3, 666)}, -0.047052164565385454, 'baseline'), ({(7788, 3, 220)}, -0.04738589101005371, 'baseline'), ({(7788, 2, 68)}, -0.05586560540611817, 'baseline'), ({(7788, 3, 149)}, -0.0815993146571975, 'baseline'), ({(7788, 3, 2563)}, -0.09938748641644841, 'baseline')]",6.464199395850301e-05,3
"[(23722, 1, 65), (7328, 1, 65), (23722, 10, 7830)]",1,[0.3783155083656311],[1],1.0,"(7328, 10, 7830)",0.3783155083656311,"[({(7328, 1, 65)}, 0.0005206980507870618, 'baseline'), ({(7328, 3, 10)}, 0.0005126566036875447, 'baseline'), ({(7328, 3, 651)}, 0.000508498131705525, 'baseline'), ({(7328, 3, 1838)}, 0.0004907131290492997, 'baseline'), ({(7328, 3, 7332)}, 0.00048290148586899173, 'baseline'), ({(7328, 2, 465)}, 0.00047677885449564776, 'baseline'), ({(7328, 3, 1839)}, 0.0004695896258939589, 'baseline'), ({(7328, 2, 31)}, 0.0004466062715686054, 'baseline'), ({(7328, 3, 1493)}, 0.00034801907925387823, 'baseline'), ({(7328, 3, 40)}, 0.00033793582406481523, 'baseline'), ([(7922, 3, 479), (7328, 3, 479), (7922, 10, 7830)], 0.0, 'xrule')]",5.031374872288552e-09,3
"[(25545, 11, 8038), (25545, 4, 66), (7125, 4, 66)]",1,[0.0001661341084400192],[7],7.0,"(7125, 11, 8038)",0.0001661341084400192,"[({(7125, 4, 66)}, 0.03773252572007872, 'baseline'), ({(7125, 3, 7128)}, 0.02976776192526079, 'baseline'), ({(7125, 1, 65)}, 0.027556362522937358, 'baseline'), ({(7125, 3, 9)}, 0.021657721097497116, 'baseline'), ({(7125, 3, 220)}, 0.018796780079997934, 'baseline'), ({(7125, 3, 479)}, 0.0054674213273748565, 'baseline'), ({(7125, 2, 31)}, 0.005235272437608079, 'baseline'), ([(9267, 11, 8038), (9267, 3, 220), (7125, 3, 220)], 0.0, 'xrule'), ({(7125, 3, 39)}, -0.0036589662158364026, 'baseline'), ({(7125, 3, 10)}, -0.01151168071590642, 'baseline'), ({(7125, 3, 113)}, -0.02795018352476295, 'baseline')]",1.2816738490073476e-05,3
"[(17173, 11, 8038), (7788, 9, 7790), (17173, 9, 7790)]",1,[0.0005226274952292442],[3],3.0,"(7788, 11, 8038)",0.0005226274952292442,"[({(7788, 9, 7790)}, 0.8225638145739657, 'baseline'), ({(7788, 3, 2545)}, 0.6468773927629881, 'baseline'), ({(7788, 4, 66)}, 0.5926361520113871, 'baseline'), ({(7788, 3, 651)}, 0.5583453610314044, 'baseline'), ({(7788, 3, 2563)}, 0.4475236359401997, 'baseline'), ({(7788, 3, 666)}, 0.35105193808259333, 'baseline'), ({(7788, 3, 220)}, 0.29388682158606494, 'baseline'), ({(7788, 3, 1321)}, 0.27748511337680065, 'baseline'), ({(7788, 3, 3903)}, 0.24170325286836636, 'baseline'), ({(7788, 3, 9)}, 0.18410180072333504, 'baseline'), ([(25137, 3, 33), (25137, 11, 8038), (7788, 3, 33)], 0.0, 'xrule')]",0.00025431104586459696,3
"[(9020, 8, 7393), (6105, 3, 2350), (9020, 3, 2350)]",1,[0.03132288157939911],[1],1.0,"(6105, 8, 7393)",0.03132288157939911,"[([(9020, 8, 7393), (6105, 3, 2350), (9020, 3, 2350)], 0.2209, 'xrule'), ({(6105, 3, 40)}, 0.0009383359212414719, 'baseline'), ({(6105, 3, 6112)}, 0.0008284994988319624, 'baseline'), ({(6105, 3, 506)}, 0.0006718629522343298, 'baseline'), ({(6105, 3, 108)}, 0.00032912405707237724, 'baseline'), ({(6105, 2, 30)}, 0.000163886416765794, 'baseline'), ({(6105, 3, 2350)}, 0.0001377376144816812, 'baseline'), ({(6105, 4, 66)}, 0.00011484896513520457, 'baseline'), ({(6105, 3, 20)}, 2.6733451220090585e-05, 'baseline'), ({(6105, 3, 253)}, -0.0004017049736596096, 'baseline'), ({(6105, 3, 2349)}, -0.001340221337255261, 'baseline')]",0.0003303271369077265,3
"[(23722, 1, 65), (6853, 1, 65), (23722, 10, 7830)]",1,[0.17590177059173584],[1],1.0,"(6853, 10, 7830)",0.17590177059173584,"[({(6853, 1, 65)}, 0.0009250052580539152, 'baseline'), ({(6853, 3, 651)}, 0.0008528144146984684, 'baseline'), ({(6853, 3, 5859)}, 0.0008259502356784398, 'baseline'), ({(6853, 3, 158)}, 0.0008181029103389864, 'baseline'), ({(6853, 3, 6198)}, 0.0007631835080196676, 'baseline'), ({(6853, 2, 30)}, 0.0007384249341682661, 'baseline'), ({(6853, 2, 68)}, 0.0007377770828140311, 'baseline'), ({(6853, 3, 6860)}, 0.0007142643279201592, 'baseline'), ({(6853, 2, 31)}, 0.0007004580511009599, 'baseline'), ({(6853, 3, 157)}, 0.0006912479682150476, 'baseline'), ([(8486, 2, 31), (6853, 2, 31), (8486, 10, 7830)], 0.0, 'xrule')]",1.7677559416284794e-09,3
"[(7553, 3, 9), (6427, 3, 9), (7553, 8, 7410)]",1,[0.16179047524929047],[2],2.0,"(6427, 8, 7410)",0.16179047524929047,"[([(7553, 3, 9), (6427, 3, 9), (7553, 8, 7410)], 0.22960001, 'xrule'), ({(6427, 3, 34)}, 0.02253457433010452, 'baseline'), ({(6427, 3, 1315)}, 0.02223725891848767, 'baseline'), ({(6427, 2, 312)}, 0.022197213916871447, 'baseline'), ({(6427, 3, 9)}, 0.021839776024338942, 'baseline'), ({(6427, 3, 6224)}, 0.021627149473709976, 'baseline'), ({(6427, 3, 6429)}, 0.021571037322188274, 'baseline'), ({(6427, 3, 1267)}, 0.021346603491938704, 'baseline'), ({(6427, 3, 1477)}, 0.020871966097081234, 'baseline'), ({(6427, 2, 29)}, 0.019859296209645015, 'baseline'), ({(6427, 3, 672)}, 0.0186061309352, 'baseline'), ({(6427, 2, 68)}, 0.01808954679671518, 'baseline'), ({(6427, 3, 391)}, 0.017307507766865595, 'baseline'), ({(6427, 3, 40)}, 0.016324571290113495, 'baseline'), ({(6427, 3, 278)}, 0.014430672825661694, 'baseline'), ({(6427, 3, 10)}, 0.010532421927003396, 'baseline'), ({(6427, 3, 479)}, 0.007319268744442042, 'baseline'), ({(6427, 3, 2414)}, 0.004956302203947169, 'baseline'), ({(6427, 3, 7)}, 0.0046945893741501, 'baseline'), ({(6427, 3, 2423)}, -0.0026875725363597093, 'baseline'), ({(6427, 3, 6428)}, -0.019288136665142706, 'baseline')]",0.006617997772991657,3
"[(19185, 2, 30), (19185, 8, 7410), (5269, 2, 30)]",1,[0.03313262015581131],[1],1.0,"(5269, 8, 7410)",0.03313262015581131,"[([(19185, 2, 30), (19185, 8, 7410), (5269, 2, 30)], 0.004600048, 'xrule'), ({(5269, 3, 55)}, 0.003011812415663618, 'baseline'), ({(5269, 3, 5275)}, 0.002487977922615396, 'baseline'), ({(5269, 2, 728)}, 0.0019027683335286114, 'baseline'), ({(5269, 4, 66)}, 0.0018840140412044962, 'baseline'), ({(5269, 3, 663)}, 0.001696400296869005, 'baseline'), ({(5269, 3, 6)}, 0.0016215962415737552, 'baseline'), ({(5269, 3, 1966)}, -0.001817559846758114, 'baseline'), ({(5269, 3, 47)}, -0.0026780688962543455, 'baseline'), ({(5269, 3, 46)}, -0.004627035967313653, 'baseline'), ({(5269, 3, 506)}, -0.0056642462137998706, 'baseline')]",0.0001737351849442348,3
"[(18264, 10, 7830), (18264, 4, 485), (5073, 4, 485)]",1,[0.050990406423807144],[1],1.0,"(5073, 10, 7830)",0.050990406423807144,"[({(5073, 4, 485)}, 1.511392153196074e-05, 'baseline'), ({(5073, 2, 1188)}, 8.51352203004396e-06, 'baseline'), ({(5073, 3, 91)}, 4.805170160928502e-06, 'baseline'), ({(5073, 1, 484)}, 4.335376129563057e-06, 'baseline'), ({(5073, 3, 3766)}, 2.39770130539501e-06, 'baseline'), ({(5073, 3, 1024)}, 1.8488030630449956e-06, 'baseline'), ({(5073, 2, 172)}, 1.8043324101468464e-06, 'baseline'), ({(5073, 3, 731)}, 1.6245289455227459e-06, 'baseline'), ([(8628, 2, 31), (8628, 10, 7830), (5073, 2, 31)], 0.0, 'xrule'), ({(5073, 3, 1336)}, -4.0371699916106764e-07, 'baseline'), ({(5073, 2, 68)}, -3.665790731905602e-06, 'baseline')]",2.7475641761753877e-09,3
"[(24904, 3, 476), (24904, 8, 7410), (6766, 3, 476)]",1,[0.30230915546417236],[1],1.0,"(6766, 8, 7410)",0.30230915546417236,"[({(6766, 3, 476)}, 0.025622357602575373, 'baseline'), ({(6766, 1, 65)}, 0.025387008636020312, 'baseline'), ({(6766, 3, 7)}, 0.024594559318867712, 'baseline'), ({(6766, 3, 56)}, 0.02286120404058899, 'baseline'), ({(6766, 2, 2083)}, 0.02244963773836405, 'baseline'), ({(6766, 3, 220)}, 0.02130293748549728, 'baseline'), ({(6766, 4, 66)}, 0.015551534465357704, 'baseline'), ({(6766, 3, 10)}, 0.013797106177730502, 'baseline'), ({(6766, 3, 370)}, 0.013449666048937962, 'baseline'), ({(6766, 3, 629)}, 0.0021647130323810197, 'baseline'), ([(6766, 1, 65), (20731, 1, 65), (20731, 8, 7410)], 0.000100016594, 'xrule')]",0.00013452144048642367,3
"[(25514, 8, 7408), (25514, 3, 2039), (5110, 3, 2039)]",1,[0.08262845128774643],[2],2.0,"(5110, 8, 7408)",0.08262845128774643,"[({(5110, 3, 2039)}, 0.0798770738728885, 'baseline'), ({(5110, 3, 5115)}, 0.07986361070388186, 'baseline'), ({(5110, 3, 277)}, 0.07975975704520025, 'baseline'), ({(5110, 2, 2028)}, 0.07879387867442504, 'baseline'), ({(5110, 2, 788)}, 0.07722385509268674, 'baseline'), ({(5110, 2, 30)}, 0.07264829706715381, 'baseline'), ({(5110, 3, 185)}, 0.07184539269508142, 'baseline'), ({(5110, 1, 65)}, 0.07124103887537767, 'baseline'), ({(5110, 3, 2040)}, 0.06891054938846448, 'baseline'), ({(5110, 2, 31)}, 0.06733551897802778, 'baseline'), ({(5110, 3, 50)}, 0.059250067004868394, 'baseline'), ({(5110, 3, 5118)}, 0.03673649113058082, 'baseline'), ({(5110, 3, 5113)}, 0.036453525518116765, 'baseline'), ({(5110, 3, 51)}, 0.03433053470632045, 'baseline'), ({(5110, 3, 75)}, 0.0212760185146279, 'baseline'), ({(5110, 3, 2030)}, 0.0202152272516726, 'baseline'), ([(5110, 2, 30), (24811, 2, 30), (24811, 8, 7408)], 0.0074000005, 'xrule'), ({(5110, 3, 2031)}, -0.004023921739123404, 'baseline'), ({(5110, 3, 39)}, -0.02706283052626616, 'baseline'), ({(5110, 4, 1893)}, -0.04978836049150469, 'baseline'), ({(5110, 3, 276)}, -0.10933630625245183, 'baseline')]",0.00016445291112177074,3
"[(7177, 3, 79), (14063, 3, 79), (14063, 11, 7956)]",1,[0.8393372297286987],[1],1.0,"(7177, 11, 7956)",0.8393372297286987,"[({(7177, 3, 79)}, 0.023950881267048776, 'baseline'), ({(7177, 3, 33)}, 0.019280784726002892, 'baseline'), ({(7177, 4, 169)}, 0.01757444715330459, 'baseline'), ({(7177, 3, 99)}, 0.01147529386988368, 'baseline'), ({(7177, 3, 10)}, 0.009467932352654515, 'baseline'), ({(7177, 2, 31)}, 0.004009812109668906, 'baseline'), ({(7177, 2, 30)}, 0.0008143660943013834, 'baseline'), ({(7177, 2, 68)}, 8.67088788481443e-05, 'baseline'), ([(12095, 3, 6), (7177, 3, 6), (12095, 11, 7956)], 0.0, 'xrule'), ({(7177, 3, 100)}, -0.012516104661947478, 'baseline'), ({(7177, 2, 27)}, -0.02216997092912263, 'baseline')]",5.2181261708028615e-05,3
"[(7536, 3, 1077), (8048, 3, 1077), (8048, 12, 4492)]",1,[0.605593740940094],[3],3.0,"(7536, 12, 4492)",0.605593740940094,"[({(7536, 3, 1077)}, 0.0686858175286437, 'baseline'), ({(7536, 3, 506)}, 0.06827172919005595, 'baseline'), ({(7536, 2, 729)}, 0.06702284796663777, 'baseline'), ({(7536, 2, 728)}, 0.06641379277206347, 'baseline'), ({(7536, 1, 65)}, 0.06614750158266046, 'baseline'), ({(7536, 2, 68)}, 0.06592426728838956, 'baseline'), ({(7536, 8, 7537)}, 0.06589054598018208, 'baseline'), ({(7536, 3, 733)}, 0.06537956276713934, 'baseline'), ({(7536, 3, 1839)}, 0.06371388118258664, 'baseline'), ({(7536, 8, 7393)}, 0.06334842274684443, 'baseline'), ({(7536, 3, 1321)}, 0.0631344272006173, 'baseline'), ({(7536, 3, 37)}, 0.0630239723211229, 'baseline'), ({(7536, 3, 651)}, 0.06201225052978801, 'baseline'), ({(7536, 3, 7542)}, 0.05455416715744877, 'baseline'), ({(7536, 3, 732)}, 0.042438539637542044, 'baseline'), ({(7536, 8, 7409)}, 0.02358767668110254, 'baseline'), ({(7536, 2, 30)}, 0.008151939997947848, 'baseline'), ([(22161, 12, 4492), (22161, 2, 30), (7536, 2, 30)], 0.0, 'xrule'), ({(7536, 3, 1493)}, -0.12234936366277147, 'baseline')]",0.00012008265184704214,3
"[(20934, 10, 7830), (20934, 1, 6071), (7182, 1, 6071)]",1,[0.06722559034824371],[1],1.0,"(7182, 10, 7830)",0.06722559034824371,"[({(7182, 1, 6071)}, 2.9064202378938808e-05, 'baseline'), ({(7182, 3, 1180)}, 2.7607206418279254e-05, 'baseline'), ({(7182, 3, 1814)}, 2.1976662961920998e-05, 'baseline'), ({(7182, 3, 695)}, 1.9732990464009136e-05, 'baseline'), ({(7182, 2, 172)}, 1.54508856809131e-05, 'baseline'), ({(7182, 3, 41)}, 1.3008375813650392e-05, 'baseline'), ({(7182, 3, 7184)}, 1.2359069356002274e-05, 'baseline'), ({(7182, 3, 20)}, 1.2070999642122378e-05, 'baseline'), ({(7182, 3, 1)}, 9.969761290854731e-06, 'baseline'), ({(7182, 3, 4735)}, 3.986479410044333e-06, 'baseline'), ([(15851, 3, 7), (7182, 3, 7), (15851, 10, 7830)], 0.0, 'xrule')]",5.526598068072985e-10,3
"[(5234, 3, 39), (21865, 3, 39), (21865, 8, 7567)]",1,[0.13069196045398712],[5],5.0,"(5234, 8, 7567)",0.13069196045398712,"[([(5234, 3, 39), (21865, 3, 39), (21865, 8, 7567)], 0.01999998, 'xrule'), ({(5234, 3, 504)}, 0.01785058430108307, 'baseline'), ({(5234, 2, 31)}, 0.01720779102695131, 'baseline'), ({(5234, 3, 5247)}, 0.017096632121695876, 'baseline'), ({(5234, 3, 5239)}, 0.016980647093328853, 'baseline'), ({(5234, 3, 9)}, 0.016682869719545756, 'baseline'), ({(5234, 3, 5241)}, 0.014221551772628358, 'baseline'), ({(5234, 3, 5236)}, 0.013677082896203159, 'baseline'), ({(5234, 3, 2286)}, 0.012556858342348175, 'baseline'), ({(5234, 2, 4264)}, 0.012363628416406982, 'baseline'), ({(5234, 3, 40)}, 0.009965741027419933, 'baseline'), ({(5234, 4, 924)}, 0.00963534966950055, 'baseline'), ({(5234, 3, 6)}, 0.009279820094073942, 'baseline'), ({(5234, 3, 5245)}, 0.009224390546354726, 'baseline'), ({(5234, 3, 7)}, -0.0015573604738367908, 'baseline'), ({(5234, 2, 68)}, -0.005763572693535198, 'baseline'), ({(5234, 3, 1510)}, -0.008296280185554537, 'baseline'), ({(5234, 3, 10)}, -0.013447583669455265, 'baseline'), ({(5234, 3, 220)}, -0.01901328661429519, 'baseline'), ({(5234, 2, 709)}, -0.019019802153967, 'baseline'), ({(5234, 3, 177)}, -0.021349393796754525, 'baseline')]",0.07745267450809479,3
"[(13361, 3, 75), (5110, 3, 75), (13361, 8, 7593)]",1,[0.004351053386926651],[2],2.0,"(5110, 8, 7593)",0.004351053386926651,"[({(5110, 3, 75)}, 0.03448663558192176, 'baseline'), ({(5110, 2, 2028)}, 0.0338313346365177, 'baseline'), ({(5110, 3, 2040)}, 0.03353381802609241, 'baseline'), ({(5110, 3, 50)}, 0.0328298201364186, 'baseline'), ({(5110, 4, 1893)}, 0.029007195431283953, 'baseline'), ({(5110, 3, 2030)}, 0.028656697812933167, 'baseline'), ({(5110, 1, 65)}, 0.019065168625144815, 'baseline'), ({(5110, 3, 2039)}, 0.015724697126944576, 'baseline'), ({(5110, 3, 276)}, 0.0147920427111468, 'baseline'), ({(5110, 3, 185)}, 0.01456262261353084, 'baseline'), ([(5110, 1, 65), (23960, 1, 65), (23960, 8, 7593)], -0.0027999878, 'xrule')]",0.00010146859858650714,3
"[(7365, 2, 171), (16427, 10, 7830), (16427, 2, 171)]",1,[0.785240650177002],[1],1.0,"(7365, 10, 7830)",0.785240650177002,"[({(7365, 2, 171)}, 1.647097493844453e-05, 'baseline'), ({(7365, 3, 117)}, 9.682273653609912e-06, 'baseline'), ({(7365, 3, 1270)}, 6.33649730425332e-06, 'baseline'), ({(7365, 3, 6002)}, 2.4053265090790273e-06, 'baseline'), ([(7365, 2, 31), (9705, 2, 31), (9705, 10, 7830)], 0.0, 'xrule'), ({(7365, 3, 7375)}, -1.205294697543733e-06, 'baseline'), ({(7365, 3, 7)}, -6.2871145336762885e-06, 'baseline'), ({(7365, 3, 669)}, -1.687130455608323e-05, 'baseline'), ({(7365, 3, 346)}, -1.8557231247002567e-05, 'baseline'), ({(7365, 3, 7378)}, -2.575047577613053e-05, 'baseline'), ({(7365, 3, 276)}, -3.065959348325319e-05, 'baseline')]",4.245953633130739e-08,3
"[(6383, 2, 68), (8641, 8, 7429), (8641, 2, 68)]",1,[0.012496070936322212],[4],4.0,"(6383, 8, 7429)",0.012496070936322212,"[([(6383, 2, 68), (8641, 8, 7429), (8641, 2, 68)], 0.2809, 'xrule'), ({(6383, 3, 2542)}, 0.00015767088627813744, 'baseline'), ({(6383, 3, 40)}, 0.00014612952941326377, 'baseline'), ({(6383, 3, 751)}, 0.00013859873862146543, 'baseline'), ({(6383, 3, 2417)}, 0.0001166723783271301, 'baseline'), ({(6383, 3, 10)}, 0.00010936155430051594, 'baseline'), ({(6383, 3, 56)}, 0.00010810589863561036, 'baseline'), ({(6383, 3, 303)}, 0.00010584377430320303, 'baseline'), ({(6383, 3, 3058)}, 0.00010213524780103955, 'baseline'), ({(6383, 3, 748)}, 7.914223216245493e-05, 'baseline'), ({(6383, 3, 476)}, 4.619401849995394e-05, 'baseline'), ({(6383, 3, 6386)}, 1.7224647732183475e-05, 'baseline'), ({(6383, 3, 6389)}, 9.785403248119982e-07, 'baseline'), ({(6383, 3, 1526)}, -9.160714726495826e-05, 'baseline'), ({(6383, 2, 728)}, -0.00012718931586587978, 'baseline'), ({(6383, 3, 733)}, -0.00014533619452442934, 'baseline'), ({(6383, 3, 2539)}, -0.0001825676773408037, 'baseline'), ({(6383, 3, 730)}, -0.00023074254992094855, 'baseline'), ({(6383, 3, 220)}, -0.00028827791332354644, 'baseline'), ({(6383, 2, 68)}, -0.00032465613064237836, 'baseline'), ({(6383, 3, 7)}, -0.0013923190225257809, 'baseline')]",4.635970981325954e-05,3
"[(5849, 2, 68), (25165, 8, 7410), (25165, 2, 68)]",1,[0.3071315884590149],[1],1.0,"(5849, 8, 7410)",0.3071315884590149,"[([(5849, 2, 68), (25165, 8, 7410), (25165, 2, 68)], 0.3477, 'xrule'), ({(5849, 2, 68)}, 0.0015093368197207887, 'baseline'), ({(5849, 3, 40)}, 0.00116819373082394, 'baseline'), ({(5849, 3, 220)}, 0.0006437071469048394, 'baseline'), ({(5849, 3, 88)}, 0.00027958008146719435, 'baseline'), ({(5849, 3, 91)}, 5.821657803921314e-05, 'baseline'), ({(5849, 3, 5851)}, -0.0015899321622735915, 'baseline'), ({(5849, 3, 7)}, -0.002086750279088052, 'baseline'), ({(5849, 3, 1196)}, -0.0023941644730752576, 'baseline'), ({(5849, 3, 662)}, -0.0033590738351546223, 'baseline'), ({(5849, 3, 5076)}, -0.004857543442475657, 'baseline')]",0.013211838901042938,3
"[(16617, 1, 65), (16617, 8, 7410), (5781, 1, 65)]",1,[0.8008350729942322],[1],1.0,"(5781, 8, 7410)",0.8008350729942322,"[({(5781, 1, 65)}, 0.07605574562523049, 'baseline'), ({(5781, 4, 66)}, 0.0753124235011845, 'baseline'), ({(5781, 3, 284)}, 0.07454058064301539, 'baseline'), ({(5781, 2, 2975)}, 0.07389024923788526, 'baseline'), ({(5781, 2, 31)}, 0.07277176063513377, 'baseline'), ({(5781, 3, 516)}, 0.0709930015721594, 'baseline'), ({(5781, 2, 1166)}, 0.07079728970336008, 'baseline'), ({(5781, 3, 5787)}, 0.07044383417194082, 'baseline'), ({(5781, 3, 2977)}, 0.06401153189793261, 'baseline'), ([(15535, 8, 7410), (15535, 3, 41), (5781, 3, 41)], -0.0005000001, 'xrule')]",0.026959797367453575,3
"[(6004, 1, 2548), (17452, 1, 2548), (17452, 10, 7830)]",1,[0.16462300717830658],[1],1.0,"(6004, 10, 7830)",0.16462300717830658,"[({(6004, 1, 2548)}, 0.0010426309202706324, 'baseline'), ({(6004, 4, 66)}, 0.001029336636196649, 'baseline'), ({(6004, 3, 39)}, 0.0010100533062382551, 'baseline'), ({(6004, 2, 31)}, 0.0009978370285335604, 'baseline'), ({(6004, 3, 10)}, 0.0008479129213097436, 'baseline'), ({(6004, 3, 1926)}, 0.0008461535362354429, 'baseline'), ({(6004, 3, 78)}, 0.0007740950595385306, 'baseline'), ({(6004, 2, 68)}, 0.0006172129378765755, 'baseline'), ({(6004, 3, 1927)}, 0.0001905337677263009, 'baseline'), ([(6004, 2, 31), (15042, 2, 31), (15042, 10, 7830)], 0.0, 'xrule'), ({(6004, 3, 935)}, -9.754432869172506e-05, 'baseline')]",3.285558847210268e-08,3
"[(25630, 11, 8038), (5575, 1, 2467), (25630, 1, 2467)]",1,[0.0005548605695366859],[6],6.0,"(5575, 11, 8038)",0.0005548605695366859,"[({(5575, 1, 2467)}, 0.4910571999763654, 'baseline'), ({(5575, 3, 2563)}, 0.4321628036034001, 'baseline'), ({(5575, 4, 66)}, 0.30124322689598365, 'baseline'), ({(5575, 3, 115)}, 0.23152406098772355, 'baseline'), ({(5575, 3, 100)}, 0.19543452130775324, 'baseline'), ({(5575, 3, 3079)}, 0.16978774520652593, 'baseline'), ({(5575, 3, 651)}, 0.15668864103412117, 'baseline'), ({(5575, 3, 1407)}, 0.11860112387073571, 'baseline'), ({(5575, 3, 33)}, 0.06633193325955283, 'baseline'), ({(5575, 3, 1132)}, 0.05136738247929164, 'baseline'), ([(11340, 11, 8038), (5575, 4, 66), (11340, 4, 66)], 0.0, 'xrule')]",0.00015194447769317776,3
"[(21519, 8, 7410), (21519, 3, 279), (4882, 3, 279)]",1,[0.22146575152873993],[2],2.0,"(4882, 8, 7410)",0.22146575152873993,"[([(21519, 8, 7410), (21519, 3, 279), (4882, 3, 279)], 0.0055000004, 'xrule'), ({(4882, 3, 1)}, 0.002783379230305328, 'baseline'), ({(4882, 3, 756)}, 0.0022397944285371444, 'baseline'), ({(4882, 1, 65)}, 0.002073409906358109, 'baseline'), ({(4882, 2, 30)}, 0.00013703056602122325, 'baseline'), ({(4882, 2, 465)}, -0.0002955708677297029, 'baseline'), ({(4882, 3, 469)}, -0.0006536625561471146, 'baseline'), ({(4882, 3, 7)}, -0.002458457199281028, 'baseline'), ({(4882, 3, 279)}, -0.0054790192097865995, 'baseline'), ({(4882, 3, 40)}, -0.006505610478983697, 'baseline'), ({(4882, 3, 6)}, -0.006990811841657214, 'baseline')]",0.0005842457758262753,3
"[(6323, 3, 75), (7426, 8, 7427), (7426, 3, 75)]",1,[0.0026417041663080454],[11],11.0,"(6323, 8, 7427)",0.0026417041663080454,"[({(6323, 3, 75)}, 0.00748676428217296, 'baseline'), ({(6323, 2, 31)}, 0.007474979801724659, 'baseline'), ({(6323, 3, 85)}, 0.0074021359227691725, 'baseline'), ({(6323, 3, 1896)}, 0.007399429986184498, 'baseline'), ({(6323, 3, 1878)}, 0.007251379957666228, 'baseline'), ({(6323, 3, 6326)}, 0.007142752811177949, 'baseline'), ({(6323, 3, 706)}, 0.006951157879255463, 'baseline'), ({(6323, 3, 279)}, 0.006589766992068829, 'baseline'), ({(6323, 3, 609)}, 0.006360621168754802, 'baseline'), ({(6323, 3, 2638)}, 0.006289134694123838, 'baseline'), ({(6323, 3, 78)}, 0.006255963277081024, 'baseline'), ({(6323, 3, 149)}, 0.004891388510631188, 'baseline'), ({(6323, 3, 38)}, 0.004647416929947248, 'baseline'), ({(6323, 2, 68)}, 0.004553672821383892, 'baseline'), ({(6323, 3, 39)}, 0.004515769835008417, 'baseline'), ({(6323, 2, 28)}, 0.003016313507889209, 'baseline'), ({(6323, 2, 70)}, 0.0005702091998069093, 'baseline'), ({(6323, 3, 9)}, -0.0034427517806400842, 'baseline'), ({(6323, 3, 716)}, -0.005061475120255329, 'baseline'), ({(6323, 3, 1902)}, -0.01654834768870057, 'baseline')]",0.0006460305885411799,3
"[(6373, 1, 65), (23722, 1, 65), (23722, 10, 7830)]",1,[0.658218502998352],[1],1.0,"(6373, 10, 7830)",0.658218502998352,"[({(6373, 1, 65)}, 0.010888885680056394, 'baseline'), ({(6373, 3, 731)}, 0.01035161870677007, 'baseline'), ({(6373, 3, 165)}, 0.010121873511241782, 'baseline'), ({(6373, 4, 485)}, 0.009625362167474914, 'baseline'), ({(6373, 3, 6380)}, 0.009323401345280617, 'baseline'), ({(6373, 3, 10)}, 0.00919065342775292, 'baseline'), ({(6373, 2, 31)}, 0.008002078089001175, 'baseline'), ({(6373, 3, 743)}, 0.007416034996994032, 'baseline'), ({(6373, 3, 6375)}, 0.0071721048657698225, 'baseline'), ({(6373, 2, 68)}, 0.006577889881189997, 'baseline'), ([(7833, 10, 7830), (6373, 2, 31), (7833, 2, 31)], 0.0, 'xrule')]",6.148118458781937e-09,3
"[(21902, 2, 31), (21902, 8, 7410), (4912, 2, 31)]",1,[0.055652521550655365],[3],3.0,"(4912, 8, 7410)",0.055652521550655365,"[([(21902, 2, 31), (21902, 8, 7410), (4912, 2, 31)], 0.0808, 'xrule'), ({(4912, 3, 220)}, 0.010121667683681177, 'baseline'), ({(4912, 3, 436)}, 0.010034307815465058, 'baseline'), ({(4912, 3, 4)}, 0.009995134474450326, 'baseline'), ({(4912, 3, 2044)}, 0.009949088043137405, 'baseline'), ({(4912, 4, 66)}, 0.00990233007448109, 'baseline'), ({(4912, 3, 6)}, 0.009881689191199517, 'baseline'), ({(4912, 2, 68)}, 0.00980030551848506, 'baseline'), ({(4912, 3, 4915)}, 0.009752015522029187, 'baseline'), ({(4912, 3, 7)}, 0.009728185788218758, 'baseline'), ({(4912, 3, 293)}, 0.009639305961451584, 'baseline'), ({(4912, 3, 40)}, 0.009497531671836092, 'baseline'), ({(4912, 3, 504)}, 0.008269076216715696, 'baseline'), ({(4912, 3, 1019)}, 0.007193433999437259, 'baseline'), ({(4912, 2, 2271)}, 0.006096607051456717, 'baseline'), ({(4912, 3, 738)}, 0.0051473234454536086, 'baseline'), ({(4912, 3, 1020)}, 0.0017878114813775314, 'baseline'), ({(4912, 3, 748)}, -0.0005205665369978662, 'baseline'), ({(4912, 3, 3090)}, -0.0013922462629143652, 'baseline'), ({(4912, 3, 2966)}, -0.0024913782803460544, 'baseline'), ({(4912, 3, 10)}, -0.0036107665627242947, 'baseline')]",0.0015577415470033884,3
"[(23722, 1, 65), (5133, 1, 65), (23722, 10, 7830)]",1,[0.48737552762031555],[1],1.0,"(5133, 10, 7830)",0.48737552762031555,"[({(5133, 1, 65)}, 0.0008087657014918936, 'baseline'), ({(5133, 3, 78)}, 0.0007962479091664079, 'baseline'), ({(5133, 3, 5146)}, 0.0007775109766331561, 'baseline'), ({(5133, 2, 31)}, 0.0007672219561249615, 'baseline'), ({(5133, 3, 673)}, 0.000752794952453582, 'baseline'), ({(5133, 4, 485)}, 0.0007462031667600333, 'baseline'), ({(5133, 5, 5134)}, 0.000712664431948681, 'baseline'), ({(5133, 3, 9)}, 0.0007080401819515287, 'baseline'), ({(5133, 3, 4768)}, 0.0006760163021427104, 'baseline'), ({(5133, 3, 2543)}, 0.000656242459044768, 'baseline'), ([(5133, 3, 1019), (22027, 3, 1019), (22027, 10, 7830)], 0.0, 'xrule')]",1.0917164061652329e-08,3
"[(7628, 2, 31), (4492, 2, 31)]",1,[0.9837364554405212],[1],1.0,"(7628, 12, 4492)",0.9837364554405212,"[([(7628, 2, 31), (4492, 2, 31)], 0.47580004, 'xrule'), ({(7628, 3, 149)}, 0.2578318227604334, 'baseline'), ({(7628, 3, 40)}, 0.25614796173601506, 'baseline'), ({(7628, 8, 7408)}, 0.25543100724909445, 'baseline'), ({(7628, 3, 6)}, 0.2546094466538641, 'baseline'), ({(7628, 8, 7410)}, 0.25301463493563897, 'baseline'), ({(7628, 3, 88)}, 0.2529372979388021, 'baseline'), ({(7628, 8, 7567)}, 0.252827774395654, 'baseline'), ({(7628, 3, 279)}, 0.2500589896294353, 'baseline'), ({(7628, 3, 38)}, 0.24534500726632172, 'baseline'), ({(7628, 8, 7554)}, 0.2448410201638932, 'baseline')]",0.022079473361372948,2
"[(23722, 2, 31), (7201, 2, 31), (23722, 10, 7830)]",1,[0.7746267318725586],[1],1.0,"(7201, 10, 7830)",0.7746267318725586,"[({(7201, 2, 31)}, 9.807893052482419e-05, 'baseline'), ({(7201, 3, 7203)}, 7.961237544028346e-05, 'baseline'), ({(7201, 3, 717)}, 6.0178991121018284e-05, 'baseline'), ({(7201, 3, 5934)}, 5.0802959301446154e-05, 'baseline'), ({(7201, 3, 1180)}, 3.815897477611846e-05, 'baseline'), ({(7201, 3, 716)}, 3.697829058170038e-05, 'baseline'), ({(7201, 3, 7209)}, 3.490830974373223e-05, 'baseline'), ({(7201, 3, 119)}, 2.210087811024139e-05, 'baseline'), ({(7201, 3, 7212)}, 1.4312285625738415e-05, 'baseline'), ([(10701, 10, 7830), (7201, 3, 6), (10701, 3, 6)], 0.0, 'xrule'), ({(7201, 2, 4111)}, -2.7754740164566308e-05, 'baseline')]",5.487277832116888e-08,3
"[(5110, 2, 2028), (22400, 2, 2028), (22400, 8, 7567)]",1,[0.001979566877707839],[3],3.0,"(5110, 8, 7567)",0.001979566877707839,"[([(5110, 2, 2028), (22400, 2, 2028), (22400, 8, 7567)], 0.21310002, 'xrule'), ({(5110, 3, 2040)}, 0.03645751156403528, 'baseline'), ({(5110, 4, 1893)}, 0.03467425606877286, 'baseline'), ({(5110, 3, 50)}, 0.03463711495082469, 'baseline'), ({(5110, 1, 65)}, 0.033316439892431646, 'baseline'), ({(5110, 3, 2031)}, 0.03226432110014508, 'baseline'), ({(5110, 2, 30)}, 0.028177280857733456, 'baseline'), ({(5110, 2, 31)}, 0.026051574345721952, 'baseline'), ({(5110, 3, 277)}, 0.02151497730650957, 'baseline'), ({(5110, 3, 185)}, 0.01986251302398125, 'baseline'), ({(5110, 3, 39)}, 0.017643845610702525, 'baseline'), ({(5110, 3, 2039)}, 0.017363893747825907, 'baseline'), ({(5110, 3, 5113)}, 0.01735854237254422, 'baseline'), ({(5110, 2, 2028)}, 0.015376730774902177, 'baseline'), ({(5110, 3, 51)}, 0.007705931511043802, 'baseline'), ({(5110, 3, 5118)}, 0.0005623576842121742, 'baseline'), ({(5110, 3, 5115)}, -0.033390560229174124, 'baseline'), ({(5110, 2, 788)}, -0.03737996612725041, 'baseline'), ({(5110, 3, 276)}, -0.04428951539967268, 'baseline'), ({(5110, 3, 2030)}, -0.04981217630594547, 'baseline'), ({(5110, 3, 75)}, -0.08279926050835437, 'baseline')]",0.0004571357276290655,3
"[(23625, 11, 8038), (6213, 2, 729), (23625, 2, 729)]",1,[0.0023843415547162294],[3],3.0,"(6213, 11, 8038)",0.0023843415547162294,"[({(6213, 2, 729)}, 0.0179218230204201, 'baseline'), ({(6213, 3, 1321)}, 0.01583282924384756, 'baseline'), ({(6213, 3, 1744)}, 0.01128261998432177, 'baseline'), ({(6213, 3, 1493)}, 0.010201444797520564, 'baseline'), ({(6213, 3, 1840)}, 0.006435884095345314, 'baseline'), ({(6213, 3, 1964)}, 0.004263290153511709, 'baseline'), ({(6213, 2, 31)}, 0.0035976124262207163, 'baseline'), ([(23552, 3, 40), (6213, 3, 40), (23552, 11, 8038)], 0.0, 'xrule'), ({(6213, 3, 78)}, -0.001821980838680022, 'baseline'), ({(6213, 3, 1838)}, -0.006864354995989377, 'baseline'), ({(6213, 3, 75)}, -0.01790616388072911, 'baseline')]",0.00026256981072947383,3
"[(23722, 1, 65), (5593, 1, 65), (23722, 10, 7830)]",1,[0.4687938392162323],[1],1.0,"(5593, 10, 7830)",0.4687938392162323,"[({(5593, 1, 65)}, 2.9865372623931002e-05, 'baseline'), ({(5593, 3, 46)}, 7.810780939836093e-06, 'baseline'), ([(9644, 2, 31), (9644, 10, 7830), (5593, 2, 31)], 0.0, 'xrule'), ({(5593, 2, 31)}, -1.1849802237386293e-06, 'baseline'), ({(5593, 3, 560)}, -3.789160431561287e-05, 'baseline'), ({(5593, 4, 924)}, -7.064726702724278e-05, 'baseline'), ({(5593, 3, 573)}, -8.021334686625143e-05, 'baseline'), ({(5593, 5, 5594)}, -8.781969117733933e-05, 'baseline'), ({(5593, 3, 5604)}, -0.0001192418164377947, 'baseline'), ({(5593, 3, 731)}, -0.0001248501827953244, 'baseline'), ({(5593, 3, 5597)}, -0.0002944675414933021, 'baseline')]",4.969827660517012e-09,3
"[(5558, 1, 65), (25753, 1, 65), (25753, 8, 7393)]",1,[0.13624155521392822],[2],2.0,"(5558, 8, 7393)",0.13624155521392822,"[([(5558, 1, 65), (25753, 1, 65), (25753, 8, 7393)], 0.19370002, 'xrule'), ({(5558, 3, 149)}, 0.004642454874712858, 'baseline'), ({(5558, 1, 65)}, 0.0042626601109277, 'baseline'), ({(5558, 3, 629)}, 0.004033583166766512, 'baseline'), ({(5558, 3, 479)}, 0.0038796250472633025, 'baseline'), ({(5558, 4, 169)}, 0.0030524676498744985, 'baseline'), ({(5558, 3, 3674)}, 0.0014031258848034016, 'baseline'), ({(5558, 3, 5561)}, 0.0012178373744618854, 'baseline'), ({(5558, 2, 31)}, -0.0016724318558283028, 'baseline'), ({(5558, 3, 9)}, -0.0038421359498317037, 'baseline'), ({(5558, 3, 78)}, -0.018505816391812188, 'baseline')]",0.0007456682506017387,3
"[(20885, 3, 40), (4870, 3, 40), (20885, 8, 7593)]",1,[0.00536612793803215],[2],2.0,"(4870, 8, 7593)",0.00536612793803215,"[([(20885, 3, 40), (4870, 3, 40), (20885, 8, 7593)], 0.004700005, 'xrule'), ({(4870, 2, 1100)}, 0.0002949236212005735, 'baseline'), ({(4870, 2, 888)}, 8.407765973946106e-05, 'baseline'), ({(4870, 3, 538)}, 2.206001633221099e-05, 'baseline'), ({(4870, 2, 30)}, -5.38573254283525e-05, 'baseline'), ({(4870, 3, 88)}, -7.723975029608756e-05, 'baseline'), ({(4870, 3, 7)}, -0.000275121701127241, 'baseline'), ({(4870, 2, 172)}, -0.0002794394872892668, 'baseline'), ({(4870, 3, 4879)}, -0.0006370084113032432, 'baseline'), ({(4870, 3, 1019)}, -0.0006812843062183646, 'baseline'), ({(4870, 3, 40)}, -0.000984896973997465, 'baseline')]",0.00022191622701939195,3
"[(6320, 2, 31), (23722, 2, 31), (23722, 10, 7830)]",1,[0.4178205728530884],[1],1.0,"(6320, 10, 7830)",0.4178205728530884,"[({(6320, 2, 31)}, 0.0033245479455711172, 'baseline'), ({(6320, 4, 66)}, 0.003311060320305307, 'baseline'), ({(6320, 5, 6321)}, 0.0031269508744165486, 'baseline'), ({(6320, 3, 717)}, 0.0030484217423678846, 'baseline'), ({(6320, 3, 1477)}, 0.0027266644882723025, 'baseline'), ({(6320, 3, 74)}, 0.0026446461954723146, 'baseline'), ({(6320, 3, 85)}, 0.002484518053903995, 'baseline'), ({(6320, 3, 2414)}, 0.0024511077952012223, 'baseline'), ({(6320, 3, 9)}, 0.002269264713668485, 'baseline'), ({(6320, 2, 69)}, 0.002209587001660523, 'baseline'), ([(24659, 10, 7830), (6320, 3, 38), (24659, 3, 38)], 0.0, 'xrule')]",3.580371910061331e-08,3
"[(4882, 1, 65), (23722, 1, 65), (23722, 10, 7830)]",1,[0.6449368000030518],[1],1.0,"(4882, 10, 7830)",0.6449368000030518,"[({(4882, 1, 65)}, 0.0010064664328459196, 'baseline'), ({(4882, 3, 1823)}, 0.0005028578090024552, 'baseline'), ({(4882, 3, 40)}, 0.000315342636293822, 'baseline'), ([(4882, 3, 6), (10456, 3, 6), (10456, 10, 7830)], 0.0, 'xrule'), ({(4882, 2, 1813)}, -0.0006481544810267249, 'baseline'), ({(4882, 2, 31)}, -0.0009250415569679564, 'baseline'), ({(4882, 3, 469)}, -0.0016216876049872562, 'baseline'), ({(4882, 3, 88)}, -0.0019453445184584766, 'baseline'), ({(4882, 3, 4886)}, -0.0021683243336429515, 'baseline'), ({(4882, 3, 470)}, -0.004139787539418935, 'baseline'), ({(4882, 3, 6)}, -0.00521003555475462, 'baseline')]",2.7909027977557344e-08,3
"[(25794, 10, 7830), (7125, 4, 66), (25794, 4, 66)]",1,[0.20267269015312195],[1],1.0,"(7125, 10, 7830)",0.20267269015312195,"[({(7125, 4, 66)}, 0.0016910059562327525, 'baseline'), ({(7125, 3, 2585)}, 0.0005901762918257613, 'baseline'), ({(7125, 3, 479)}, 0.0004846946893837403, 'baseline'), ({(7125, 2, 172)}, 6.55080188982094e-05, 'baseline'), ([(11096, 3, 39), (7125, 3, 39), (11096, 10, 7830)], 0.0, 'xrule'), ({(7125, 3, 5382)}, -4.7480734378615204e-05, 'baseline'), ({(7125, 3, 9)}, -0.0008441170599729347, 'baseline'), ({(7125, 3, 10)}, -0.002350833523369511, 'baseline'), ({(7125, 3, 219)}, -0.003051358535846727, 'baseline'), ({(7125, 3, 39)}, -0.0032739390761862904, 'baseline'), ({(7125, 3, 113)}, -0.0034609086086020363, 'baseline')]",9.861518712739326e-09,3
"[(5269, 4, 66), (25794, 10, 7830), (25794, 4, 66)]",1,[0.6993982195854187],[1],1.0,"(5269, 10, 7830)",0.6993982195854187,"[({(5269, 4, 66)}, 0.01239970789693467, 'baseline'), ({(5269, 3, 1966)}, 0.011168164168483354, 'baseline'), ({(5269, 3, 55)}, 0.010415440354183519, 'baseline'), ({(5269, 3, 891)}, 0.010294056432350183, 'baseline'), ({(5269, 2, 266)}, 0.009194195205908362, 'baseline'), ({(5269, 3, 5272)}, 0.0084009104765038, 'baseline'), ({(5269, 3, 506)}, 0.007951411355926143, 'baseline'), ({(5269, 3, 733)}, 0.007922700557088875, 'baseline'), ({(5269, 3, 47)}, 0.006209693790881333, 'baseline'), ({(5269, 3, 46)}, 0.005262248148942417, 'baseline'), ([(5269, 3, 733), (9015, 3, 733), (9015, 10, 7830)], 0.0, 'xrule')]",8.774312831860698e-09,3
"[(23688, 3, 6389), (6383, 3, 6389), (23688, 10, 7830)]",1,[0.1128053218126297],[1],1.0,"(6383, 10, 7830)",0.1128053218126297,"[({(6383, 3, 6389)}, 7.998866333901105e-08, 'baseline'), ({(6383, 3, 7)}, 5.571606864545446e-08, 'baseline'), ({(6383, 3, 3058)}, 2.5739123386397484e-08, 'baseline'), ([(6383, 3, 10), (16979, 10, 7830), (16979, 3, 10)], 0.0, 'xrule'), ({(6383, 3, 10)}, -1.5284198071539968e-07, 'baseline'), ({(6383, 3, 476)}, -2.0441396839840468e-07, 'baseline'), ({(6383, 2, 728)}, -2.58372470014054e-07, 'baseline'), ({(6383, 2, 68)}, -2.7368108475859685e-07, 'baseline'), ({(6383, 3, 733)}, -3.991768016561089e-07, 'baseline'), ({(6383, 3, 40)}, -5.330544215271101e-07, 'baseline'), ({(6383, 3, 751)}, -5.949291652643159e-07, 'baseline')]",3.598073616828401e-09,3
"[(25794, 10, 7830), (5380, 4, 66), (25794, 4, 66)]",1,[0.3753964900970459],[1],1.0,"(5380, 10, 7830)",0.3753964900970459,"[({(5380, 4, 66)}, 0.0014744607489546634, 'baseline'), ({(5380, 3, 732)}, 0.0012525319475680165, 'baseline'), ({(5380, 2, 728)}, 0.0007858959078841527, 'baseline'), ({(5380, 3, 6)}, 0.0007579586712052469, 'baseline'), ({(5380, 3, 476)}, 0.0007208183367594693, 'baseline'), ({(5380, 3, 2508)}, 0.000345853695995068, 'baseline'), ({(5380, 3, 5382)}, 9.441394335438925e-05, 'baseline'), ([(9644, 2, 31), (5380, 2, 31), (9644, 10, 7830)], 0.0, 'xrule'), ({(5380, 3, 1352)}, -0.00042471062129552167, 'baseline'), ({(5380, 3, 1745)}, -0.0007364633712623705, 'baseline'), ({(5380, 3, 49)}, -0.0007749966154593751, 'baseline')]",9.406750933749208e-09,3
"[(23625, 10, 7830), (23625, 3, 1348), (7097, 3, 1348)]",1,[0.22053968906402588],[1],1.0,"(7097, 10, 7830)",0.22053968906402588,"[({(7097, 3, 1348)}, 0.021132263311533943, 'baseline'), ({(7097, 3, 9)}, 0.020632716807045075, 'baseline'), ({(7097, 2, 68)}, 0.020504805215429776, 'baseline'), ({(7097, 4, 66)}, 0.019082372008726683, 'baseline'), ({(7097, 3, 7100)}, 0.019078216476662097, 'baseline'), ({(7097, 3, 40)}, 0.01746829873415297, 'baseline'), ({(7097, 3, 1352)}, 0.017164616788567663, 'baseline'), ({(7097, 3, 479)}, 0.017032117562804792, 'baseline'), ({(7097, 3, 5157)}, 0.016910766224662314, 'baseline'), ({(7097, 3, 220)}, 0.016869815960984243, 'baseline'), ([(17113, 10, 7830), (7097, 3, 39), (17113, 3, 39)], 0.0, 'xrule')]",3.679509363863076e-09,3
"[(24904, 3, 476), (24904, 10, 7830), (5665, 3, 476)]",1,[0.49065661430358887],[1],1.0,"(5665, 10, 7830)",0.49065661430358887,"[({(5665, 3, 476)}, 5.990702025146489e-08, 'baseline'), ({(5665, 3, 37)}, 5.798616732809273e-08, 'baseline'), ({(5665, 3, 111)}, 5.618172995881544e-08, 'baseline'), ({(5665, 3, 56)}, 3.656574820948894e-08, 'baseline'), ({(5665, 3, 40)}, 2.9639036553540203e-08, 'baseline'), ({(5665, 3, 479)}, 2.7368937713208106e-08, 'baseline'), ({(5665, 3, 74)}, 1.5145328883585678e-08, 'baseline'), ({(5665, 3, 717)}, 8.800693990097947e-09, 'baseline'), ({(5665, 3, 5666)}, 5.948518584304374e-09, 'baseline'), ([(12570, 10, 7830), (5665, 3, 6), (12570, 3, 6)], 0.0, 'xrule'), ({(5665, 3, 9)}, -2.5134372489400524e-08, 'baseline')]",1.1674138988837512e-07,3
"[(25281, 11, 7956), (6976, 3, 6978), (25281, 3, 6978)]",1,[0.9875215888023376],[1],1.0,"(6976, 11, 7956)",0.9875215888023376,"[({(6976, 3, 6978)}, 0.10386262376899283, 'baseline'), ({(6976, 2, 69)}, 0.06686792799877732, 'baseline'), ({(6976, 3, 220)}, 0.06026313730755077, 'baseline'), ({(6976, 2, 68)}, 0.00991640514882713, 'baseline'), ([(6976, 3, 6), (15619, 11, 7956), (15619, 3, 6)], 0.0, 'xrule'), ({(6976, 3, 180)}, -0.01761331131868016, 'baseline'), ({(6976, 2, 31)}, -0.021387298644743986, 'baseline'), ({(6976, 3, 40)}, -0.029503841940922933, 'baseline'), ({(6976, 3, 6980)}, -0.03456081916714756, 'baseline'), ({(6976, 3, 10)}, -0.04020716720034349, 'baseline'), ({(6976, 3, 476)}, -0.05984463266460704, 'baseline')]",1.3795589438814204e-05,3
"[(23722, 3, 6), (23722, 10, 7830), (5627, 3, 6)]",1,[0.2908247411251068],[1],1.0,"(5627, 10, 7830)",0.2908247411251068,"[({(5627, 3, 6)}, 0.00020590571263275748, 'baseline'), ({(5627, 3, 58)}, 0.00017709687833698234, 'baseline'), ({(5627, 3, 7)}, 0.00017276750890041936, 'baseline'), ({(5627, 2, 29)}, 0.0001601416268765669, 'baseline'), ({(5627, 2, 30)}, 0.00014573272778657334, 'baseline'), ({(5627, 3, 5632)}, 0.00013390306838602072, 'baseline'), ({(5627, 3, 5630)}, 0.0001226390128379622, 'baseline'), ({(5627, 3, 666)}, 0.00012077357371421527, 'baseline'), ({(5627, 3, 5629)}, 0.0001187015556011331, 'baseline'), ({(5627, 1, 864)}, 7.941988270550863e-05, 'baseline'), ([(5627, 3, 36), (22652, 3, 36), (22652, 10, 7830)], 0.0, 'xrule')]",2.871291258088604e-07,3
"[(5586, 1, 65), (23722, 1, 65), (23722, 10, 7830)]",1,[0.36420100927352905],[1],1.0,"(5586, 10, 7830)",0.36420100927352905,"[({(5586, 1, 65)}, 0.00764607307225617, 'baseline'), ({(5586, 3, 10)}, 0.007634561000533044, 'baseline'), ({(5586, 2, 68)}, 0.007520351506607588, 'baseline'), ({(5586, 3, 506)}, 0.007340602080505805, 'baseline'), ({(5586, 2, 728)}, 0.007069103823587521, 'baseline'), ({(5586, 3, 1903)}, 0.006654464585138545, 'baseline'), ({(5586, 3, 2417)}, 0.006500692076932874, 'baseline'), ({(5586, 3, 5589)}, 0.006121504097305013, 'baseline'), ({(5586, 2, 30)}, 0.005926211315788374, 'baseline'), ({(5586, 3, 149)}, 0.005876895900877583, 'baseline'), ([(5586, 1, 65), (16412, 10, 7830), (16412, 1, 65)], 0.0, 'xrule')]",9.579575355189718e-09,3
"[(23140, 3, 78), (23140, 12, 4492), (5586, 3, 78)]",1,[0.9417476654052734],[2],2.0,"(5586, 12, 4492)",0.9417476654052734,"[([(23140, 3, 78), (23140, 12, 4492), (5586, 3, 78)], 0.5547, 'xrule'), ({(5586, 3, 279)}, 0.03938209542840156, 'baseline'), ({(5586, 3, 6)}, 0.03907655084054952, 'baseline'), ({(5586, 2, 728)}, 0.03890706873380625, 'baseline'), ({(5586, 3, 88)}, 0.03819805657933398, 'baseline'), ({(5586, 2, 68)}, 0.03787481313384217, 'baseline'), ({(5586, 3, 10)}, 0.03763394708320151, 'baseline'), ({(5586, 3, 149)}, 0.03715281834479212, 'baseline'), ({(5586, 3, 747)}, 0.03633877163248138, 'baseline'), ({(5586, 3, 2417)}, 0.03613368326294701, 'baseline'), ({(5586, 1, 65)}, 0.03506487886362904, 'baseline')]",0.07337050884962082,3
"[(6900, 3, 741), (21872, 8, 7393), (21872, 3, 741)]",1,[0.4695587158203125],[2],2.0,"(6900, 8, 7393)",0.4695587158203125,"[([(6900, 3, 741), (21872, 8, 7393), (21872, 3, 741)], 0.017600004, 'xrule'), ({(6900, 2, 2270)}, 0.004223663305515606, 'baseline'), ({(6900, 3, 741)}, 0.004215148709187748, 'baseline'), ({(6900, 3, 41)}, 0.00408997754239909, 'baseline'), ({(6900, 3, 5846)}, 0.004015944369640851, 'baseline'), ({(6900, 3, 4047)}, 0.0037197507265864095, 'baseline'), ({(6900, 3, 6902)}, 0.0036425934748866616, 'baseline'), ({(6900, 3, 939)}, 0.003532090648127426, 'baseline'), ({(6900, 3, 4045)}, 0.003471621026744877, 'baseline'), ({(6900, 3, 10)}, 0.003366482142399936, 'baseline'), ({(6900, 3, 78)}, 0.003254553276790914, 'baseline'), ({(6900, 3, 293)}, 0.003243827439221073, 'baseline'), ({(6900, 3, 40)}, 0.0030846688439792333, 'baseline'), ({(6900, 1, 168)}, 0.002979666871763089, 'baseline'), ({(6900, 2, 68)}, 0.0028245083204793066, 'baseline'), ({(6900, 3, 4052)}, 0.002419559487246765, 'baseline'), ({(6900, 2, 31)}, 0.0018431108420822874, 'baseline'), ({(6900, 3, 9)}, 0.0004364645174826356, 'baseline'), ({(6900, 3, 297)}, -0.00010492890182006977, 'baseline'), ({(6900, 4, 906)}, -0.0006775218789983794, 'baseline')]",0.00042496295645833015,3
"[(23722, 1, 65), (23722, 10, 7830), (5645, 1, 65)]",1,[0.503880500793457],[1],1.0,"(5645, 10, 7830)",0.503880500793457,"[({(5645, 1, 65)}, 0.0011508236276464095, 'baseline'), ({(5645, 3, 2085)}, 0.0008823655183831345, 'baseline'), ({(5645, 3, 1200)}, 0.0006001105359859561, 'baseline'), ({(5645, 3, 1917)}, 0.0005493806344549691, 'baseline'), ({(5645, 2, 266)}, 0.0004485388242153417, 'baseline'), ({(5645, 3, 630)}, 0.0004418571082802244, 'baseline'), ({(5645, 3, 20)}, 0.00040455431965881646, 'baseline'), ({(5645, 2, 30)}, 0.0003374442603543947, 'baseline'), ({(5645, 2, 31)}, 0.0003101314789077852, 'baseline'), ({(5645, 3, 5654)}, 0.0003041862064894271, 'baseline'), ([(11777, 10, 7830), (11777, 1, 65), (5645, 1, 65)], 0.0, 'xrule')]",4.1949319573575394e-09,3
"[(5844, 2, 30), (25101, 8, 7427), (25101, 2, 30)]",1,[0.00334027037024498],[7],7.0,"(5844, 8, 7427)",0.00334027037024498,"[([(5844, 2, 30), (25101, 8, 7427), (25101, 2, 30)], 0.2013, 'xrule'), ({(5844, 3, 1151)}, 0.001492601409290392, 'baseline'), ({(5844, 2, 2270)}, 0.0014862344189779226, 'baseline'), ({(5844, 3, 3860)}, 0.001395377160774451, 'baseline'), ({(5844, 3, 4)}, 0.0013948629540476507, 'baseline'), ({(5844, 3, 75)}, 0.001391173983540125, 'baseline'), ({(5844, 3, 2274)}, 0.0013617262482741256, 'baseline'), ({(5844, 3, 10)}, 0.0013332966242476482, 'baseline'), ({(5844, 3, 1030)}, 0.0013278514115744535, 'baseline'), ({(5844, 3, 185)}, 0.0013162353692716103, 'baseline'), ({(5844, 3, 2281)}, 0.0010322793834836362, 'baseline')]",0.0008862688555382192,3
"[(16088, 2, 171), (16088, 9, 8151), (4870, 2, 171)]",1,[2.6068063263551267e-08],[102],102.0,"(4870, 9, 8151)",2.6068063263551267e-08,"[([(16088, 2, 171), (16088, 9, 8151), (4870, 2, 171)], 0.07139999, 'xrule'), ({(4870, 3, 3987)}, 0.008854888332447918, 'baseline'), ({(4870, 2, 30)}, 0.006121474294703421, 'baseline'), ({(4870, 3, 88)}, 0.005781063274478097, 'baseline'), ({(4870, 2, 888)}, 0.005551248736816825, 'baseline'), ({(4870, 3, 1019)}, 0.00042070258067532955, 'baseline'), ({(4870, 3, 4879)}, -0.0016949605648748454, 'baseline'), ({(4870, 2, 1100)}, -0.002323675014057697, 'baseline'), ({(4870, 3, 41)}, -0.004155428179794417, 'baseline'), ({(4870, 3, 40)}, -0.0047585210451699415, 'baseline'), ({(4870, 1, 864)}, -0.022024058760213246, 'baseline')]",7.97808897914365e-05,3
"[(23877, 9, 8151), (6054, 3, 177), (23877, 3, 177)]",1,[1.1570252533843473e-09],[210],210.0,"(6054, 9, 8151)",1.1570252533843473e-09,"[({(6054, 3, 177)}, 0.16287982018952116, 'baseline'), ({(6054, 3, 6060)}, 0.15734010487522854, 'baseline'), ({(6054, 2, 171)}, 0.1522376343627862, 'baseline'), ({(6054, 1, 864)}, 0.14594329443249493, 'baseline'), ({(6054, 3, 712)}, 0.14551321715337834, 'baseline'), ({(6054, 3, 519)}, 0.14471663086545217, 'baseline'), ({(6054, 3, 715)}, 0.13627910163817697, 'baseline'), ({(6054, 2, 305)}, 0.13261468257724768, 'baseline'), ({(6054, 3, 187)}, 0.1298620506422348, 'baseline'), ({(6054, 3, 351)}, 0.10836101607878351, 'baseline'), ([(11633, 3, 6059), (11633, 9, 8151), (6054, 3, 6059)], 0.10780001, 'xrule')]",0.00014518971147481352,3
"[(17218, 8, 7410), (6205, 2, 709), (17218, 2, 709)]",1,[0.6449267864227295],[1],1.0,"(6205, 8, 7410)",0.6449267864227295,"[({(6205, 2, 709)}, 0.050654443903374084, 'baseline'), ({(6205, 3, 6212)}, 0.04982101820065722, 'baseline'), ({(6205, 1, 6206)}, 0.04975430570457726, 'baseline'), ({(6205, 2, 30)}, 0.04911228919947713, 'baseline'), ({(6205, 5, 6207)}, 0.04801358933674895, 'baseline'), ({(6205, 3, 220)}, 0.04706106614750732, 'baseline'), ({(6205, 3, 40)}, 0.04665863415393796, 'baseline'), ({(6205, 3, 279)}, 0.044738809559327075, 'baseline'), ({(6205, 3, 1237)}, 0.043597097464416826, 'baseline'), ({(6205, 3, 6210)}, 0.026807169373868827, 'baseline'), ([(16437, 8, 7410), (16437, 3, 9), (6205, 3, 9)], 0.0023999999, 'xrule')]",0.014452626928687096,3
"[(24242, 4, 66), (24242, 11, 7956), (6004, 4, 66)]",1,[0.9417044520378113],[1],1.0,"(6004, 11, 7956)",0.9417044520378113,"[({(6004, 4, 66)}, 0.09421148435920891, 'baseline'), ({(6004, 3, 10)}, 0.022405135412831043, 'baseline'), ([(14665, 4, 66), (14665, 11, 7956), (6004, 4, 66)], 0.0, 'xrule'), ({(6004, 2, 31)}, -0.010174472856797243, 'baseline'), ({(6004, 3, 935)}, -0.05523696261832694, 'baseline'), ({(6004, 3, 150)}, -0.056780424942549375, 'baseline'), ({(6004, 3, 78)}, -0.05835811516218374, 'baseline'), ({(6004, 3, 40)}, -0.09777687203141593, 'baseline'), ({(6004, 1, 2548)}, -0.10701131532196581, 'baseline'), ({(6004, 3, 6009)}, -0.1084237964398155, 'baseline'), ({(6004, 3, 937)}, -0.11948066660664482, 'baseline')]",0.00012833354412578046,3
"[(19589, 11, 8038), (19589, 3, 20), (6263, 3, 20)]",1,[0.005386968608945608],[3],3.0,"(6263, 11, 8038)",0.005386968608945608,"[({(6263, 3, 20)}, 0.04406965056154853, 'baseline'), ({(6263, 2, 68)}, 0.042793291599583914, 'baseline'), ({(6263, 3, 1839)}, 0.04139796173760572, 'baseline'), ({(6263, 1, 65)}, 0.03960091149079392, 'baseline'), ({(6263, 2, 31)}, 0.0390789126447064, 'baseline'), ({(6263, 3, 2702)}, 0.033297090782737314, 'baseline'), ({(6263, 3, 14)}, 0.032389777701679195, 'baseline'), ({(6263, 3, 1840)}, 0.03198440275942442, 'baseline'), ({(6263, 3, 651)}, 0.030917118270319215, 'baseline'), ({(6263, 3, 37)}, 0.030444984258461254, 'baseline'), ([(12589, 11, 8038), (6263, 3, 20), (12589, 3, 20)], 0.0, 'xrule')]",0.0002951537608169019,3
"[(24242, 2, 31), (24242, 11, 7956), (6344, 2, 31)]",1,[0.9391201138496399],[1],1.0,"(6344, 11, 7956)",0.9391201138496399,"[({(6344, 2, 31)}, 0.04104787388970776, 'baseline'), ({(6344, 3, 75)}, 0.04080182216406433, 'baseline'), ({(6344, 1, 941)}, 0.03178160539129673, 'baseline'), ({(6344, 3, 1836)}, 0.03004974400367837, 'baseline'), ({(6344, 3, 149)}, 0.024301997370946408, 'baseline'), ({(6344, 3, 706)}, 0.021000998971647415, 'baseline'), ({(6344, 3, 117)}, 0.01930220702182039, 'baseline'), ({(6344, 3, 6350)}, 0.01327315991231226, 'baseline'), ([(13186, 2, 171), (13186, 11, 7956), (6344, 2, 171)], 0.0, 'xrule'), ({(6344, 2, 171)}, -0.005633928860986217, 'baseline'), ({(6344, 3, 6210)}, -0.006329127632390369, 'baseline')]",4.18413728766609e-05,3
"[(25794, 10, 7830), (6914, 4, 66), (25794, 4, 66)]",1,[0.768717348575592],[1],1.0,"(6914, 10, 7830)",0.768717348575592,"[({(6914, 4, 66)}, 0.0016002782540099735, 'baseline'), ({(6914, 3, 6918)}, 0.0015108235606434287, 'baseline'), ({(6914, 2, 28)}, 0.0014239128986370437, 'baseline'), ({(6914, 3, 220)}, 0.0013638890131272843, 'baseline'), ({(6914, 3, 20)}, 0.0013521822829666522, 'baseline'), ({(6914, 1, 2467)}, 0.0013265229957520345, 'baseline'), ({(6914, 3, 75)}, 0.0012722534094346764, 'baseline'), ({(6914, 3, 38)}, 0.0012646427547090696, 'baseline'), ({(6914, 3, 6915)}, 0.0012574928720458436, 'baseline'), ({(6914, 3, 36)}, 0.0012439432874392902, 'baseline'), ([(10597, 2, 31), (10597, 10, 7830), (6914, 2, 31)], 0.0, 'xrule')]",1.2131610382937197e-08,3
"[(7788, 3, 2545), (21587, 10, 7830), (21587, 3, 2545)]",1,[0.5321713089942932],[1],1.0,"(7788, 10, 7830)",0.5321713089942932,"[({(7788, 3, 2545)}, 0.003312054975541986, 'baseline'), ({(7788, 9, 7790)}, 0.0029158252108688917, 'baseline'), ({(7788, 4, 66)}, 0.0017348029458304985, 'baseline'), ({(7788, 3, 37)}, 0.001323278964970434, 'baseline'), ({(7788, 3, 1239)}, 0.0005393817217223791, 'baseline'), ([(12437, 2, 31), (12437, 10, 7830), (7788, 2, 31)], 0.0, 'xrule'), ({(7788, 3, 1321)}, -0.003232386961843435, 'baseline'), ({(7788, 3, 2563)}, -0.0033672303231197125, 'baseline'), ({(7788, 8, 7429)}, -0.003603660082701329, 'baseline'), ({(7788, 3, 666)}, -0.004055183455102282, 'baseline'), ({(7788, 3, 149)}, -0.004645753672592539, 'baseline')]",1.025166298518343e-07,3
"[(24089, 10, 7830), (24089, 3, 146), (5920, 3, 146)]",1,[0.31554046273231506],[1],1.0,"(5920, 10, 7830)",0.31554046273231506,"[({(5920, 3, 146)}, 1.7352837429349895e-07, 'baseline'), ({(5920, 2, 30)}, 1.4215444499401647e-07, 'baseline'), ({(5920, 3, 6)}, 1.3551877183882994e-07, 'baseline'), ({(5920, 3, 5928)}, 1.333650883175309e-07, 'baseline'), ({(5920, 3, 111)}, 1.3167706614938643e-07, 'baseline'), ({(5920, 3, 74)}, 1.1112976179491035e-07, 'baseline'), ({(5920, 3, 532)}, 1.0641494141421124e-07, 'baseline'), ({(5920, 3, 593)}, 8.278263106820175e-08, 'baseline'), ({(5920, 3, 7)}, 8.097819343213617e-08, 'baseline'), ({(5920, 3, 220)}, 5.938315127199747e-08, 'baseline'), ([(15839, 10, 7830), (15839, 2, 68), (5920, 2, 68)], 0.0, 'xrule')]",2.1284087381445715e-08,3
"[(24607, 11, 8038), (6437, 3, 406), (24607, 3, 406)]",1,[0.0011492474004626274],[5],5.0,"(6437, 11, 8038)",0.0011492474004626274,"[({(6437, 3, 406)}, 0.19297445880022557, 'baseline'), ({(6437, 3, 91)}, 0.18442433637919156, 'baseline'), ({(6437, 2, 312)}, 0.18171990972321034, 'baseline'), ({(6437, 1, 2467)}, 0.17482350329875018, 'baseline'), ({(6437, 3, 4441)}, 0.1561851904044618, 'baseline'), ({(6437, 2, 68)}, 0.06825340818998699, 'baseline'), ({(6437, 3, 6443)}, 0.06358447203768207, 'baseline'), ({(6437, 3, 6446)}, 0.054451282089994696, 'baseline'), ({(6437, 3, 37)}, 0.014806414911329573, 'baseline'), ([(6437, 4, 66), (11340, 11, 8038), (11340, 4, 66)], 0.0, 'xrule'), ({(6437, 3, 4546)}, -0.004950379049782237, 'baseline')]",0.00044393775169737637,3
"[(21960, 3, 37), (7080, 3, 37), (21960, 8, 7410)]",1,[0.0409177727997303],[4],4.0,"(7080, 8, 7410)",0.0409177727997303,"[([(21960, 3, 37), (7080, 3, 37), (21960, 8, 7410)], 0.1329, 'xrule'), ({(7080, 3, 459)}, 0.023123661968974335, 'baseline'), ({(7080, 3, 1255)}, 0.02177422396079735, 'baseline'), ({(7080, 3, 10)}, 0.02133686744315465, 'baseline'), ({(7080, 1, 1054)}, 0.02125771991529208, 'baseline'), ({(7080, 4, 485)}, 0.02045861532842181, 'baseline'), ({(7080, 3, 460)}, 0.020319881810235082, 'baseline'), ({(7080, 3, 7089)}, 0.0202246000504734, 'baseline'), ({(7080, 3, 651)}, 0.016091815174707404, 'baseline'), ({(7080, 3, 4624)}, 0.013799071245475506, 'baseline'), ({(7080, 3, 1259)}, 0.011560065603757825, 'baseline')]",0.0038276715204119682,3
"[(6848, 1, 65), (23722, 1, 65), (23722, 10, 7830)]",1,[0.30818313360214233],[1],1.0,"(6848, 10, 7830)",0.30818313360214233,"[({(6848, 1, 65)}, 0.0012291594672386235, 'baseline'), ({(6848, 4, 66)}, 0.00100624675707797, 'baseline'), ({(6848, 3, 83)}, 0.0008428104368426121, 'baseline'), ({(6848, 3, 40)}, 0.0005485894758681709, 'baseline'), ({(6848, 3, 1207)}, 0.00047577424841917075, 'baseline'), ({(6848, 3, 7)}, 0.0004274525741689907, 'baseline'), ({(6848, 2, 68)}, 1.8224349926552314e-06, 'baseline'), ([(11145, 10, 7830), (6848, 4, 66), (11145, 4, 66)], 0.0, 'xrule'), ({(6848, 3, 220)}, -0.0003687039062491365, 'baseline'), ({(6848, 3, 39)}, -0.000986577662407254, 'baseline'), ({(6848, 3, 6)}, -0.0013448122939554944, 'baseline')]",3.360280231845536e-08,3
"[(23442, 3, 5520), (5517, 3, 5520), (23442, 9, 7903)]",1,[6.600131655432051e-06],[30],30.0,"(5517, 9, 7903)",6.600131655432051e-06,"[({(5517, 3, 5520)}, 0.1318339362334226, 'baseline'), ({(5517, 3, 1482)}, 0.13103410147104566, 'baseline'), ({(5517, 2, 1323)}, 0.12959067067228325, 'baseline'), ({(5517, 3, 75)}, 0.12380854331038996, 'baseline'), ({(5517, 3, 3863)}, 0.12246369857607523, 'baseline'), ({(5517, 3, 7)}, 0.1223264290762371, 'baseline'), ({(5517, 2, 30)}, 0.12196673740459428, 'baseline'), ({(5517, 3, 1005)}, 0.11889924398603456, 'baseline'), ({(5517, 3, 1123)}, 0.11741911161337243, 'baseline'), ({(5517, 3, 10)}, 0.10563664424124235, 'baseline'), ({(5517, 3, 731)}, 0.10496161417634384, 'baseline'), ({(5517, 3, 260)}, 0.0983708380528999, 'baseline'), ({(5517, 3, 5521)}, 0.07954962831052541, 'baseline'), ({(5517, 3, 78)}, 0.0774006200801457, 'baseline'), ({(5517, 1, 65)}, 0.06346367576422526, 'baseline'), ({(5517, 3, 1024)}, 0.01681703603007016, 'baseline'), ({(5517, 3, 39)}, 0.014047215661317612, 'baseline'), ([(23360, 2, 1188), (23360, 9, 7903), (5517, 2, 1188)], 0.0041999817, 'xrule'), ({(5517, 2, 31)}, -0.10289052586761015, 'baseline'), ({(5517, 3, 3736)}, -0.1330135509732616, 'baseline'), ({(5517, 3, 1026)}, -0.2604404876841857, 'baseline')]",0.001694337697699666,3
"[(13576, 8, 7567), (7097, 3, 1348), (13576, 3, 1348)]",1,[0.00041793484706431627],[5],5.0,"(7097, 8, 7567)",0.00041793484706431627,"[({(7097, 3, 1348)}, 0.0882062269917421, 'baseline'), ({(7097, 3, 2173)}, 0.088108050644649, 'baseline'), ({(7097, 2, 209)}, 0.08799632175343208, 'baseline'), ({(7097, 2, 68)}, 0.08795339896048598, 'baseline'), ({(7097, 3, 1351)}, 0.08790482863824074, 'baseline'), ({(7097, 3, 479)}, 0.08770332765116286, 'baseline'), ({(7097, 3, 733)}, 0.08766685707007577, 'baseline'), ({(7097, 3, 40)}, 0.08241468947665197, 'baseline'), ({(7097, 3, 1855)}, 0.07927006018608204, 'baseline'), ({(7097, 3, 732)}, 0.07831275743736531, 'baseline'), ({(7097, 3, 220)}, 0.07714798580624983, 'baseline'), ({(7097, 3, 476)}, 0.07473598702607484, 'baseline'), ({(7097, 4, 66)}, 0.06543734201604963, 'baseline'), ({(7097, 3, 9)}, 0.06238758841692882, 'baseline'), ({(7097, 3, 1074)}, 0.060946467316469764, 'baseline'), ({(7097, 3, 1352)}, 0.045514213820308194, 'baseline'), ({(7097, 3, 3905)}, 0.042842044460451735, 'baseline'), ([(12800, 3, 10), (7097, 3, 10), (12800, 8, 7567)], 0.0413, 'xrule'), ({(7097, 3, 1529)}, 0.04040450135167636, 'baseline'), ({(7097, 3, 5157)}, 0.03965908191512419, 'baseline'), ({(7097, 3, 10)}, 0.032195868870633, 'baseline')]",0.00016190372116398066,3
"[(23900, 2, 31), (5756, 2, 31), (23900, 8, 7410)]",1,[0.6636748313903809],[1],1.0,"(5756, 8, 7410)",0.6636748313903809,"[([(23900, 2, 31), (5756, 2, 31), (23900, 8, 7410)], 0.019900002, 'xrule'), ({(5756, 4, 924)}, 0.012390454269660924, 'baseline'), ({(5756, 2, 5758)}, 0.012206210684818284, 'baseline'), ({(5756, 3, 5760)}, 0.011786428240094966, 'baseline'), ({(5756, 1, 864)}, 0.008358996324899186, 'baseline'), ({(5756, 3, 651)}, 0.007652140669373063, 'baseline'), ({(5756, 2, 31)}, 0.005772525419960999, 'baseline'), ({(5756, 3, 4906)}, 0.005682592682126168, 'baseline'), ({(5756, 3, 706)}, -3.2274099374051315e-05, 'baseline'), ({(5756, 3, 5761)}, -0.007739979810612001, 'baseline'), ({(5756, 3, 50)}, -0.015935049426960283, 'baseline')]",0.011794748716056347,3
"[(17698, 3, 78), (5447, 3, 78), (17698, 8, 7410)]",1,[0.07010044902563095],[1],1.0,"(5447, 8, 7410)",0.07010044902563095,"[([(17698, 3, 78), (5447, 3, 78), (17698, 8, 7410)], 0.07879996, 'xrule'), ({(5447, 2, 171)}, 0.0029204063381582414, 'baseline'), ({(5447, 1, 1054)}, 0.0028718460295520786, 'baseline'), ({(5447, 3, 386)}, 0.002772382850622362, 'baseline'), ({(5447, 3, 1143)}, 0.002695377172758893, 'baseline'), ({(5447, 2, 709)}, 0.0026777789278417587, 'baseline'), ({(5447, 3, 710)}, 0.002655525168190035, 'baseline'), ({(5447, 3, 5448)}, 0.002594316564086038, 'baseline'), ({(5447, 3, 1104)}, 0.0025284795170656925, 'baseline'), ({(5447, 3, 17)}, 0.002358250260061105, 'baseline'), ({(5447, 3, 1155)}, 0.0020765729140567683, 'baseline')]",0.002314773853868246,3
"[(25545, 11, 8038), (25545, 4, 66), (6394, 4, 66)]",1,[0.0023490977473556995],[4],4.0,"(6394, 11, 8038)",0.0023490977473556995,"[({(6394, 4, 66)}, 0.003912470241558769, 'baseline'), ({(6394, 2, 68)}, 0.003214725686577561, 'baseline'), ({(6394, 5, 6395)}, 0.0031823445655755713, 'baseline'), ({(6394, 3, 891)}, 0.0031413980513340994, 'baseline'), ({(6394, 3, 6404)}, 0.0027937723447813453, 'baseline'), ({(6394, 3, 1839)}, 0.0024609602715759504, 'baseline'), ({(6394, 3, 37)}, 0.0007070539694293638, 'baseline'), ({(6394, 2, 30)}, 0.00027256081950386904, 'baseline'), ({(6394, 3, 6)}, 0.00011132559720107246, 'baseline'), ([(6394, 3, 20), (16972, 11, 8038), (16972, 3, 20)], 0.0, 'xrule'), ({(6394, 3, 1493)}, -0.00027761706359818295, 'baseline')]",1.2339714885456488e-05,3
"[(24242, 4, 66), (24242, 11, 7956), (7125, 4, 66)]",1,[0.6380850672721863],[1],1.0,"(7125, 11, 7956)",0.6380850672721863,"[({(7125, 4, 66)}, 0.2598642517707413, 'baseline'), ({(7125, 3, 7133)}, 0.20973966589325518, 'baseline'), ({(7125, 3, 219)}, 0.16734484887850964, 'baseline'), ({(7125, 3, 5382)}, 0.13169799293509837, 'baseline'), ({(7125, 3, 7127)}, 0.12670520984122904, 'baseline'), ({(7125, 2, 68)}, 0.09143839313809976, 'baseline'), ({(7125, 3, 2593)}, 0.058886210429855985, 'baseline'), ({(7125, 3, 220)}, 0.05158005185472858, 'baseline'), ({(7125, 3, 40)}, 0.03455410427054741, 'baseline'), ({(7125, 2, 172)}, 0.028510312495376153, 'baseline'), ([(13012, 4, 66), (7125, 4, 66), (13012, 11, 7956)], 0.0, 'xrule')]",2.1323852706700563e-05,3
"[(22870, 2, 30), (22870, 11, 7956), (5627, 2, 30)]",1,[0.9375547766685486],[1],1.0,"(5627, 11, 7956)",0.9375547766685486,"[({(5627, 2, 30)}, 0.006438984500316619, 'baseline'), ({(5627, 3, 6)}, 0.0054492083638659075, 'baseline'), ([(13224, 3, 6), (13224, 11, 7956), (5627, 3, 6)], 0.0, 'xrule'), ({(5627, 3, 1407)}, -0.002271764946083388, 'baseline'), ({(5627, 3, 5629)}, -0.0033775838656195964, 'baseline'), ({(5627, 3, 278)}, -0.013488178194143094, 'baseline'), ({(5627, 3, 5632)}, -0.01439653433231364, 'baseline'), ({(5627, 2, 29)}, -0.026104887051652828, 'baseline'), ({(5627, 3, 3863)}, -0.04949836903732636, 'baseline'), ({(5627, 3, 58)}, -0.06763624866368331, 'baseline'), ({(5627, 3, 41)}, -0.08158360885848362, 'baseline')]",0.00013240447151474655,3
"[(14565, 2, 30), (14565, 8, 7427), (6722, 2, 30)]",1,[0.006593487225472927],[5],5.0,"(6722, 8, 7427)",0.006593487225472927,"[([(14565, 2, 30), (14565, 8, 7427), (6722, 2, 30)], 0.268, 'xrule'), ({(6722, 3, 6726)}, 0.011608256935472946, 'baseline'), ({(6722, 3, 2638)}, 0.011515635963802862, 'baseline'), ({(6722, 3, 1454)}, 0.011472498005705134, 'baseline'), ({(6722, 3, 75)}, 0.011467557351573463, 'baseline'), ({(6722, 2, 70)}, 0.011422098590220068, 'baseline'), ({(6722, 3, 111)}, 0.011392159320813224, 'baseline'), ({(6722, 3, 218)}, 0.01136531022636722, 'baseline'), ({(6722, 3, 7)}, 0.01135102839973914, 'baseline'), ({(6722, 3, 6723)}, 0.010594060611675392, 'baseline'), ({(6722, 3, 78)}, 0.010438325783747237, 'baseline'), ({(6722, 3, 1628)}, 0.010308674510039336, 'baseline'), ({(6722, 3, 1198)}, 0.01025129013563668, 'baseline'), ({(6722, 3, 216)}, 0.009754055108761421, 'baseline'), ({(6722, 3, 4553)}, 0.00803860549703289, 'baseline'), ({(6722, 3, 56)}, 0.0064133391043125565, 'baseline'), ({(6722, 1, 65)}, 0.005722444008033631, 'baseline'), ({(6722, 2, 30)}, 0.005165141045302198, 'baseline'), ({(6722, 3, 277)}, 0.0010335491257375312, 'baseline'), ({(6722, 3, 276)}, 0.00047858241897204794, 'baseline'), ({(6722, 3, 1341)}, -0.01884113350686546, 'baseline')]",0.0005110133206471801,3
"[(25017, 8, 7567), (25017, 3, 40), (4870, 3, 40)]",1,[0.15965908765792847],[1],1.0,"(4870, 8, 7567)",0.15965908765792847,"[({(4870, 3, 40)}, 0.010657819881764645, 'baseline'), ({(4870, 2, 709)}, 0.010606352203046914, 'baseline'), ([(24472, 8, 7567), (24472, 3, 41), (4870, 3, 41)], 0.010399997, 'xrule'), ({(4870, 3, 4879)}, 0.009323758049578598, 'baseline'), ({(4870, 3, 88)}, 0.009110590373810646, 'baseline'), ({(4870, 3, 1074)}, 0.008228424866448336, 'baseline'), ({(4870, 3, 20)}, 0.007880945629286065, 'baseline'), ({(4870, 2, 172)}, 0.007848397788526015, 'baseline'), ({(4870, 3, 892)}, 0.006553694558432172, 'baseline'), ({(4870, 3, 1019)}, -0.00031411373345224916, 'baseline'), ({(4870, 2, 30)}, -0.02430637090279659, 'baseline')]",0.023995403200387955,3
"[(6213, 4, 485), (18264, 4, 485), (18264, 10, 7830)]",1,[0.6011718511581421],[1],1.0,"(6213, 10, 7830)",0.6011718511581421,"[({(6213, 4, 485)}, 0.000997339003662863, 'baseline'), ({(6213, 3, 1964)}, 0.0005626238096587932, 'baseline'), ({(6213, 3, 39)}, 0.0002936638909757363, 'baseline'), ([(6213, 1, 65), (23221, 10, 7830), (23221, 1, 65)], 0.0, 'xrule'), ({(6213, 3, 1838)}, -0.0002671229206328098, 'baseline'), ({(6213, 3, 1112)}, -0.00040056678101248275, 'baseline'), ({(6213, 3, 20)}, -0.000520212867226549, 'baseline'), ({(6213, 2, 729)}, -0.0006332852161047074, 'baseline'), ({(6213, 2, 31)}, -0.0016245376867734345, 'baseline'), ({(6213, 3, 78)}, -0.002796043938718262, 'baseline'), ({(6213, 3, 38)}, -0.0045369444708464, 'baseline')]",2.007188548702743e-08,3
"[(23758, 10, 7830), (7499, 3, 7509), (23758, 3, 7509)]",1,[0.125994473695755],[1],1.0,"(7499, 10, 7830)",0.125994473695755,"[({(7499, 3, 7509)}, 0.0001076797603489469, 'baseline'), ({(7499, 8, 7427)}, 0.00010465063366636059, 'baseline'), ({(7499, 3, 279)}, 0.0001015102721440716, 'baseline'), ({(7499, 2, 30)}, 9.954692773658032e-05, 'baseline'), ({(7499, 1, 264)}, 9.753212775681876e-05, 'baseline'), ({(7499, 2, 31)}, 9.690179699524243e-05, 'baseline'), ({(7499, 3, 748)}, 8.111611215479148e-05, 'baseline'), ({(7499, 3, 5329)}, 8.03428233782843e-05, 'baseline'), ({(7499, 3, 7510)}, 7.977157339332312e-05, 'baseline'), ({(7499, 4, 485)}, 7.923181375280445e-05, 'baseline'), ([(7499, 8, 7427), (14580, 10, 7830), (14580, 8, 7427)], 0.0, 'xrule')]",8.690136610312038e-09,3
"[(22917, 8, 7427), (22917, 3, 914), (5930, 3, 914)]",1,[0.008823827840387821],[7],7.0,"(5930, 8, 7427)",0.008823827840387821,"[({(5930, 3, 914)}, 0.0026420620036442114, 'baseline'), ({(5930, 3, 1030)}, 0.0025504731425777423, 'baseline'), ({(5930, 3, 17)}, 0.002550327856019913, 'baseline'), ({(5930, 3, 1957)}, 0.002462759822347339, 'baseline'), ({(5930, 2, 2270)}, 0.0023749291065728304, 'baseline'), ({(5930, 3, 392)}, 0.0022351929907674616, 'baseline'), ({(5930, 3, 386)}, 0.0021034651155972957, 'baseline'), ({(5930, 3, 237)}, 0.002086221892041368, 'baseline'), ({(5930, 3, 51)}, 0.0020176553489882156, 'baseline'), ({(5930, 3, 1960)}, 0.0018214757348536065, 'baseline'), ({(5930, 3, 38)}, 0.0018027096277771226, 'baseline'), ({(5930, 3, 1143)}, 0.0017528766129076862, 'baseline'), ({(5930, 3, 2488)}, 0.0015925391913147002, 'baseline'), ({(5930, 3, 4017)}, 0.0015547863193565775, 'baseline'), ({(5930, 3, 5945)}, 0.001409635134326685, 'baseline'), ({(5930, 3, 1155)}, 0.0008838790924849428, 'baseline'), ({(5930, 3, 5933)}, 0.0005026906365895831, 'baseline'), ({(5930, 2, 30)}, 0.0003601691721509105, 'baseline'), ({(5930, 3, 5939)}, -0.0016557228113268203, 'baseline'), ({(5930, 3, 816)}, -0.01420780927478153, 'baseline')]",0.00019900716142728925,3
"[(6983, 3, 38), (25794, 10, 7830), (25794, 3, 38)]",1,[0.24779751896858215],[1],1.0,"(6983, 10, 7830)",0.24779751896858215,"[({(6983, 3, 38)}, 0.000456729690263144, 'baseline'), ({(6983, 3, 460)}, 0.0004422424430142826, 'baseline'), ({(6983, 3, 20)}, 0.00043954678789880357, 'baseline'), ({(6983, 3, 5543)}, 0.0004273059490643437, 'baseline'), ({(6983, 3, 892)}, 0.00040930953650633627, 'baseline'), ({(6983, 3, 6991)}, 0.0003860725716894839, 'baseline'), ({(6983, 3, 1289)}, 0.0003703078410745444, 'baseline'), ({(6983, 3, 1296)}, 0.0003531240076881401, 'baseline'), ({(6983, 1, 1054)}, 0.00033684873775872954, 'baseline'), ({(6983, 3, 2751)}, 0.00032445295036707505, 'baseline'), ([(6983, 3, 78), (9516, 10, 7830), (9516, 3, 78)], 0.0, 'xrule')]",8.622164315852388e-09,3
"[(16427, 3, 892), (16427, 10, 7830), (6300, 3, 892)]",1,[0.3303997814655304],[1],1.0,"(6300, 10, 7830)",0.3303997814655304,"[({(6300, 3, 892)}, 1.4511865314222427e-06, 'baseline'), ({(6300, 3, 715)}, 1.065502570276111e-06, 'baseline'), ({(6300, 3, 1180)}, 9.903564798414572e-07, 'baseline'), ({(6300, 1, 168)}, 4.727595782245885e-08, 'baseline'), ([(6300, 3, 40), (8104, 10, 7830), (8104, 3, 40)], 0.0, 'xrule'), ({(6300, 3, 10)}, -3.9207546716960466e-07, 'baseline'), ({(6300, 3, 731)}, -1.7165907909908124e-06, 'baseline'), ({(6300, 3, 500)}, -3.6533925002064816e-06, 'baseline'), ({(6300, 2, 266)}, -3.8025787354063025e-06, 'baseline'), ({(6300, 2, 30)}, -4.796649168272723e-06, 'baseline'), ({(6300, 2, 68)}, -5.505211024779571e-06, 'baseline')]",9.566154979268049e-09,3
"[(23089, 8, 7410), (7335, 2, 30), (23089, 2, 30)]",1,[0.06104075163602829],[3],3.0,"(7335, 8, 7410)",0.06104075163602829,"[([(23089, 8, 7410), (7335, 2, 30), (23089, 2, 30)], 0.10429996, 'xrule'), ({(7335, 3, 149)}, 0.0008857885369672617, 'baseline'), ({(7335, 3, 5727)}, 0.0007628592913011118, 'baseline'), ({(7335, 3, 390)}, 0.0007007093918115518, 'baseline'), ({(7335, 3, 2013)}, 4.013605618759179e-05, 'baseline'), ({(7335, 3, 6)}, -0.0004167900716937619, 'baseline'), ({(7335, 3, 2014)}, -0.0005776663940172079, 'baseline'), ({(7335, 3, 1270)}, -0.0006699157666682944, 'baseline'), ({(7335, 3, 88)}, -0.0015977963715032228, 'baseline'), ({(7335, 2, 2011)}, -0.0018173286457381361, 'baseline'), ({(7335, 3, 1517)}, -0.0021129206469064923, 'baseline')]",0.003208134090527892,3
"[(5897, 3, 9), (20629, 3, 9), (20629, 8, 7410)]",1,[0.7799420952796936],[1],1.0,"(5897, 8, 7410)",0.7799420952796936,"[([(5897, 3, 9), (20629, 3, 9), (20629, 8, 7410)], 0.2715, 'xrule'), ({(5897, 2, 68)}, 0.04325728768266854, 'baseline'), ({(5897, 3, 476)}, 0.03795688131452615, 'baseline'), ({(5897, 3, 220)}, 0.031463372493232514, 'baseline'), ({(5897, 3, 39)}, 0.02159232733217902, 'baseline'), ({(5897, 3, 138)}, 0.017433607004716117, 'baseline'), ({(5897, 2, 132)}, 0.008634141628254396, 'baseline'), ({(5897, 3, 149)}, 0.000637817171300133, 'baseline'), ({(5897, 3, 10)}, -0.012813442423051274, 'baseline'), ({(5897, 3, 9)}, -0.061478246934516645, 'baseline'), ({(5897, 3, 479)}, -0.0839881421831575, 'baseline')]",0.0011432610917836428,3
"[(7058, 3, 220), (9990, 3, 220), (9990, 8, 7410)]",1,[0.8049901723861694],[1],1.0,"(7058, 8, 7410)",0.8049901723861694,"[([(7058, 3, 220), (9990, 3, 220), (9990, 8, 7410)], 0.1652, 'xrule'), ({(7058, 3, 58)}, 0.03632188490855316, 'baseline'), ({(7058, 1, 65)}, 0.03196182749419576, 'baseline'), ({(7058, 2, 68)}, 0.02757445626036958, 'baseline'), ({(7058, 3, 10)}, 0.027281268451952487, 'baseline'), ({(7058, 3, 40)}, 0.027279130144987257, 'baseline'), ({(7058, 3, 193)}, 0.026121291275938804, 'baseline'), ({(7058, 2, 7059)}, 0.018084603339661283, 'baseline'), ({(7058, 3, 1242)}, 0.008423113192001386, 'baseline'), ({(7058, 3, 2832)}, 0.004646486533672464, 'baseline'), ({(7058, 3, 433)}, 0.0026298602597376475, 'baseline')]",0.0042869639582931995,3
"[(6083, 3, 39), (17391, 9, 8418), (17391, 3, 39)]",1,[0.0020371684804558754],[3],3.0,"(6083, 9, 8418)",0.0020371684804558754,"[([(6083, 3, 39), (17391, 9, 8418), (17391, 3, 39)], 0.13270003, 'xrule'), ({(6083, 1, 6071)}, 0.009625030608959265, 'baseline'), ({(6083, 2, 69)}, 0.009620423365945548, 'baseline'), ({(6083, 2, 68)}, 0.009522552567769176, 'baseline'), ({(6083, 3, 3329)}, 0.009488044249659718, 'baseline'), ({(6083, 3, 34)}, 0.00909765712026538, 'baseline'), ({(6083, 3, 35)}, 0.009092043108110069, 'baseline'), ({(6083, 2, 28)}, 0.00867848185353087, 'baseline'), ({(6083, 3, 1630)}, 0.008590817386721825, 'baseline'), ({(6083, 3, 10)}, 0.007115913965434033, 'baseline'), ({(6083, 3, 55)}, 0.006564741909219548, 'baseline'), ({(6083, 3, 6)}, 0.006128886644182952, 'baseline'), ({(6083, 3, 220)}, 0.006127799373076175, 'baseline'), ({(6083, 3, 651)}, 0.005748988083877103, 'baseline'), ({(6083, 3, 46)}, 0.005142140601030791, 'baseline'), ({(6083, 3, 504)}, 0.0038053658258709044, 'baseline'), ({(6083, 3, 47)}, 0.00335732005606079, 'baseline'), ({(6083, 3, 74)}, 0.0029897582399950663, 'baseline'), ({(6083, 3, 40)}, 0.002955194512803463, 'baseline'), ({(6083, 3, 279)}, 0.0020914459188914603, 'baseline'), ({(6083, 4, 66)}, 0.00011590770428311176, 'baseline')]",0.0004672103968914598,3
"[(7065, 3, 2574), (19270, 10, 7830), (19270, 3, 2574)]",1,[0.31696295738220215],[1],1.0,"(7065, 10, 7830)",0.31696295738220215,"[({(7065, 3, 2574)}, 0.0005968364129740874, 'baseline'), ([(8831, 10, 7830), (8831, 3, 10), (7065, 3, 10)], 0.0, 'xrule'), ({(7065, 3, 113)}, -0.0007216469584541142, 'baseline'), ({(7065, 3, 1855)}, -0.0008521061792853088, 'baseline'), ({(7065, 3, 750)}, -0.0031613617343124872, 'baseline'), ({(7065, 3, 149)}, -0.004263330294306054, 'baseline'), ({(7065, 3, 192)}, -0.009231600976553839, 'baseline'), ({(7065, 3, 1839)}, -0.009380795098361544, 'baseline'), ({(7065, 2, 31)}, -0.010160913730243118, 'baseline'), ({(7065, 3, 39)}, -0.01159109828879632, 'baseline'), ({(7065, 5, 7066)}, -0.012169946990429123, 'baseline')]",1.0907464265130784e-08,3
"[(22977, 3, 78), (7289, 3, 78), (22977, 11, 7956)]",1,[0.8674511313438416],[1],1.0,"(7289, 11, 7956)",0.8674511313438416,"[({(7289, 3, 78)}, 0.7926043737930601, 'baseline'), ({(7289, 3, 2561)}, 0.6985140893640965, 'baseline'), ({(7289, 1, 2467)}, 0.6198225460764181, 'baseline'), ({(7289, 3, 99)}, 0.5912476618243677, 'baseline'), ({(7289, 3, 276)}, 0.5664177970093656, 'baseline'), ({(7289, 3, 2192)}, 0.5000220366712533, 'baseline'), ({(7289, 2, 27)}, 0.47192893677318154, 'baseline'), ({(7289, 2, 30)}, 0.46550993368659344, 'baseline'), ({(7289, 2, 31)}, 0.4538564507203269, 'baseline'), ({(7289, 3, 2555)}, 0.444450062799319, 'baseline'), ([(11759, 3, 277), (11759, 11, 7956), (7289, 3, 277)], 0.0, 'xrule')]",3.7333531508920714e-05,3
"[(6966, 2, 266), (19589, 11, 8038), (19589, 2, 266)]",1,[0.0006183676305226982],[4],4.0,"(6966, 11, 8038)",0.0006183676305226982,"[({(6966, 2, 266)}, 8.189853953409849e-05, 'baseline'), ({(6966, 3, 185)}, 6.140007143278998e-05, 'baseline'), ({(6966, 3, 10)}, 3.950648212693685e-05, 'baseline'), ({(6966, 3, 1198)}, 3.5471119617272535e-05, 'baseline'), ({(6966, 3, 2278)}, 3.443455759148151e-05, 'baseline'), ({(6966, 3, 891)}, 3.4127395764569364e-05, 'baseline'), ({(6966, 3, 40)}, 1.4105066352907343e-05, 'baseline'), ([(6966, 2, 31), (10332, 11, 8038), (10332, 2, 31)], 0.0, 'xrule'), ({(6966, 3, 7)}, -6.398291166072097e-06, 'baseline'), ({(6966, 3, 297)}, -2.630321572417018e-05, 'baseline'), ({(6966, 3, 6969)}, -2.873524821299786e-05, 'baseline')]",5.255751602817327e-06,3
"[(25794, 10, 7830), (7751, 4, 66), (25794, 4, 66)]",1,[0.6129605770111084],[1],1.0,"(7751, 10, 7830)",0.6129605770111084,"[({(7751, 4, 66)}, 0.012124012198314863, 'baseline'), ({(7751, 2, 31)}, 0.011480572605468694, 'baseline'), ({(7751, 8, 7427)}, 0.011208679481787952, 'baseline'), ({(7751, 3, 177)}, 0.010582190863831666, 'baseline'), ({(7751, 3, 476)}, 0.00934580986201347, 'baseline'), ({(7751, 3, 396)}, 0.00881021279033905, 'baseline'), ({(7751, 3, 6)}, 0.00673349895938608, 'baseline'), ({(7751, 3, 460)}, 0.0055529446882947205, 'baseline'), ({(7751, 2, 312)}, 0.0045175323719697175, 'baseline'), ({(7751, 3, 2754)}, 0.0036598331863147266, 'baseline'), ([(15535, 3, 479), (15535, 10, 7830), (7751, 3, 479)], 0.0, 'xrule')]",3.855851460343729e-08,3
"[(24307, 1, 941), (4952, 1, 941), (24307, 11, 7956)]",1,[0.9573383331298828],[1],1.0,"(4952, 11, 7956)",0.9573383331298828,"[({(4952, 1, 941)}, 0.09902755453647201, 'baseline'), ({(4952, 2, 31)}, 0.06556938123624163, 'baseline'), ({(4952, 3, 75)}, 0.02761791177854576, 'baseline'), ({(4952, 3, 4955)}, 0.02246801085845995, 'baseline'), ({(4952, 2, 30)}, 0.006553511085914869, 'baseline'), ([(4952, 2, 30), (11211, 2, 30), (11211, 11, 7956)], 0.0, 'xrule'), ({(4952, 3, 36)}, -0.00418915326322281, 'baseline'), ({(4952, 3, 4958)}, -0.012172718592640292, 'baseline'), ({(4952, 3, 176)}, -0.01896377380005582, 'baseline'), ({(4952, 3, 880)}, -0.03062417084091572, 'baseline'), ({(4952, 3, 267)}, -0.05008317997560122, 'baseline')]",8.646970672998577e-05,3
"[(4777, 1, 1054), (10101, 11, 7956), (10101, 1, 1054)]",1,[0.9322724342346191],[1],1.0,"(4777, 11, 7956)",0.9322724342346191,"[({(4777, 1, 1054)}, 0.03295175263849616, 'baseline'), ([(9365, 3, 40), (4777, 3, 40), (9365, 11, 7956)], 0.0, 'xrule'), ({(4777, 3, 4779)}, -0.005326860654302064, 'baseline'), ({(4777, 3, 427)}, -0.02102946214508778, 'baseline'), ({(4777, 3, 1714)}, -0.045974195974037506, 'baseline'), ({(4777, 2, 31)}, -0.05645262544474667, 'baseline'), ({(4777, 2, 312)}, -0.06041455364532481, 'baseline'), ({(4777, 3, 346)}, -0.08912420737526984, 'baseline'), ({(4777, 3, 1264)}, -0.09278002845395578, 'baseline'), ({(4777, 3, 434)}, -0.09451672896323172, 'baseline'), ({(4777, 3, 237)}, -0.10773352246977161, 'baseline')]",6.771103926439537e-06,3
"[(25794, 10, 7830), (4912, 4, 66), (25794, 4, 66)]",1,[0.23622772097587585],[1],1.0,"(4912, 10, 7830)",0.23622772097587585,"[({(4912, 4, 66)}, 0.0002622979937939654, 'baseline'), ({(4912, 3, 4915)}, 0.0002457840144650191, 'baseline'), ({(4912, 3, 3090)}, 0.0002258676809299058, 'baseline'), ({(4912, 3, 3566)}, 0.00020572026302321652, 'baseline'), ({(4912, 3, 10)}, 0.00018600922799573373, 'baseline'), ({(4912, 3, 7)}, 0.00017004513657932835, 'baseline'), ({(4912, 3, 293)}, 0.00016346545895926765, 'baseline'), ({(4912, 2, 2271)}, 0.000149088399456428, 'baseline'), ({(4912, 3, 436)}, 0.00014305156649568998, 'baseline'), ({(4912, 3, 504)}, 4.3366173916070684e-05, 'baseline'), ([(16511, 3, 7), (16511, 10, 7830), (4912, 3, 7)], 0.0, 'xrule')]",4.383919005590542e-08,3
"[(7392, 3, 33), (15638, 3, 33), (15638, 8, 7409)]",1,[0.08681860566139221],[1],1.0,"(7392, 8, 7409)",0.08681860566139221,"[({(7392, 3, 33)}, 0.06431973257396456, 'baseline'), ({(7392, 3, 254)}, 0.04918696261130451, 'baseline'), ({(7392, 3, 259)}, 0.04244688431938609, 'baseline'), ({(7392, 1, 2467)}, 0.03481791442452352, 'baseline'), ({(7392, 3, 9)}, 0.01742615451935404, 'baseline'), ({(7392, 2, 68)}, 0.01343436815180415, 'baseline'), ([(7392, 3, 220), (23388, 8, 7409), (23388, 3, 220)], -0.00039999932, 'xrule'), ({(7392, 2, 29)}, -0.0031347843415292865, 'baseline'), ({(7392, 3, 220)}, -0.004448835788358988, 'baseline'), ({(7392, 3, 1407)}, -0.004625325118590583, 'baseline'), ({(7392, 3, 91)}, -0.02268188173624291, 'baseline')]",4.9305614084005356e-05,3
"[(7289, 3, 9), (16023, 3, 9), (16023, 8, 7410)]",1,[0.028822610154747963],[3],3.0,"(7289, 8, 7410)",0.028822610154747963,"[([(7289, 3, 9), (16023, 3, 9), (16023, 8, 7410)], 0.2328, 'xrule'), ({(7289, 3, 78)}, 0.0025655077403246304, 'baseline'), ({(7289, 3, 276)}, 0.002549168124699045, 'baseline'), ({(7289, 3, 41)}, 0.0025431478129888043, 'baseline'), ({(7289, 3, 39)}, 0.002331100132428204, 'baseline'), ({(7289, 3, 2555)}, 0.0022382172317802172, 'baseline'), ({(7289, 3, 203)}, 0.0019799042089274827, 'baseline'), ({(7289, 3, 33)}, 0.0019387927388499519, 'baseline'), ({(7289, 3, 100)}, 0.001924534293347325, 'baseline'), ({(7289, 3, 1112)}, 0.0018619536094091488, 'baseline'), ({(7289, 1, 2467)}, 0.0009867796657137306, 'baseline')]",0.0023090641479939222,3
"[(6383, 3, 7), (24690, 8, 7427), (24690, 3, 7)]",1,[0.013679354451596737],[4],4.0,"(6383, 8, 7427)",0.013679354451596737,"[([(6383, 3, 7), (24690, 8, 7427), (24690, 3, 7)], 0.1353, 'xrule'), ({(6383, 2, 728)}, 0.0009180442606151766, 'baseline'), ({(6383, 2, 68)}, 0.000903827036487453, 'baseline'), ({(6383, 3, 733)}, 0.000780342372312573, 'baseline'), ({(6383, 3, 40)}, 0.0006880192470879766, 'baseline'), ({(6383, 3, 2542)}, 0.000687669651835138, 'baseline'), ({(6383, 3, 6389)}, 0.0006617086246592937, 'baseline'), ({(6383, 3, 2417)}, 0.0006011404042233333, 'baseline'), ({(6383, 3, 2539)}, 0.0005925983710159094, 'baseline'), ({(6383, 3, 10)}, 0.0005656812837069753, 'baseline'), ({(6383, 3, 56)}, 0.0005051051487252233, 'baseline'), ({(6383, 3, 730)}, 0.00046985004698315013, 'baseline'), ({(6383, 3, 7)}, 0.0004161964344083095, 'baseline'), ({(6383, 3, 6386)}, 0.00020557654830689773, 'baseline'), ({(6383, 3, 303)}, -0.00018331855617289818, 'baseline'), ({(6383, 3, 3058)}, -0.0002807579490424191, 'baseline'), ({(6383, 3, 476)}, -0.000393959396330921, 'baseline'), ({(6383, 3, 220)}, -0.0012953180654860172, 'baseline'), ({(6383, 3, 1526)}, -0.0015633254821428326, 'baseline'), ({(6383, 3, 751)}, -0.0022041649287703672, 'baseline'), ({(6383, 3, 748)}, -0.002613795477120865, 'baseline')]",0.0007060354109853506,3
"[(24432, 10, 7830), (5897, 3, 3673), (24432, 3, 3673)]",1,[0.18202757835388184],[1],1.0,"(5897, 10, 7830)",0.18202757835388184,"[({(5897, 3, 3673)}, 1.6780988940614643e-05, 'baseline'), ({(5897, 3, 10)}, 1.0715459634747448e-05, 'baseline'), ([(9116, 3, 479), (5897, 3, 479), (9116, 10, 7830)], 0.0, 'xrule'), ({(5897, 3, 220)}, -2.720758815169997e-05, 'baseline'), ({(5897, 3, 476)}, -6.773478850244836e-05, 'baseline'), ({(5897, 3, 138)}, -8.383892744753989e-05, 'baseline'), ({(5897, 3, 5900)}, -8.893180674862715e-05, 'baseline'), ({(5897, 2, 68)}, -0.00010618653654528402, 'baseline'), ({(5897, 3, 3674)}, -0.0001085827131213742, 'baseline'), ({(5897, 3, 149)}, -0.00011079367291979395, 'baseline'), ({(5897, 3, 5901)}, -0.00011595925359668618, 'baseline')]",1.0150869478309232e-08,3
"[(6213, 3, 6), (20420, 3, 6), (20420, 8, 7410)]",1,[0.11880867183208466],[1],1.0,"(6213, 8, 7410)",0.11880867183208466,"[([(6213, 3, 6), (20420, 3, 6), (20420, 8, 7410)], 0.21299998, 'xrule'), ({(6213, 3, 651)}, 0.001963301738086136, 'baseline'), ({(6213, 3, 1969)}, 0.001936455815486243, 'baseline'), ({(6213, 2, 30)}, 0.0019352219283342825, 'baseline'), ({(6213, 3, 38)}, 0.0019340790780504704, 'baseline'), ({(6213, 3, 1964)}, 0.0018938887468565428, 'baseline'), ({(6213, 2, 266)}, 0.00187891056360225, 'baseline'), ({(6213, 3, 20)}, 0.0017759025337478224, 'baseline'), ({(6213, 3, 1744)}, 0.0014844422041099873, 'baseline'), ({(6213, 3, 78)}, 0.001395000906271149, 'baseline'), ({(6213, 3, 1966)}, 0.0010532459050596973, 'baseline'), ({(6213, 3, 39)}, 0.0007349506930400979, 'baseline'), ({(6213, 2, 729)}, 0.00043832006138602974, 'baseline'), ({(6213, 3, 75)}, 0.00034508011615839957, 'baseline'), ({(6213, 3, 1838)}, 0.00033170189982174847, 'baseline'), ({(6213, 4, 485)}, -0.000870483272566634, 'baseline'), ({(6213, 3, 1112)}, -0.002490874201220352, 'baseline'), ({(6213, 3, 1963)}, -0.002530945291267943, 'baseline'), ({(6213, 3, 1839)}, -0.0031192333702018925, 'baseline'), ({(6213, 2, 31)}, -0.004564485568195083, 'baseline'), ({(6213, 3, 1747)}, -0.014744026608330043, 'baseline')]",8.857455395627767e-05,3
"[(19270, 8, 7427), (19270, 3, 744), (5665, 3, 744)]",1,[0.005892375949770212],[4],4.0,"(5665, 8, 7427)",0.005892375949770212,"[({(5665, 3, 744)}, 0.0007991434497191385, 'baseline'), ({(5665, 3, 9)}, 0.0007692309938378738, 'baseline'), ({(5665, 3, 74)}, 0.0007540623080346116, 'baseline'), ({(5665, 3, 37)}, 0.0007332991086468235, 'baseline'), ({(5665, 3, 5666)}, 0.0007126096003250691, 'baseline'), ({(5665, 3, 476)}, 0.0007053677514901595, 'baseline'), ({(5665, 3, 86)}, 0.0007006188206800538, 'baseline'), ([(15502, 8, 7427), (15502, 3, 41), (5665, 3, 41)], 0.00069999695, 'xrule'), ({(5665, 3, 6)}, 0.0006990641520743349, 'baseline'), ({(5665, 3, 10)}, 0.0006507785053314039, 'baseline'), ({(5665, 3, 7)}, 0.0005738841407792573, 'baseline')]",0.00212707556784153,3
"[(5411, 2, 31), (17452, 8, 7410), (17452, 2, 31)]",1,[0.26865074038505554],[2],2.0,"(5411, 8, 7410)",0.26865074038505554,"[([(5411, 2, 31), (17452, 8, 7410), (17452, 2, 31)], 0.3717, 'xrule'), ({(5411, 2, 68)}, 0.08007654081041687, 'baseline'), ({(5411, 1, 65)}, 0.07850855870278166, 'baseline'), ({(5411, 3, 612)}, 0.0770681006836082, 'baseline'), ({(5411, 2, 31)}, 0.07164242396755496, 'baseline'), ({(5411, 3, 3189)}, 0.06953974345920362, 'baseline'), ({(5411, 3, 148)}, 0.05298760810156837, 'baseline'), ({(5411, 3, 5422)}, 0.049799020401541015, 'baseline'), ({(5411, 4, 66)}, 0.04767857766629182, 'baseline')]",0.010452235117554665,3
"[(7610, 2, 30), (18547, 2, 30), (18547, 9, 7903)]",1,[1.4472528164333198e-05],[28],28.0,"(7610, 9, 7903)",1.4472528164333198e-05,"[([(18547, 9, 7903), (18547, 2, 30), (7610, 2, 30)], 0.16660002, 'xrule'), ({(7610, 3, 7618)}, 0.03497162739460695, 'baseline'), ({(7610, 3, 7617)}, 0.033119982989320285, 'baseline'), ({(7610, 2, 68)}, 0.02331466873463775, 'baseline'), ({(7610, 3, 3734)}, 0.01874749823881998, 'baseline'), ({(7610, 3, 476)}, 0.01765767013375378, 'baseline'), ({(7610, 3, 39)}, 0.01581286911152379, 'baseline'), ({(7610, 2, 1189)}, 0.01516257498497023, 'baseline'), ({(7610, 3, 1192)}, 0.004334526997129884, 'baseline'), ({(7610, 3, 2221)}, -0.00020850175166326875, 'baseline'), ({(7610, 3, 479)}, -0.034502034086103354, 'baseline')]",0.00033357946085743606,3
"[(21361, 12, 8676), (7628, 8, 7567), (21361, 8, 7567)]",1,[0.953668475151062],[1],1.0,"(7628, 12, 8676)",0.953668475151062,"[({(7628, 8, 7567)}, 0.0021459164180661788, 'baseline'), ({(7628, 3, 177)}, 0.0021389559379870996, 'baseline'), ({(7628, 3, 20)}, 0.0021354264542296237, 'baseline'), ({(7628, 4, 66)}, 0.0021267199752558487, 'baseline'), ({(7628, 8, 7393)}, 0.0021236312404495587, 'baseline'), ({(7628, 3, 108)}, 0.0020870838320225242, 'baseline'), ({(7628, 1, 1054)}, 0.0020859236356623755, 'baseline'), ({(7628, 3, 279)}, 0.0020858481984518513, 'baseline'), ({(7628, 3, 7629)}, 0.00203611185306664, 'baseline'), ({(7628, 3, 38)}, 0.001997904363789486, 'baseline'), ([(24810, 12, 8676), (24810, 3, 6), (7628, 3, 6)], 0.00029999999, 'xrule')]",0.000957758747972548,3
"[(23766, 3, 6), (23766, 8, 7427), (6105, 3, 6)]",1,[0.0002891936746891588],[6],6.0,"(6105, 8, 7427)",0.0002891936746891588,"[([(23766, 3, 6), (23766, 8, 7427), (6105, 3, 6)], 0.18629998, 'xrule'), ({(6105, 4, 66)}, 0.0015559391809858076, 'baseline'), ({(6105, 3, 6)}, 0.00016065752137849434, 'baseline'), ({(6105, 3, 2349)}, -0.00016885779402955702, 'baseline'), ({(6105, 3, 276)}, -0.00023253185344145107, 'baseline'), ({(6105, 3, 6112)}, -0.0010204044127793055, 'baseline'), ({(6105, 3, 149)}, -0.0012200224681901072, 'baseline'), ({(6105, 3, 75)}, -0.003390513861394229, 'baseline'), ({(6105, 3, 108)}, -0.006183394305021358, 'baseline'), ({(6105, 3, 253)}, -0.018777017511250292, 'baseline'), ({(6105, 3, 506)}, -0.02080301668017913, 'baseline')]",0.001002475735731423,3
"[(25794, 10, 7830), (7450, 2, 30), (25794, 2, 30)]",1,[0.2807425856590271],[1],1.0,"(7450, 10, 7830)",0.2807425856590271,"[({(7450, 2, 30)}, 0.019549357655211277, 'baseline'), ({(7450, 3, 880)}, 0.019259643720109333, 'baseline'), ({(7450, 1, 65)}, 0.01903160566288493, 'baseline'), ({(7450, 3, 40)}, 0.01825870663905272, 'baseline'), ({(7450, 3, 1630)}, 0.018048572302289456, 'baseline'), ({(7450, 3, 6637)}, 0.016022444633905886, 'baseline'), ({(7450, 3, 706)}, 0.015376643225405159, 'baseline'), ({(7450, 8, 7429)}, 0.015100079546736735, 'baseline'), ({(7450, 3, 279)}, 0.011715869388108436, 'baseline'), ({(7450, 3, 74)}, 0.01170774919917061, 'baseline'), ([(10676, 10, 7830), (7450, 1, 65), (10676, 1, 65)], 0.0, 'xrule')]",5.266637259637719e-08,3
"[(23722, 1, 65), (6263, 1, 65), (23722, 10, 7830)]",1,[0.6231226325035095],[1],1.0,"(6263, 10, 7830)",0.6231226325035095,"[({(6263, 1, 65)}, 0.0001268797901980473, 'baseline'), ({(6263, 3, 20)}, 0.00011912030151518791, 'baseline'), ({(6263, 2, 30)}, 3.99776731420815e-05, 'baseline'), ([(19076, 10, 7830), (6263, 1, 65), (19076, 1, 65)], 0.0, 'xrule'), ({(6263, 3, 2702)}, -7.2990547184950946e-06, 'baseline'), ({(6263, 2, 31)}, -0.00010187858754944561, 'baseline'), ({(6263, 3, 14)}, -0.00014433903908005077, 'baseline'), ({(6263, 3, 651)}, -0.00019946390626694158, 'baseline'), ({(6263, 2, 729)}, -0.00022871523527207737, 'baseline'), ({(6263, 3, 6274)}, -0.0002610479615805946, 'baseline'), ({(6263, 3, 2034)}, -0.00026971968084849393, 'baseline')]",1.688314910097688e-08,3
"[(21749, 3, 220), (21749, 8, 7410), (6137, 3, 220)]",1,[0.44799357652664185],[1],1.0,"(6137, 8, 7410)",0.44799357652664185,"[([(21749, 3, 220), (21749, 8, 7410), (6137, 3, 220)], 0.0020000003, 'xrule'), ({(6137, 3, 5070)}, 0.00014606608306253638, 'baseline'), ({(6137, 3, 902)}, 0.0001448991358703596, 'baseline'), ({(6137, 5, 6138)}, 0.00014054205959815176, 'baseline'), ({(6137, 3, 36)}, 0.00012238668262693264, 'baseline'), ({(6137, 2, 31)}, 0.00012012222998624916, 'baseline'), ({(6137, 3, 185)}, 0.00011688501091314736, 'baseline'), ({(6137, 3, 6141)}, 0.00010722422719328198, 'baseline'), ({(6137, 3, 4069)}, 0.0001003795883280516, 'baseline'), ({(6137, 3, 6)}, 7.125282399881422e-05, 'baseline'), ({(6137, 2, 28)}, 6.363932015021731e-05, 'baseline'), ({(6137, 3, 893)}, 6.067305774720084e-05, 'baseline'), ({(6137, 3, 479)}, 5.9809547096723396e-05, 'baseline'), ({(6137, 3, 253)}, 4.359399870088008e-05, 'baseline'), ({(6137, 3, 39)}, 1.4867994164548751e-05, 'baseline'), ({(6137, 3, 1855)}, -1.6648834876137543e-05, 'baseline'), ({(6137, 2, 29)}, -4.776991003816005e-05, 'baseline'), ({(6137, 3, 9)}, -0.00031037767464524557, 'baseline'), ({(6137, 3, 33)}, -0.0003268358329786773, 'baseline'), ({(6137, 2, 68)}, -0.0014185165574098519, 'baseline'), ({(6137, 3, 100)}, -0.0023462356356861707, 'baseline')]",0.0002039859682554379,3
"[(24494, 10, 7830), (5067, 3, 4062), (24494, 3, 4062)]",1,[0.4133307635784149],[1],1.0,"(5067, 10, 7830)",0.4133307635784149,"[({(5067, 3, 4062)}, 7.005405362661943e-07, 'baseline'), ({(5067, 2, 29)}, 6.873273971736232e-07, 'baseline'), ({(5067, 3, 6)}, 5.114238459320434e-07, 'baseline'), ({(5067, 2, 68)}, 3.9826815316220866e-07, 'baseline'), ({(5067, 2, 27)}, 3.8796539712714243e-07, 'baseline'), ({(5067, 3, 278)}, 3.556601452990737e-07, 'baseline'), ({(5067, 3, 9)}, 2.9128247237664487e-07, 'baseline'), ({(5067, 3, 41)}, 2.1281854545039043e-07, 'baseline'), ({(5067, 3, 5070)}, 1.880220818165201e-07, 'baseline'), ([(9941, 10, 7830), (5067, 3, 40), (9941, 3, 40)], 0.0, 'xrule'), ({(5067, 2, 30)}, -9.534719635004163e-09, 'baseline')]",5.568748662199141e-08,3
