original_rank,original_score,new_ranks,new_rank,exp_length,new_score,facts,exp,new_scores,prediction
1,8.879241,[197],197.0,1,1.7236905,"[([(44, 1, 45)], 6.651, 'xrule'), ({(44, 1, 45)}, 0.2701025416531019, 'baseline'), ({(44, 1, 45)}, 0.2592430521458039, 'baseline'), ({(44, 1, 45)}, 0.2581625391583707, 'baseline'), ({(44, 1, 45)}, 0.22119240040663435, 'baseline')]","[(44, 1, 45)]",[1.7236905],"(45, 1, 44)"
1,10.466581,[10635],10635.0,1,-0.2685024,"[([(5908, 1, 4050)], 4.327, 'xrule'), ({(5908, 1, 4050)}, 2.335662012468489, 'baseline'), ({(5908, 1, 4050)}, 2.0996352270528855, 'baseline'), ({(5908, 1, 4050)}, 2.0891324109587677, 'baseline'), ({(5908, 1, 4050)}, 1.7479544477493365, 'baseline'), ({(5908, 1, 4050)}, 1.4965077115431022, 'baseline'), ({(5908, 1, 4050)}, 1.4621573148857587, 'baseline'), ({(5908, 1, 4050)}, 1.4354687381027735, 'baseline'), ({(5908, 1, 4050)}, 1.43426901572798, 'baseline'), ({(5908, 1, 4050)}, 1.3216343527515002, 'baseline'), ({(5908, 1, 4050)}, 1.3202505712707509, 'baseline')]","[(5908, 1, 4050)]",[-0.2685024],"(4050, 1, 5908)"
1,9.354602,[26400],26400.0,1,-0.26248556,"[({(32512, 1, 496)}, 0.5260096024480551, 'baseline'), ({(32512, 1, 496)}, 0.43568901439256985, 'baseline'), ({(32512, 1, 496)}, 0.4225502432010511, 'baseline'), ({(32512, 1, 496)}, 0.41822819118851934, 'baseline'), ({(32512, 1, 496)}, 0.4120998799861598, 'baseline'), ({(32512, 1, 496)}, 0.4071064412443988, 'baseline'), ({(32512, 1, 496)}, 0.3933544574842377, 'baseline'), ({(32512, 1, 496)}, 0.38483242369446713, 'baseline'), ({(32512, 1, 496)}, 0.38361076691987506, 'baseline'), ({(32512, 1, 496)}, 0.38004783963314687, 'baseline')]","[(32512, 1, 496)]",[-0.26248556],"(496, 1, 32512)"
1,9.9936285,[42],42.0,4,1.5489604,"[({(3795, 1, 9372), (1508, 1, 9372), (9372, 1, 3795)}, 2.785243216997521, 'baseline'), ({(3795, 1, 9372), (1508, 1, 9372), (9372, 1, 3795)}, 2.4431191849769545, 'baseline'), ({(3795, 1, 9372), (1508, 1, 9372), (9372, 1, 3795)}, 2.4188100240105834, 'baseline'), ({(3795, 1, 9372), (1508, 1, 9372), (9372, 1, 3795)}, 2.300350309991729, 'baseline'), ({(3795, 1, 9372), (1508, 1, 9372), (9372, 1, 3795)}, 2.2687550768831173, 'baseline'), ([(1508, 1, 9372)], 1.5256996, 'xrule'), ({(1508, 1, 9372), (9372, 1, 3795)}, 1.4784832662242153, 'baseline'), ({(1508, 1, 9372), (9372, 1, 3795)}, 1.4013233815884805, 'baseline'), ({(1508, 1, 9372), (9372, 1, 3795)}, 1.359067978320405, 'baseline'), ({(1508, 1, 9372), (9372, 1, 3795)}, 1.2854481332534218, 'baseline'), ({(1508, 1, 9372), (9372, 1, 3795)}, 1.2793694129899245, 'baseline')]","[(3795, 9, 1508), (3795, 1, 9372), (1508, 1, 9372), (9372, 1, 3795)]",[1.5489604],"(9372, 1, 1508)"
1,9.1733055,[1],1.0,1,7.3315706,"[([(5336, 1, 11686)], 0.8942995, 'xrule'), ({(5336, 1, 11686), (11686, 1, 26261), (11686, 0, 16301)}, 0.8171024793218914, 'baseline'), ({(5336, 1, 11686), (11686, 1, 26261), (11686, 1, 1528)}, 0.7978697290439689, 'baseline'), ({(5336, 1, 11686), (26261, 1, 11686), (11686, 1, 26261)}, 0.7772427068635792, 'baseline'), ({(5336, 1, 11686), (11686, 1, 26261), (1528, 1, 11686)}, 0.7208261944136647, 'baseline'), ({(5336, 1, 11686), (11686, 1, 26261), (11686, 1, 1528)}, 0.7204361415785304, 'baseline'), ({(5336, 1, 11686), (11686, 1, 26261)}, 0.5945959527820386, 'baseline'), ({(5336, 1, 11686), (11686, 1, 26261)}, 0.5862665611887765, 'baseline'), ({(5336, 1, 11686), (11686, 1, 26261)}, 0.5542059376057471, 'baseline'), ({(5336, 1, 11686), (11686, 1, 26261)}, 0.5216036270882713, 'baseline'), ({(5336, 1, 11686), (11686, 1, 26261)}, 0.4815493053617813, 'baseline')]","[(5336, 1, 11686)]",[7.3315706],"(11686, 1, 5336)"
1,10.850468,[20018],20018.0,4,-3.3600316,"[({(36078, 0, 28742), (7833, 1, 36078)}, 11.579272807845422, 'baseline'), ([(7833, 1, 36078)], 4.4521, 'xrule'), ({(7833, 1, 36078)}, 3.575577159625674, 'baseline'), ({(36078, 0, 28742)}, -0.3159160203917455, 'baseline')]","[(7833, 1, 36078), (36078, 0, 28742), (28742, 1, 15054), (7833, 9, 15054)]",[-3.3600316],"(36078, 1, 7833)"
1,8.738957,[65],65.0,1,1.6592544,"[({(15125, 1, 2869)}, 3.648933338172059, 'baseline'), ({(15125, 1, 2869)}, 3.642891332574738, 'baseline'), ({(15125, 1, 2869)}, 3.635992926938388, 'baseline'), ([(15125, 1, 2869)], 3.3710003, 'xrule'), ({(15125, 1, 2869)}, 3.3355601463066633, 'baseline'), ({(15125, 1, 2869)}, 3.334146800579094, 'baseline'), ({(15125, 1, 2869)}, 3.330013097915336, 'baseline'), ({(15125, 1, 2869)}, 2.438665048718262, 'baseline'), ({(15125, 1, 2869)}, 2.3993049978478296, 'baseline'), ({(15125, 1, 2869)}, 2.3374067598110453, 'baseline')]","[(15125, 1, 2869)]",[1.6592544],"(2869, 1, 15125)"
1,8.654919,[157],157.0,1,1.4818399,"[([(29197, 1, 4359)], 2.7896996, 'xrule'), ({(29197, 1, 4359)}, 2.1869231372557123, 'baseline'), ({(29197, 1, 4359)}, 2.0766974505398146, 'baseline'), ({(29197, 1, 4359)}, 2.03328428496409, 'baseline'), ({(29197, 1, 4359)}, 1.9668494199582787, 'baseline'), ({(29197, 1, 4359)}, 1.94828424074403, 'baseline'), ({(29197, 1, 4359)}, 1.9218898717462192, 'baseline'), ({(29197, 1, 4359)}, 1.88518819015579, 'baseline'), ({(29197, 1, 4359)}, 1.8192206261858481, 'baseline'), ({(29197, 1, 4359)}, 1.801412664668181, 'baseline'), ({(29197, 1, 4359)}, 1.7344880887822633, 'baseline')]","[(29197, 1, 4359)]",[1.4818399],"(4359, 1, 29197)"
1,9.220281,[34905],34905.0,1,-1.4993573,"[([(38840, 1, 26984)], 6.5732994, 'xrule'), ({(38840, 1, 26984)}, 5.263678117376383, 'baseline'), ({(38840, 1, 26984)}, 3.303526217310419, 'baseline'), ({(38840, 1, 26984)}, 1.5495072103042486, 'baseline'), ({(38840, 1, 26984)}, 1.5488005376086103, 'baseline'), ({(38840, 1, 26984)}, 1.520726271837957, 'baseline'), ({(38840, 1, 26984)}, 1.4554472621474108, 'baseline'), ({(38840, 1, 26984)}, 1.453667705800619, 'baseline'), ({(38840, 1, 26984)}, 1.3531189577773053, 'baseline')]","[(38840, 1, 26984)]",[-1.4993573],"(26984, 1, 38840)"
1,7.281294,[12],12.0,3,2.6021473,"[({(14768, 0, 21985)}, 3.994757738712508, 'baseline'), ([(21984, 0, 21985), (14768, 0, 21985), (21984, 6, 24252)], 2.0496001, 'xrule'), ({(14768, 0, 21985)}, 1.5866385215316816, 'baseline')]","[(21984, 0, 21985), (14768, 0, 21985), (21984, 6, 24252)]",[2.6021473],"(14768, 6, 24252)"
1,8.747489,[1],1.0,1,7.405383,"[([(8589, 1, 2035)], 1.1447, 'xrule'), ({(2035, 1, 3839), (2035, 1, 23638), (8589, 1, 2035)}, 0.6291199171532056, 'baseline'), ({(2035, 1, 3839), (3839, 1, 2035), (2035, 1, 23638)}, 0.23803619626421305, 'baseline'), ({(2035, 1, 3839), (2035, 1, 23638), (23638, 1, 2035)}, 0.1633911535707448, 'baseline'), ({(2035, 1, 3839), (2035, 1, 23638), (647, 0, 2035)}, 0.10885051926066584, 'baseline'), ({(2035, 1, 3839), (2035, 1, 23638)}, 0.08483604622620029, 'baseline'), ({(2035, 1, 3839), (2035, 1, 23638)}, 0.05389885138182219, 'baseline'), ({(2035, 1, 3839), (25494, 0, 2035), (2035, 1, 23638)}, 0.02931694215633813, 'baseline'), ({(2035, 1, 3839), (2035, 1, 23638)}, 0.010783235499544968, 'baseline'), ({(2035, 1, 3839), (2035, 1, 23638)}, 0.009400407751637056, 'baseline'), ({(2035, 1, 3839), (2035, 1, 23638)}, -0.025279958785058513, 'baseline')]","[(8589, 1, 2035)]",[7.405383],"(2035, 1, 8589)"
1,10.44133,[9],9.0,1,4.794121,"[({(8774, 1, 16865)}, 4.082934993221134, 'baseline'), ({(16865, 5, 212), (8774, 1, 16865)}, 3.991396511692028, 'baseline'), ([(8774, 1, 16865)], 2.8085003, 'xrule'), ({(8774, 1, 16865)}, 2.5834962468327554, 'baseline'), ({(16865, 5, 212)}, -0.3287257737032978, 'baseline')]","[(8774, 1, 16865)]",[4.794121],"(16865, 1, 8774)"
1,11.001265,[10125],10125.0,1,-0.9787681,"[({(15249, 1, 26185)}, 11.325535632022063, 'baseline'), ([(15249, 1, 26185)], 8.3498, 'xrule'), ({(15249, 1, 26185)}, 5.114180819038805, 'baseline')]","[(15249, 1, 26185)]",[-0.9787681],"(26185, 1, 15249)"
1,8.797766,[34635],34635.0,4,-5.3426237,"[({(7708, 1, 9498), (7707, 1, 7708), (9498, 1, 7708)}, 10.323369156936344, 'baseline'), ([(7707, 1, 7708)], 3.6897998, 'xrule'), ({(7708, 1, 9498), (7707, 1, 7708)}, 2.658598586424096, 'baseline'), ({(7707, 1, 7708)}, 2.6563350401678356, 'baseline'), ({(7707, 1, 7708), (9498, 1, 7708)}, 2.6535846430669263, 'baseline'), ({(7708, 1, 9498)}, -0.6052264729779118, 'baseline'), ({(9498, 1, 7708)}, -0.6072835484407295, 'baseline'), ({(7708, 1, 9498), (9498, 1, 7708)}, -1.3942059842704575, 'baseline')]","[(7708, 1, 9498), (7707, 1, 7708), (9498, 1, 7707), (9498, 1, 7708)]",[-5.3426237],"(7708, 1, 7707)"
1,10.5282135,[21875],21875.0,1,-1.5910149,"[([(32885, 1, 37429)], 6.4867005, 'xrule'), ({(32885, 1, 37429)}, 4.775011790980614, 'baseline')]","[(32885, 1, 37429)]",[-1.5910149],"(37429, 1, 32885)"
1,9.052063,[3297],3297.0,1,-0.00907658,"[({(10722, 1, 5826)}, 6.331197179697321, 'baseline'), ([(10722, 1, 5826)], 4.2447, 'xrule'), ({(10722, 1, 5826)}, 3.5930608771176256, 'baseline'), ({(10722, 1, 5826)}, 3.537588960516721, 'baseline'), ({(10722, 1, 5826)}, 3.5326513098092716, 'baseline'), ({(10722, 1, 5826)}, 3.4190085807923745, 'baseline')]","[(10722, 1, 5826)]",[-0.00907658],"(5826, 1, 10722)"
1,9.7515745,[12],12.0,1,4.3353453,"[([(21524, 1, 20692)], 3.6782002, 'xrule'), ({(21524, 1, 20692)}, 2.7857415119529465, 'baseline'), ({(21524, 1, 20692), (20692, 1, 1062)}, 1.9811182960545486, 'baseline'), ({(21524, 1, 20692), (20692, 1, 1062)}, 1.7126866159906446, 'baseline'), ({(21524, 1, 20692), (20692, 1, 1062)}, 1.6389437456208824, 'baseline'), ({(21524, 1, 20692), (20692, 1, 1062)}, 1.2440834620997034, 'baseline'), ({(21524, 1, 20692), (20692, 1, 1062)}, 1.130155617506503, 'baseline'), ({(21524, 1, 20692), (20692, 1, 1062)}, 0.9712629820068328, 'baseline'), ({(21524, 1, 20692), (20692, 1, 1062)}, 0.6366625274382279, 'baseline'), ({(20692, 1, 1062)}, 0.011957208607915293, 'baseline'), ({(20692, 1, 1062)}, -0.11296649733340518, 'baseline')]","[(21524, 1, 20692)]",[4.3353453],"(20692, 1, 21524)"
1,9.611744,[29990],29990.0,1,-1.6365206,"[([(31140, 1, 25999)], 6.9379997, 'xrule'), ({(31140, 1, 25999)}, 3.276004599432599, 'baseline')]","[(31140, 1, 25999)]",[-1.6365206],"(25999, 1, 31140)"
1,8.751211,[11446],11446.0,1,-0.41316232,"[({(15849, 1, 22500)}, 5.152828534354646, 'baseline'), ([(15849, 1, 22500)], 4.1816998, 'xrule'), ({(15849, 1, 22500)}, 2.5711671438708463, 'baseline'), ({(15849, 1, 22500)}, 2.203887097502802, 'baseline'), ({(15849, 1, 22500)}, 1.8112698429386307, 'baseline'), ({(15849, 1, 22500)}, 1.4385758091195973, 'baseline'), ({(15849, 1, 22500)}, 1.299219190851166, 'baseline')]","[(15849, 1, 22500)]",[-0.41316232],"(22500, 1, 15849)"
1,7.6046906,[29],29.0,3,5.2239647,"[([(21810, 4, 3388), (21810, 4, 21811), (3388, 0, 278)], 11.610901, 'xrule'), ({(21810, 4, 21811)}, 7.867651377240566, 'baseline')]","[(21810, 4, 3388), (21810, 4, 21811), (3388, 0, 278)]",[5.2239647],"(21811, 0, 278)"
1,7.4783945,[6],6.0,3,8.251511,"[({(4170, 6, 33440)}, 5.400144429037235, 'baseline')]","[(4170, 6, 20535), (4170, 6, 33440), (20535, 2, 121)]",[8.251511],"(33440, 2, 121)"
1,5.459032,[2],2.0,4,4.6311646,"[({(14576, 1, 904), (904, 1, 14576)}, 1.0570540950390304, 'baseline'), ([(14576, 1, 904), (17185, 0, 904), (904, 1, 14576), (17185, 5, 2971)], 0.9424, 'xrule'), ({(14576, 1, 904), (904, 1, 14576)}, 0.7683344349198742, 'baseline'), ({(22518, 0, 14576)}, 0.2702331950166484, 'baseline'), ({(904, 1, 14576)}, 0.22068170779807403, 'baseline'), ({(14576, 1, 904)}, 0.21687607041463866, 'baseline'), ({(904, 1, 14576)}, 0.16658024049493536, 'baseline'), ({(14576, 1, 904)}, 0.16641000961316105, 'baseline'), ({(14576, 1, 1156), (14576, 1, 904)}, 0.032357255896104206, 'baseline'), ({(1156, 1, 14576), (904, 1, 14576)}, 0.03026441760590767, 'baseline')]","[(14576, 1, 904), (24018, 5, 2971), (904, 1, 14576), (24018, 0, 904)]",[4.6311646],"(14576, 5, 2971)"
1,9.152345,[38],38.0,7,4.200055,"[({(28697, 1, 12905), (5832, 1, 12905), (12904, 1, 12905), (12905, 1, 28697)}, 1.7628012503841732, 'baseline'), ({(28697, 1, 12905), (12905, 1, 28697), (5832, 1, 12905), (12905, 1, 12904)}, 1.7503081160858767, 'baseline'), ({(28697, 1, 12905), (5832, 1, 12905), (12905, 1, 28697)}, 1.4563780483036899, 'baseline'), ({(12905, 1, 28697), (5832, 1, 12905), (12904, 1, 12905), (12905, 1, 12904)}, 1.408211771378821, 'baseline'), ({(28697, 1, 12905), (5832, 1, 12905), (12904, 1, 12905), (12905, 1, 12904)}, 1.4077292121654956, 'baseline'), ([(5832, 1, 12905)], 1.4026995, 'xrule'), ({(5832, 1, 12905), (12904, 1, 12905), (12905, 1, 12904)}, 1.1364231653606909, 'baseline'), ({(12905, 1, 28697), (5832, 1, 12905), (12905, 1, 12904)}, 1.0313787976239597, 'baseline'), ({(12905, 1, 28697), (5832, 1, 12905), (12905, 1, 12904)}, 0.4720840877079006, 'baseline'), ({(28697, 1, 12905), (12905, 1, 12904), (12905, 1, 28697)}, -0.14275928289450207, 'baseline'), ({(12905, 1, 12904), (12905, 1, 28697)}, -0.16253181244903428, 'baseline')]","[(12904, 1, 1757), (1757, 1, 5832), (5832, 1, 12905), (12905, 1, 28697), (28697, 1, 12905), (28697, 1, 1757), (12904, 1, 12905)]",[4.200055],"(12905, 1, 5832)"
1,9.249761,[24217],24217.0,5,-1.8720298,"[({(17819, 1, 17820), (653, 1, 17819), (17820, 1, 17819)}, 5.9767710270176435, 'baseline'), ([(653, 1, 17819)], 2.012, 'xrule'), ({(17819, 1, 17820), (653, 1, 17819)}, 1.1428175517757795, 'baseline'), ({(17820, 1, 17819), (653, 1, 17819)}, 1.1372290201240223, 'baseline'), ({(653, 1, 17819)}, 1.0470448060243382, 'baseline'), ({(653, 1, 17819)}, 0.911924411058881, 'baseline'), ({(17819, 1, 17820), (17820, 1, 17819)}, 0.07056621739322738, 'baseline'), ({(17819, 1, 17820)}, -0.07462592889564706, 'baseline'), ({(17820, 1, 17819)}, -0.10169311327568502, 'baseline'), ({(17819, 1, 17820)}, -0.5461415814096723, 'baseline')]","[(653, 1, 17819), (17820, 1, 17819), (17820, 0, 12901), (653, 0, 12901), (17819, 1, 17820)]",[-1.8720298],"(17819, 1, 653)"
1,7.138199,[189],189.0,3,2.4567745,"[([(8221, 2, 3167), (8221, 2, 909), (17014, 2, 909)], 10.4026, 'xrule'), ({(17014, 2, 909)}, 6.876429727617267, 'baseline')]","[(8221, 2, 3167), (8221, 2, 909), (17014, 2, 909)]",[2.4567745],"(17014, 2, 3167)"
1,6.671388,[227],227.0,5,1.0926714,"[([(4393, 1, 522), (522, 1, 4393), (1049, 1, 32701), (32701, 1, 1049), (1049, 0, 4393)], 4.6268997, 'xrule'), ({(32701, 1, 1049), (1049, 1, 32701)}, 4.206099247179424, 'baseline'), ({(32701, 1, 1049)}, 0.7181826091953801, 'baseline'), ({(1049, 1, 32701)}, 0.7174315906230033, 'baseline')]","[(522, 1, 4393), (1049, 1, 32701), (32701, 1, 1049), (4393, 1, 522), (1049, 0, 4393)]",[1.0926714],"(32701, 0, 522)"
1,9.955729,[11711],11711.0,1,-0.6731457,"[([(3103, 1, 3104)], 9.5898, 'xrule'), ({(3103, 1, 3104)}, 8.067532968206326, 'baseline')]","[(3103, 1, 3104)]",[-0.6731457],"(3104, 1, 3103)"
1,8.8337755,[15177],15177.0,1,-0.2663806,"[([(17169, 3, 17011)], 2.6324005, 'xrule'), ({(17169, 3, 17011)}, 2.28702604788479, 'baseline'), ({(17169, 3, 17011)}, 2.2854892015958, 'baseline'), ({(17169, 3, 17011)}, 2.2212649524967873, 'baseline'), ({(17169, 3, 17011)}, 2.0170832645248193, 'baseline'), ({(17169, 3, 17011)}, 1.8733445080448234, 'baseline'), ({(17169, 3, 17011)}, 1.843274678060478, 'baseline'), ({(17169, 3, 17011)}, 1.8423753631873332, 'baseline')]","[(17169, 3, 17011)]",[-0.2663806],"(17011, 3, 17169)"
1,7.0427074,[192],192.0,3,1.733458,"[([(16202, 0, 14302), (23647, 0, 14302), (16202, 0, 1338)], 12.0021, 'xrule'), ({(23647, 0, 14302)}, 8.395473880489597, 'baseline')]","[(16202, 0, 14302), (23647, 0, 14302), (16202, 0, 1338)]",[1.733458],"(23647, 0, 1338)"
1,9.360676,[18486],18486.0,5,-0.493679,"[({(4765, 1, 29462), (29462, 1, 4765), (4764, 1, 4765)}, 2.7266318147581137, 'baseline'), ({(4765, 1, 29462), (29462, 1, 4765), (4764, 1, 4765)}, 2.429979935721279, 'baseline'), ({(4765, 1, 29462), (29462, 1, 4765), (4764, 1, 4765)}, 2.3748937937077312, 'baseline'), ({(4765, 1, 29462), (29462, 1, 4765), (4764, 1, 4765)}, 2.32370865739106, 'baseline'), ({(4765, 1, 29462), (29462, 1, 4765), (4764, 1, 4765)}, 2.296191335906294, 'baseline'), ({(4765, 1, 29462), (29462, 1, 4765), (4764, 1, 4765)}, 2.2326093862975136, 'baseline'), ({(4765, 1, 29462), (29462, 1, 4765), (4764, 1, 4765)}, 2.228551501659603, 'baseline'), ([(4764, 1, 4765)], 1.7367, 'xrule'), ({(4765, 1, 29462), (4764, 1, 4765)}, 1.4128142038413296, 'baseline'), ({(4765, 1, 29462), (4764, 1, 4765)}, 1.3709011697012683, 'baseline'), ({(4765, 1, 29462), (4764, 1, 4765)}, 1.3591204304678723, 'baseline')]","[(4765, 1, 29462), (21665, 1, 29462), (4764, 1, 4765), (29462, 1, 4765), (4764, 1, 21665)]",[-0.493679],"(4765, 1, 4764)"
1,8.114485,[18],18.0,1,4.6164618,"[([(19068, 1, 8742)], 1.6946998, 'xrule'), ({(19068, 1, 8742)}, 1.306679785288654, 'baseline'), ({(19068, 1, 8742)}, 1.2904081935244416, 'baseline'), ({(19068, 1, 8742)}, 1.1875978074974796, 'baseline'), ({(8742, 1, 1897), (19068, 1, 8742)}, 1.1675453738529276, 'baseline'), ({(19068, 1, 8742)}, 1.159036691336243, 'baseline'), ({(19068, 1, 8742)}, 1.1563778472593063, 'baseline'), ({(19068, 1, 8742)}, 1.1464734624134982, 'baseline'), ({(19068, 1, 8742)}, 1.1334777421023068, 'baseline'), ({(8742, 1, 1897)}, -0.18594737788207424, 'baseline'), ({(8742, 1, 1897)}, -0.21638198622571014, 'baseline')]","[(19068, 1, 8742)]",[4.6164618],"(8742, 1, 19068)"
1,9.769687,[21794],21794.0,1,-1.0158305,"[({(28087, 1, 13806)}, 6.260065559268487, 'baseline'), ([(28087, 1, 13806)], 4.4971004, 'xrule'), ({(28087, 1, 13806)}, 4.412908922901865, 'baseline'), ({(28087, 1, 13806)}, 3.249389926650838, 'baseline'), ({(28087, 1, 13806)}, 2.6461559959756302, 'baseline'), ({(28087, 1, 13806)}, 2.392315994848119, 'baseline')]","[(28087, 1, 13806)]",[-1.0158305],"(13806, 1, 28087)"
1,6.574163,[13],13.0,8,3.492939,"[({(5796, 0, 3210), (8242, 0, 3210), (135, 0, 3210), (3210, 0, 14885)}, 1.2791300407099493, 'baseline'), ({(135, 0, 3210), (13794, 1, 3210), (8242, 0, 3210), (3210, 0, 14885)}, 1.222811755797619, 'baseline'), ({(135, 0, 3210), (3210, 1, 13794), (8242, 0, 3210), (3210, 0, 14885)}, 1.2206678958605786, 'baseline'), ({(5796, 0, 3210), (13794, 1, 3210), (135, 0, 3210), (3210, 0, 14885)}, 1.1960650051629182, 'baseline'), ({(5796, 0, 3210), (3210, 1, 13794), (135, 0, 3210), (3210, 0, 14885)}, 1.1934385860246424, 'baseline'), ({(135, 0, 3210), (13794, 1, 3210), (3210, 1, 13794), (3210, 0, 14885)}, 1.19084506864138, 'baseline'), ({(135, 0, 3210), (8242, 0, 3210), (3210, 0, 14885)}, 1.1186733784638605, 'baseline'), ({(135, 0, 3210), (8242, 0, 3210), (3210, 0, 14885)}, 1.1163592876443347, 'baseline'), ({(135, 0, 3210), (8242, 0, 3210), (3210, 0, 14885)}, 1.0967078741716754, 'baseline'), ([(10107, 5, 1819), (10107, 0, 14885), (3210, 0, 14885)], 1.0324998, 'xrule'), ({(135, 0, 3210), (3210, 0, 14885)}, 0.9090877067754906, 'baseline')]","[(5796, 5, 1819), (8242, 5, 1819), (5796, 0, 3210), (3210, 0, 14885), (135, 0, 3210), (14885, 5, 1819), (8242, 0, 3210), (135, 5, 1819)]",[3.492939],"(3210, 5, 1819)"
1,5.108136,[755],755.0,3,-0.33294797,"[([(8721, 0, 1754), (11480, 2, 8721), (1534, 0, 1754)], 9.8356, 'xrule'), ({(11480, 2, 8721)}, 5.760177944211675, 'baseline')]","[(8721, 0, 1754), (11480, 2, 8721), (1534, 0, 1754)]",[-0.33294797],"(11480, 2, 1534)"
1,8.59272,[2687],2687.0,4,0.16237615,"[({(26647, 9, 12197), (12197, 9, 26647), (3407, 1, 26647)}, 3.1174252111610437, 'baseline'), ({(26647, 9, 12197), (12197, 9, 26647), (3407, 1, 26647)}, 3.115998990875246, 'baseline'), ({(26647, 9, 12197), (3407, 1, 26647)}, 2.1450530164218886, 'baseline'), ({(12197, 9, 26647), (3407, 1, 26647)}, 2.14275704526866, 'baseline'), ({(3407, 1, 26647)}, 2.057930569076419, 'baseline'), ({(26647, 9, 12197), (3407, 1, 26647)}, 1.9861145962478655, 'baseline'), ({(12197, 9, 26647), (3407, 1, 26647)}, 1.9750333766689994, 'baseline'), ({(3407, 1, 26647)}, 1.9725204446279165, 'baseline'), ([(3407, 1, 26647)], 1.8472004, 'xrule'), ({(3407, 1, 26647)}, 1.8312359696953242, 'baseline'), ({(26647, 9, 12197), (3407, 1, 26647)}, 1.7675314752725815, 'baseline')]","[(12197, 1, 3407), (26647, 9, 12197), (12197, 9, 26647), (3407, 1, 26647)]",[0.16237615],"(26647, 1, 3407)"
1,10.34638,[654],654.0,4,0.107657254,"[({(12274, 0, 9960), (9268, 1, 12274)}, 11.26221105432825, 'baseline'), ([(9268, 1, 12274)], 3.1246, 'xrule'), ({(9268, 1, 12274)}, 2.9948713599899945, 'baseline'), ({(12274, 0, 9960)}, -0.3005246707091229, 'baseline')]","[(9960, 1, 469), (9268, 1, 12274), (9268, 0, 469), (12274, 0, 9960)]",[0.107657254],"(12274, 1, 9268)"
1,9.063567,[10901],10901.0,5,-0.6629264,"[({(3300, 1, 17578), (8885, 1, 17578), (17578, 1, 3300)}, 4.9247984547742965, 'baseline'), ({(3300, 1, 17578), (8885, 1, 17578), (17578, 1, 3300)}, 3.581492803404015, 'baseline'), ({(3300, 1, 17578), (8885, 1, 17578), (17578, 1, 3300)}, 2.969454027066804, 'baseline'), ({(3300, 1, 17578), (8885, 1, 17578)}, 2.747566399714784, 'baseline'), ({(8885, 1, 17578)}, 2.7431375356365963, 'baseline'), ({(8885, 1, 17578), (17578, 1, 3300)}, 2.7421814769084367, 'baseline'), ({(3300, 1, 17578), (8885, 1, 17578)}, 2.643027943655908, 'baseline'), ({(8885, 1, 17578), (17578, 1, 3300)}, 2.640255135359894, 'baseline'), ({(8885, 1, 17578)}, 2.5304004224798526, 'baseline'), ([(8885, 1, 17578)], 2.4449, 'xrule'), ({(8885, 1, 17578), (17578, 1, 3300)}, 1.8903990669657877, 'baseline')]","[(8885, 1, 17578), (3300, 1, 17578), (26393, 1, 3300), (8885, 1, 26393), (17578, 1, 3300)]",[-0.6629264],"(17578, 1, 8885)"
1,9.688642,[18557],18557.0,1,-0.44724673,"[([(34834, 1, 3152)], 6.6275, 'xrule'), ({(34834, 1, 3152)}, 2.2406159598018656, 'baseline'), ({(34834, 1, 3152)}, 2.2369033052820178, 'baseline'), ({(34834, 1, 3152)}, 2.233603591932262, 'baseline'), ({(34834, 1, 3152)}, 1.4727593127271157, 'baseline'), ({(34834, 1, 3152)}, 1.4678612412131657, 'baseline'), ({(34834, 1, 3152)}, 1.4659500778196948, 'baseline'), ({(34834, 1, 3152)}, 1.3031225799478705, 'baseline'), ({(34834, 1, 3152)}, 1.1460810253818279, 'baseline'), ({(34834, 1, 3152)}, 1.1437254497394416, 'baseline'), ({(34834, 1, 3152)}, 1.1425600597005152, 'baseline')]","[(34834, 1, 3152)]",[-0.44724673],"(3152, 1, 34834)"
1,7.7996135,[127],127.0,3,2.4696314,"[([(3970, 0, 81), (16415, 4, 36104), (16415, 4, 3970)], 11.35, 'xrule'), ({(16415, 4, 36104)}, 8.290613955810413, 'baseline')]","[(3970, 0, 81), (16415, 4, 36104), (16415, 4, 3970)]",[2.4696314],"(36104, 0, 81)"
1,7.398238,[344],344.0,3,0.63538516,"[([(1620, 6, 25305), (33663, 0, 2099), (1620, 4, 33663)], 11.8175, 'xrule'), ({(1620, 6, 25305)}, 7.878408633620579, 'baseline')]","[(1620, 6, 25305), (33663, 0, 2099), (1620, 4, 33663)]",[0.63538516],"(25305, 0, 2099)"
1,10.221,[3417],3417.0,1,-0.35952044,"[({(24859, 1, 24512)}, 11.111385430382114, 'baseline'), ([(24859, 1, 24512)], 6.6045003, 'xrule'), ({(24859, 1, 24512)}, 5.277983261755385, 'baseline')]","[(24859, 1, 24512)]",[-0.35952044],"(24512, 1, 24859)"
1,9.419868,[2],2.0,8,7.4133205,"[({(3340, 1, 13731), (13731, 1, 11130), (13731, 1, 13730), (13730, 1, 13731)}, 1.175459917247279, 'baseline'), ({(3340, 1, 13731), (11130, 1, 13731), (13730, 1, 13731), (13731, 1, 11130)}, 1.1320477074068083, 'baseline'), ({(3340, 1, 13731), (11130, 1, 13731), (13731, 1, 13730), (13731, 1, 11130)}, 1.1206770482798964, 'baseline'), ({(3340, 1, 13731), (11130, 1, 13731), (13731, 1, 11130)}, 0.9656057858454711, 'baseline'), ({(3340, 1, 13731), (13731, 1, 11130), (13730, 1, 13731)}, 0.5261707734232374, 'baseline'), ({(3340, 1, 13731), (13731, 1, 11130), (13731, 1, 13730)}, 0.521060986406536, 'baseline'), ({(3340, 1, 13731), (13731, 1, 11130)}, 0.48509125179219775, 'baseline'), ({(3340, 1, 13731), (13731, 1, 11130), (13731, 0, 586)}, 0.32900337514906336, 'baseline'), ({(13730, 1, 13731), (11130, 1, 13731), (13731, 1, 13730), (13731, 1, 11130)}, 0.22117332690695682, 'baseline'), ({(3340, 1, 13731), (13731, 1, 11130), (13731, 0, 586), (13731, 1, 13730)}, 0.16054538935179644, 'baseline')]","[(3340, 1, 13731), (25343, 1, 3340), (13730, 1, 13694), (13694, 1, 3340), (13731, 1, 11130), (13731, 1, 13730), (25343, 1, 11130), (13730, 1, 13731)]",[7.4133205],"(13731, 1, 3340)"
1,8.579209,[5290],5290.0,1,0.28504348,"[([(19504, 1, 21993)], 5.1183004, 'xrule'), ({(11202, 0, 21993), (19504, 1, 21993)}, 1.1761150915525693, 'baseline'), ({(11202, 0, 21993), (19504, 1, 21993)}, 1.1385317393257082, 'baseline'), ({(11202, 0, 21993), (19504, 1, 21993)}, 1.1378450937801872, 'baseline'), ({(19504, 1, 21993)}, 0.7220373608198155, 'baseline'), ({(11202, 0, 21993)}, 0.01338104433659458, 'baseline')]","[(19504, 1, 21993)]",[0.28504348],"(21993, 1, 19504)"
1,10.240109,[25999],25999.0,3,-4.0174665,"[({(14202, 0, 31982), (14201, 1, 14202)}, 11.215954638835232, 'baseline'), ({(14201, 1, 14202)}, 4.436533838854867, 'baseline'), ([(14201, 1, 14202)], 4.1718, 'xrule'), ({(14202, 0, 31982)}, -0.6663808376867043, 'baseline')]","[(14202, 0, 31982), (14201, 1, 31982), (14201, 1, 14202)]",[-4.0174665],"(14202, 1, 14201)"
1,8.6875305,[6],6.0,1,5.262911,"[([(6752, 1, 3450)], 1.5372005, 'xrule'), ({(6752, 1, 3450), (13763, 1, 3450), (3450, 1, 13763)}, 1.4872441957016924, 'baseline'), ({(6752, 1, 3450), (3450, 1, 12980), (13763, 1, 3450), (3450, 1, 13763)}, 1.4820633597633583, 'baseline'), ({(6752, 1, 3450), (3450, 1, 15388), (3450, 1, 13763), (13763, 1, 3450)}, 1.455267017687169, 'baseline'), ({(6752, 1, 3450), (3450, 1, 13763)}, 1.3821058897139822, 'baseline'), ({(6752, 1, 3450), (3450, 1, 12980), (13968, 1, 3450), (3450, 1, 13763)}, 1.3458195343117652, 'baseline'), ({(6752, 1, 3450), (3450, 1, 15388), (3450, 1, 13763)}, 1.340868057038706, 'baseline'), ({(6752, 1, 3450), (19171, 0, 3450), (3450, 1, 13763)}, 1.3214722281034514, 'baseline'), ({(3450, 1, 15388), (6752, 1, 3450), (13968, 1, 3450), (3450, 1, 13763)}, 1.291423856749288, 'baseline'), ({(6752, 1, 3450), (3450, 1, 15388), (3450, 1, 13763)}, 1.2576952561159422, 'baseline'), ({(6752, 1, 3450), (3450, 1, 12980), (3450, 1, 15388), (3450, 1, 13763)}, 1.224845943238682, 'baseline')]","[(6752, 1, 3450)]",[5.262911],"(3450, 1, 6752)"
1,8.870047,[1864],1864.0,4,0.42626223,"[({(1287, 1, 18173), (23932, 1, 18173)}, 4.275698448043939, 'baseline'), ([(1287, 1, 18173)], 3.0297003, 'xrule'), ({(1287, 1, 18173)}, 2.734903987258514, 'baseline'), ({(1287, 1, 18173)}, 2.603176272698727, 'baseline'), ({(23932, 1, 18173)}, 0.04913620182303801, 'baseline')]","[(1287, 1, 18173), (23932, 1, 18173), (406, 1, 23932), (1287, 1, 406)]",[0.42626223],"(18173, 1, 1287)"
1,8.515327,[15],15.0,1,3.1759188,"[([(17826, 3, 14917)], 3.0593, 'xrule'), ({(17826, 3, 14917), (14917, 3, 17825)}, 2.174474825239134, 'baseline'), ({(17826, 3, 14917), (14917, 3, 17825)}, 2.1050716478716884, 'baseline'), ({(17826, 3, 14917), (14917, 3, 17825)}, 2.0425210982582596, 'baseline'), ({(17826, 3, 14917)}, 1.550883362473587, 'baseline'), ({(17826, 3, 14917)}, 1.549109051248064, 'baseline'), ({(17826, 3, 14917)}, 1.4991179182242247, 'baseline'), ({(17826, 3, 14917)}, 1.4966645910294119, 'baseline'), ({(17826, 3, 14917)}, 1.4719320002511935, 'baseline'), ({(17826, 3, 14917)}, 1.371906342503569, 'baseline'), ({(17826, 3, 14917)}, 1.346543373132026, 'baseline')]","[(17826, 3, 14917)]",[3.1759188],"(14917, 3, 17826)"
1,8.571083,[14],14.0,3,3.1695175,"[({(1019, 4, 28305)}, 5.472718732849443, 'baseline'), ([(1019, 4, 23273), (1019, 4, 28305), (23273, 0, 3141)], 5.2717004, 'xrule')]","[(1019, 4, 39576), (1019, 4, 28305), (39576, 0, 3141)]",[3.1695175],"(28305, 0, 3141)"
1,7.647258,[1867],1867.0,3,-2.650012,"[([(24714, 5, 3149), (4747, 5, 3149), (24714, 0, 22951)], 14.4095, 'xrule'), ({(4747, 5, 3149)}, 10.38888355347207, 'baseline')]","[(24714, 5, 3149), (4747, 5, 3149), (24714, 0, 22951)]",[-2.650012],"(4747, 0, 22951)"
1,9.101814,[2222],2222.0,1,0.35568675,"[({(9037, 1, 26613)}, 4.965049290459993, 'baseline'), ({(9037, 1, 26613)}, 3.702782579823611, 'baseline'), ({(9037, 1, 26613)}, 3.694446509192479, 'baseline'), ({(9037, 1, 26613)}, 3.4442676067055342, 'baseline'), ({(9037, 1, 26613)}, 3.0730097274310095, 'baseline'), ({(9037, 1, 26613)}, 2.6795641656846674, 'baseline'), ({(9037, 1, 26613)}, 2.5365392248181418, 'baseline')]","[(9037, 1, 26613)]",[0.35568675],"(26613, 1, 9037)"
1,9.88568,[153],153.0,4,1.6518639,"[({(7315, 0, 15497), (2938, 1, 15497)}, 3.502260560244116, 'baseline'), ({(7315, 0, 15497), (2938, 1, 15497)}, 3.4905532508072947, 'baseline'), ({(7315, 0, 15497), (2938, 1, 15497)}, 3.0416271601215037, 'baseline'), ({(7315, 0, 15497), (2938, 1, 15497)}, 2.9080006730492913, 'baseline'), ({(7315, 0, 15497), (2938, 1, 15497)}, 2.862685876090067, 'baseline'), ({(7315, 0, 15497), (2938, 1, 15497)}, 2.8251392348102145, 'baseline'), ([(2938, 1, 15497)], 2.7598996, 'xrule'), ({(7315, 0, 15497), (2938, 1, 15497)}, 2.538471846217861, 'baseline'), ({(7315, 0, 15497), (2938, 1, 15497)}, 2.46471895711726, 'baseline'), ({(7315, 0, 15497), (2938, 1, 15497)}, 2.419830455588393, 'baseline'), ({(7315, 0, 15497), (2938, 1, 15497)}, 2.40475000197692, 'baseline')]","[(5712, 0, 2938), (7315, 1, 5712), (7315, 0, 15497), (2938, 1, 15497)]",[1.6518639],"(15497, 1, 2938)"
1,7.876352,[15072],15072.0,1,-0.107696176,"[([(5862, 1, 14121)], 2.6597, 'xrule'), ({(5862, 1, 14121)}, 1.717003899839, 'baseline'), ({(5862, 1, 14121)}, 1.5529952742986857, 'baseline')]","[(5862, 1, 14121)]",[-0.107696176],"(14121, 1, 5862)"
1,8.77287,[12],12.0,3,6.042636,"[([(1038, 4, 39279), (22149, 0, 184), (1038, 4, 22149)], 12.8801, 'xrule'), ({(1038, 4, 39279)}, 11.377097941626898, 'baseline')]","[(1038, 4, 39279), (22149, 0, 184), (1038, 4, 22149)]",[6.042636],"(39279, 0, 184)"
1,9.075606,[6],6.0,1,4.7162642,"[([(25165, 1, 7514)], 2.0916996, 'xrule'), ({(7514, 1, 3331), (21485, 1, 7514), (7514, 1, 21485), (25165, 1, 7514)}, 1.2083588210832272, 'baseline'), ({(7514, 1, 3331), (3331, 1, 7514), (7514, 1, 21485), (25165, 1, 7514)}, 1.1470594952644775, 'baseline'), ({(7514, 1, 3331), (7514, 1, 21485), (25165, 1, 7514)}, 0.9253263965713994, 'baseline'), ({(7514, 1, 3331), (7514, 1, 21485), (25165, 1, 7514)}, 0.9153461945749755, 'baseline'), ({(7514, 1, 3331), (7514, 1, 21485), (25165, 1, 7514)}, 0.90861420748716, 'baseline'), ({(7514, 1, 3331), (7514, 1, 21485), (25165, 1, 7514)}, 0.9029541502899622, 'baseline'), ({(7514, 1, 3331), (7514, 1, 21485), (25165, 1, 7514)}, 0.9023151884496768, 'baseline'), ({(7514, 1, 3331), (7514, 1, 21485), (25165, 1, 7514)}, 0.8975639829443062, 'baseline'), ({(7514, 1, 3331), (7514, 1, 21485), (25165, 1, 7514)}, 0.8934631833028376, 'baseline'), ({(7514, 1, 3331), (7514, 1, 21485), (25165, 1, 7514)}, 0.8923893459833526, 'baseline')]","[(25165, 1, 7514)]",[4.7162642],"(7514, 1, 25165)"
1,9.27175,[2],2.0,7,6.532567,"[({(16314, 1, 15028), (15028, 1, 21701), (5116, 1, 15028), (21701, 1, 15028)}, 1.181199129405232, 'baseline'), ({(16314, 1, 15028), (15028, 1, 21701), (5116, 1, 15028)}, 0.7179346538486979, 'baseline'), ({(16314, 1, 15028), (5116, 1, 15028), (21701, 1, 15028)}, 0.7139168238668346, 'baseline'), ({(16314, 1, 15028), (15028, 1, 21701), (5116, 1, 15028), (15028, 1, 6422)}, 0.6815996618520043, 'baseline'), ({(16314, 1, 15028), (15028, 1, 21701), (5116, 1, 15028), (6422, 1, 15028)}, 0.679096266743491, 'baseline'), ({(16314, 1, 15028), (21701, 1, 15028), (5116, 1, 15028), (15028, 1, 6422)}, 0.678391501362159, 'baseline'), ({(16314, 1, 15028), (21701, 1, 15028), (5116, 1, 15028), (6422, 1, 15028)}, 0.6760378331400451, 'baseline'), ({(16314, 1, 15028), (15028, 1, 21701), (5116, 1, 15028)}, 0.6054487666419394, 'baseline'), ({(16314, 1, 15028), (5116, 1, 15028), (21701, 1, 15028)}, 0.6006699045751355, 'baseline'), ({(15028, 1, 21701), (21701, 1, 15028), (5116, 1, 15028), (15028, 1, 6422)}, 0.5166035125776341, 'baseline'), ([(5116, 1, 15028)], 0.47210026, 'xrule')]","[(15028, 1, 21701), (19324, 0, 21701), (5116, 1, 19324), (19324, 1, 16314), (16314, 1, 15028), (5116, 1, 15028), (21701, 1, 15028)]",[6.532567],"(15028, 1, 5116)"
1,9.564367,[17358],17358.0,1,-0.11187592,"[([(5782, 1, 6726)], 4.6273, 'xrule'), ({(5782, 1, 6726)}, 0.7091360544646822, 'baseline'), ({(5782, 1, 6726)}, 0.691611334977131, 'baseline'), ({(5782, 1, 6726)}, 0.6425419296244679, 'baseline'), ({(5782, 1, 6726)}, 0.6360063994733747, 'baseline'), ({(5782, 1, 6726)}, 0.6359539473873179, 'baseline'), ({(5782, 1, 6726)}, 0.6043711146348305, 'baseline'), ({(5782, 1, 6726)}, 0.5963859994584851, 'baseline'), ({(5782, 1, 6726)}, 0.5718565420478909, 'baseline'), ({(5782, 1, 6726)}, 0.5458288623087194, 'baseline'), ({(5782, 1, 6726)}, 0.5446615649608566, 'baseline')]","[(5782, 1, 6726)]",[-0.11187592],"(6726, 1, 5782)"
1,10.27132,[2733],2733.0,1,-0.08698398,"[({(5329, 1, 12530)}, 5.646607391180238, 'baseline'), ([(5329, 1, 12530)], 5.6194997, 'xrule'), ({(5329, 1, 12530)}, 3.6638335519725187, 'baseline')]","[(5329, 1, 12530)]",[-0.08698398],"(12530, 1, 5329)"
1,10.40897,[13016],13016.0,1,-1.1891934,"[([(14159, 1, 40286)], 7.4143, 'xrule'), ({(14159, 1, 40286)}, 6.316315010999121, 'baseline')]","[(14159, 1, 40286)]",[-1.1891934],"(40286, 1, 14159)"
1,10.314679,[11247],11247.0,4,-2.402726,"[({(26785, 0, 17167), (7703, 1, 26785)}, 11.619010487346765, 'baseline'), ({(7703, 1, 26785)}, 4.2271616360393125, 'baseline'), ([(7703, 1, 26785)], 3.1688004, 'xrule'), ({(26785, 0, 17167)}, -0.4836616092258507, 'baseline')]","[(26785, 0, 17167), (707, 1, 7703), (7703, 1, 26785), (707, 0, 17167)]",[-2.402726],"(26785, 1, 7703)"
1,8.925503,[6],6.0,1,6.2102222,"[([(7329, 1, 5855)], 1.4405003, 'xrule'), ({(7329, 1, 5855), (5855, 1, 28317)}, 0.7330465773151928, 'baseline'), ({(11474, 0, 5855), (5855, 1, 28317)}, 0.01399234956739735, 'baseline'), ({(5855, 1, 28317)}, -0.011226614036461776, 'baseline'), ({(28317, 1, 5855), (5855, 1, 28317)}, -0.048681219140092054, 'baseline'), ({(5855, 1, 28317)}, -0.07681651879179138, 'baseline'), ({(5855, 1, 28317)}, -0.08004470635149347, 'baseline'), ({(5855, 1, 28317)}, -0.08919425770568781, 'baseline'), ({(5855, 1, 28317)}, -0.11344524184763609, 'baseline'), ({(5855, 1, 28317)}, -0.11642356672139567, 'baseline'), ({(5855, 1, 28317)}, -0.14135833535292905, 'baseline')]","[(7329, 1, 5855)]",[6.2102222],"(5855, 1, 7329)"
1,9.050512,[932],932.0,3,0.68274975,"[({(30984, 0, 957), (6485, 1, 30984)}, 2.6311337159342596, 'baseline'), ({(30984, 0, 957), (6485, 1, 30984)}, 2.6133667609924625, 'baseline'), ({(30984, 0, 957), (6485, 1, 30984)}, 2.241563912220751, 'baseline'), ({(30984, 0, 957), (6485, 1, 30984)}, 2.2179595169879094, 'baseline'), ({(30984, 0, 957), (6485, 1, 30984)}, 2.1814700269418825, 'baseline'), ([(6485, 1, 30984)], 1.9948006, 'xrule'), ({(6485, 1, 30984)}, 0.9773245361271083, 'baseline'), ({(6485, 1, 30984)}, 0.8753452782570192, 'baseline'), ({(6485, 1, 30984)}, 0.8388548372162286, 'baseline'), ({(6485, 1, 30984)}, 0.786779450226543, 'baseline'), ({(30984, 0, 957)}, -0.21967025524838935, 'baseline')]","[(957, 1, 6485), (30984, 0, 957), (6485, 1, 30984)]",[0.68274975],"(30984, 1, 6485)"
1,8.869197,[1],1.0,2,4.3590355,"[({(29963, 2, 1137)}, 9.43367015565907, 'baseline'), ({(29963, 2, 1137)}, 5.850205576318439, 'baseline'), ([(39696, 5, 774), (29963, 2, 1137), (39696, 2, 1137)], 5.4474998, 'xrule')]","[(1137, 5, 774), (29963, 2, 1137)]",[4.3590355],"(29963, 5, 774)"
1,8.604788,[396],396.0,4,0.9730869,"[({(2573, 1, 17030), (17030, 1, 13110)}, 2.751958070718457, 'baseline'), ([(2573, 1, 17030)], 2.6565003, 'xrule'), ({(2573, 1, 17030)}, 2.5550586287568864, 'baseline'), ({(17030, 1, 13110)}, -0.31346603108464693, 'baseline'), ({(13110, 1, 17030)}, -0.31417556476259145, 'baseline')]","[(2573, 1, 17030), (2573, 0, 2574), (17030, 1, 13110), (13110, 0, 2574)]",[0.9730869],"(17030, 1, 2573)"
1,8.1901455,[1],1.0,3,6.2767477,"[({(20114, 6, 20115)}, 8.240134011872255, 'baseline'), ({(20114, 6, 20115)}, 1.9145518242296435, 'baseline'), ([(20114, 6, 4716), (20114, 6, 20115), (4716, 2, 2580)], 1.8128996, 'xrule')]","[(39563, 2, 2580), (20114, 6, 20115), (20114, 6, 39563)]",[6.2767477],"(20115, 2, 2580)"
1,10.975729,[2667],2667.0,1,0.16339532,"[([(18271, 1, 3741)], 6.2082, 'xrule'), ({(18271, 1, 3741)}, 4.503165691737374, 'baseline'), ({(18271, 1, 3741)}, 2.7246705832847953, 'baseline'), ({(18271, 1, 3741)}, 2.238618011954583, 'baseline'), ({(18271, 1, 3741)}, 1.8716889293643326, 'baseline'), ({(18271, 1, 3741)}, 1.8234530330498608, 'baseline'), ({(18271, 1, 3741)}, 1.7488871412592457, 'baseline'), ({(18271, 1, 3741)}, 1.6673537049411573, 'baseline'), ({(18271, 1, 3741)}, 1.3993206654431418, 'baseline'), ({(18271, 1, 3741)}, 1.2741013158800292, 'baseline'), ({(18271, 1, 3741)}, 1.2724705327039965, 'baseline')]","[(18271, 1, 3741)]",[0.16339532],"(3741, 1, 18271)"
1,8.390123,[16106],16106.0,1,-0.45588934,"[([(7531, 1, 7532)], 4.1284995, 'xrule'), ({(7531, 1, 7532)}, 1.8874450605014916, 'baseline'), ({(7531, 1, 7532)}, 1.787390790302112, 'baseline'), ({(7531, 1, 7532)}, 1.7594347798081578, 'baseline'), ({(7531, 1, 7532)}, 1.5828448048825638, 'baseline'), ({(7531, 1, 7532)}, 1.5201817237994253, 'baseline')]","[(7531, 1, 7532)]",[-0.45588934],"(7532, 1, 7531)"
1,9.191784,[19],19.0,1,4.879528,"[([(36226, 1, 1771)], 2.6282, 'xrule'), ({(9610, 1, 1771), (36226, 1, 1771)}, 0.4696436350932111, 'baseline'), ({(9610, 1, 1771), (36226, 1, 1771)}, 0.4520206872289172, 'baseline'), ({(9610, 1, 1771), (36226, 1, 1771)}, 0.44091801071687764, 'baseline'), ({(9610, 1, 1771), (36226, 1, 1771)}, 0.43408874890063814, 'baseline'), ({(9610, 1, 1771), (36226, 1, 1771)}, 0.43271355051200777, 'baseline'), ({(9610, 1, 1771), (36226, 1, 1771)}, 0.43209175482856516, 'baseline'), ({(9610, 1, 1771), (36226, 1, 1771)}, 0.4308519782484528, 'baseline'), ({(9610, 1, 1771), (36226, 1, 1771)}, 0.40913872122617245, 'baseline'), ({(9610, 1, 1771), (36226, 1, 1771)}, 0.3963804661056957, 'baseline'), ({(9610, 1, 1771), (36226, 1, 1771)}, 0.3875647006539765, 'baseline')]","[(36226, 1, 1771)]",[4.879528],"(1771, 1, 36226)"
1,10.239602,[16873],16873.0,7,-2.5804129,"[({(9971, 1, 6882), (6882, 0, 6883), (10563, 9, 6882), (6882, 1, 9971)}, 11.37333574644977, 'baseline'), ({(9971, 1, 6882), (10563, 9, 6882), (6882, 1, 9971)}, 4.866602308571166, 'baseline'), ([(10563, 9, 6882)], 2.2876997, 'xrule'), ({(9971, 1, 6882), (6882, 0, 6883), (10563, 9, 6882)}, 1.6564894465614892, 'baseline'), ({(6882, 0, 6883), (10563, 9, 6882)}, 1.6532784249754071, 'baseline'), ({(6882, 0, 6883), (10563, 9, 6882), (6882, 1, 9971)}, 1.6517887855984568, 'baseline'), ({(10563, 9, 6882), (6882, 1, 9971)}, 1.5441580508398762, 'baseline'), ({(9971, 1, 6882), (10563, 9, 6882)}, 1.5412445756907012, 'baseline'), ({(10563, 9, 6882)}, 1.3925572068666292, 'baseline'), ({(9971, 1, 6882), (6882, 1, 9971)}, 0.024462739886757946, 'baseline'), ({(9971, 1, 6882)}, -0.13327499185110678, 'baseline')]","[(10563, 1, 2955), (10563, 9, 6882), (10563, 1, 9971), (6883, 1, 2955), (6882, 0, 6883), (9971, 1, 6882), (6882, 1, 9971)]",[-2.5804129],"(6882, 9, 10563)"
1,7.0875874,[1],1.0,2,4.886146,"[([(27614, 5, 172), (27614, 0, 28580)], 1.6579001, 'xrule'), ({(27614, 0, 28580)}, 1.2990288135985217, 'baseline')]","[(27614, 5, 172), (27614, 0, 28580)]",[4.886146],"(28580, 5, 172)"
1,9.401691,[21874],21874.0,1,-3.556357,"[([(28165, 1, 40453)], 15.1956005, 'xrule'), ({(28165, 1, 40453)}, 11.620920026172994, 'baseline')]","[(28165, 1, 40453)]",[-3.556357],"(40453, 1, 28165)"
1,9.251232,[5],5.0,8,5.287645,"[({(14574, 1, 21645), (21645, 1, 14574), (21645, 1, 32962), (16026, 1, 21645)}, 1.929538817147687, 'baseline'), ({(14574, 1, 21645), (21645, 1, 32962), (32962, 1, 21645), (16026, 1, 21645)}, 1.3251515037676584, 'baseline'), ({(21645, 1, 32962), (21645, 1, 14574), (32962, 1, 21645), (16026, 1, 21645)}, 1.3226385718735432, 'baseline'), ({(21645, 1, 32962), (32962, 1, 21645), (16026, 1, 21645)}, 1.3224239951510228, 'baseline'), ([(16026, 1, 21645)], 1.0545006, 'xrule'), ({(21645, 1, 14574), (16026, 1, 21645)}, 0.9419184226702696, 'baseline'), ({(21645, 1, 14574), (32962, 1, 21645), (16026, 1, 21645)}, 0.7981024255655886, 'baseline'), ({(21645, 1, 32962), (21645, 1, 14574), (16026, 1, 21645)}, 0.7971840371781124, 'baseline'), ({(14574, 1, 21645), (21645, 1, 32962), (16026, 1, 21645)}, 0.7963476647640937, 'baseline'), ({(21645, 1, 32962), (16026, 1, 21645)}, 0.7906465996268731, 'baseline'), ({(21645, 1, 32962), (21645, 1, 14574)}, -0.3542556349729868, 'baseline')]","[(16026, 0, 3818), (16026, 1, 19508), (16026, 1, 21645), (19508, 1, 32962), (21645, 1, 14574), (14574, 1, 21645), (21645, 1, 32962), (14574, 0, 3818)]",[5.287645],"(21645, 1, 16026)"
1,9.526362,[2946],2946.0,1,0.13926938,"[([(13752, 1, 11251)], 4.1373, 'xrule'), ({(13752, 1, 11251)}, 4.083378451690376, 'baseline'), ({(13752, 1, 11251)}, 4.075182569798328, 'baseline'), ({(13752, 1, 11251)}, 2.408649576704291, 'baseline'), ({(13752, 1, 11251)}, 2.2904015785841385, 'baseline'), ({(13752, 1, 11251)}, 2.279558300505041, 'baseline')]","[(13752, 1, 11251)]",[0.13926938],"(11251, 1, 13752)"
1,10.44846,[75],75.0,1,2.3716078,"[({(11702, 1, 26645)}, 5.603516928027346, 'baseline'), ([(11702, 1, 26645)], 3.8939004, 'xrule'), ({(11702, 1, 26645)}, 2.079753977062925, 'baseline'), ({(26645, 5, 129)}, -0.22722812416488447, 'baseline')]","[(11702, 1, 26645)]",[2.3716078],"(26645, 1, 11702)"
1,7.7001705,[60],60.0,8,4.7587633,"[({(23887, 6, 31376), (12272, 6, 31376), (10052, 6, 31376)}, 7.782435107807749, 'baseline'), ([(23887, 6, 31376), (23887, 6, 13632), (13632, 2, 743)], 1.7526002, 'xrule'), ({(23887, 6, 31376), (10052, 6, 31376)}, 1.7147975741205699, 'baseline'), ({(23887, 6, 31376), (12272, 6, 31376)}, 1.3769608165451195, 'baseline'), ({(23887, 6, 31376)}, 1.0762687256661247, 'baseline'), ({(10052, 6, 31376), (12272, 6, 31376)}, 0.32381490996152235, 'baseline'), ({(10052, 6, 31376)}, 0.12671760758721762, 'baseline'), ({(12272, 6, 31376)}, -0.17350765013526334, 'baseline')]","[(32045, 2, 743), (12272, 6, 33423), (23887, 6, 32045), (23887, 6, 31376), (10052, 6, 31376), (33423, 2, 743), (12272, 6, 31376), (10052, 6, 33423)]",[4.7587633],"(31376, 2, 743)"
1,9.64728,[2982],2982.0,10,0.34250396,"[({(13722, 0, 5394), (2601, 1, 5394), (20358, 0, 5394), (19801, 0, 5394)}, 2.0782280979767433, 'baseline'), ({(19801, 0, 5394), (2601, 1, 5394), (20358, 0, 5394)}, 1.8319931870431663, 'baseline'), ([(2601, 1, 5394)], 1.7930002, 'xrule'), ({(19801, 0, 5394), (2601, 1, 5394), (20358, 0, 5394)}, 1.684557036799218, 'baseline'), ({(13722, 0, 5394), (2601, 1, 5394), (20358, 0, 5394)}, 1.6735258853741672, 'baseline'), ({(13722, 0, 5394), (2601, 1, 5394), (20358, 0, 5394)}, 1.6676884446476548, 'baseline'), ({(19801, 0, 5394), (2601, 1, 5394), (20358, 0, 5394)}, 1.6459275029984197, 'baseline'), ({(19801, 0, 5394), (2601, 1, 5394), (20358, 0, 5394)}, 1.6251679194743813, 'baseline'), ({(13722, 0, 5394), (2601, 1, 5394), (20358, 0, 5394)}, 1.6150160558869306, 'baseline'), ({(19801, 0, 5394), (2601, 1, 5394), (20358, 0, 5394)}, 1.611510348872375, 'baseline'), ({(13722, 0, 5394), (2601, 1, 5394), (20358, 0, 5394)}, 1.6103401904380656, 'baseline')]","[(15112, 1, 13722), (13722, 0, 5394), (19801, 1, 19802), (20358, 1, 20359), (20358, 0, 5394), (20359, 0, 2601), (2601, 1, 5394), (15112, 0, 2601), (19801, 0, 5394), (19802, 0, 2601)]",[0.34250396],"(5394, 1, 2601)"
1,9.984545,[33604],33604.0,4,-5.134804,"[({(2617, 1, 11144), (11144, 0, 21098)}, 11.370128722895142, 'baseline'), ([(2617, 1, 11144)], 2.4752998, 'xrule'), ({(2617, 1, 11144)}, 1.8283835295428252, 'baseline'), ({(11144, 0, 21098)}, -0.10830684467311966, 'baseline')]","[(2617, 1, 11144), (11144, 0, 21098), (21097, 1, 21098), (2617, 0, 21097)]",[-5.134804],"(11144, 1, 2617)"
1,9.006329,[159],159.0,4,1.0227343,"[({(8153, 1, 10925), (12946, 1, 10925)}, 5.409812798706697, 'baseline'), ({(8153, 1, 10925)}, 2.617432275214876, 'baseline'), ([(8153, 1, 10925)], 2.5667, 'xrule'), ({(8153, 1, 10925)}, 2.245944615528751, 'baseline'), ({(12946, 1, 10925)}, 0.05919746585102212, 'baseline')]","[(8153, 1, 10925), (12946, 1, 10925), (9917, 1, 8153), (9917, 1, 12946)]",[1.0227343],"(10925, 1, 8153)"
1,6.798723,[3786],3786.0,6,-0.15113047,"[([(15171, 1, 12999), (15729, 1, 16455), (16455, 1, 15729), (16455, 1, 15171), (12999, 1, 15171), (15171, 1, 16455)], 4.3131, 'xrule'), ({(15171, 1, 12999), (12999, 1, 15171)}, 4.276040817291763, 'baseline'), ({(15171, 1, 12999)}, 0.6255469762817228, 'baseline'), ({(12999, 1, 15171)}, 0.6216288052742442, 'baseline')]","[(15729, 1, 16455), (16455, 1, 15171), (15171, 1, 16455), (15171, 1, 12999), (12999, 1, 15171), (16455, 1, 15729)]",[-0.15113047],"(12999, 1, 15729)"
1,9.567928,[2293],2293.0,1,0.25502855,"[([(19910, 9, 8634)], 5.0952997, 'xrule'), ({(19910, 9, 8634)}, 3.515860437521252, 'baseline')]","[(19910, 9, 8634)]",[0.25502855],"(8634, 9, 19910)"
1,9.348708,[2715],2715.0,6,-0.92631507,"[({(32633, 1, 6813), (6813, 1, 32633), (32633, 0, 5176), (5596, 1, 32633)}, 10.877393076622123, 'baseline'), ({(32633, 1, 6813), (32633, 0, 5176), (5596, 1, 32633)}, 2.6258994737868364, 'baseline'), ({(32633, 0, 5176), (5596, 1, 32633)}, 2.6224176084125497, 'baseline'), ({(6813, 1, 32633), (32633, 0, 5176), (5596, 1, 32633)}, 2.6189166694803916, 'baseline'), ({(32633, 1, 6813), (6813, 1, 32633), (5596, 1, 32633)}, 2.54217162620928, 'baseline'), ([(5596, 1, 32633)], 1.6665001, 'xrule'), ({(5596, 1, 32633)}, 1.6206751595005502, 'baseline'), ({(32633, 1, 6813), (5596, 1, 32633)}, 1.5491657948639252, 'baseline'), ({(6813, 1, 32633), (5596, 1, 32633)}, 1.5433865282864518, 'baseline'), ({(32633, 0, 5176)}, 0.0022249621667344774, 'baseline'), ({(32633, 1, 6813), (32633, 0, 5176)}, -0.533857302653982, 'baseline')]","[(5176, 1, 5596), (32633, 0, 5176), (5596, 1, 32633), (5176, 1, 6813), (6813, 1, 32633), (32633, 1, 6813)]",[-0.92631507],"(32633, 1, 5596)"
1,6.9597425,[38],38.0,3,4.7114115,"[([(8525, 4, 23270), (8525, 4, 21505), (23270, 0, 296)], 10.0375, 'xrule'), ({(8525, 4, 21505)}, 5.345688077271449, 'baseline')]","[(8525, 4, 23270), (8525, 4, 21505), (23270, 0, 296)]",[4.7114115],"(21505, 0, 296)"
1,7.0187235,[2177],2177.0,3,-2.9495573,"[([(25496, 0, 25497), (5309, 0, 5310), (5309, 0, 25497)], 12.4868, 'xrule'), ({(25496, 0, 25497)}, 8.808676888685573, 'baseline')]","[(25496, 0, 25497), (5309, 0, 5310), (5309, 0, 25497)]",[-2.9495573],"(25496, 0, 5310)"
1,9.827701,[33023],33023.0,5,-1.3597927,"[({(36188, 1, 20727), (20727, 1, 36188), (4691, 1, 36188)}, 10.8731013671524, 'baseline'), ({(36188, 1, 20727), (20727, 1, 36188), (4691, 1, 36188)}, 4.141348534632987, 'baseline'), ([(4691, 1, 36188)], 1.8999996, 'xrule'), ({(36188, 1, 20727), (4691, 1, 36188)}, 1.3549261706609388, 'baseline'), ({(20727, 1, 36188), (4691, 1, 36188)}, 1.3520250933244047, 'baseline'), ({(4691, 1, 36188)}, 1.3507414475798643, 'baseline'), ({(20727, 1, 36188), (4691, 1, 36188)}, 1.0535746142169968, 'baseline'), ({(36188, 1, 20727), (4691, 1, 36188)}, 1.0531349703825834, 'baseline'), ({(4691, 1, 36188)}, 0.9567652247416728, 'baseline'), ({(36188, 1, 20727)}, -0.17041869902694914, 'baseline')]","[(4691, 1, 36188), (4691, 0, 4692), (20727, 0, 4692), (36188, 1, 20727), (20727, 1, 36188)]",[-1.3597927],"(36188, 1, 4691)"
1,8.305224,[213],213.0,4,1.9012437,"[([(9012, 0, 2536), (2536, 9, 2537), (2537, 5, 7786), (2537, 9, 2536)], 11.879499, 'xrule'), ({(9012, 0, 2536)}, 8.495271018397517, 'baseline')]","[(9012, 0, 2536), (2536, 9, 2537), (2537, 5, 7786), (2537, 9, 2536)]",[1.9012437],"(9012, 5, 7786)"
1,9.469548,[28599],28599.0,4,-1.1825559,"[({(16736, 1, 7605), (7606, 1, 7605), (7605, 1, 7606)}, 5.141494573135414, 'baseline'), ([(16736, 1, 7605)], 3.5151005, 'xrule'), ({(16736, 1, 7605)}, 2.597772753401021, 'baseline'), ({(16736, 1, 7605), (7605, 1, 7606)}, 2.5942603702767166, 'baseline'), ({(16736, 1, 7605), (7605, 1, 7606)}, 1.9407206492421925, 'baseline'), ({(16736, 1, 7605), (7606, 1, 7605)}, 1.938458533599271, 'baseline'), ({(16736, 1, 7605)}, 1.895258037883981, 'baseline'), ({(7606, 1, 7605)}, -0.32428546614077025, 'baseline'), ({(7605, 1, 7606)}, -0.32973857583669847, 'baseline'), ({(7605, 1, 7606)}, -0.6524838957011313, 'baseline')]","[(7605, 1, 7606), (16736, 1, 7605), (7606, 1, 7605), (16736, 1, 7606)]",[-1.1825559],"(7605, 1, 16736)"
1,9.327404,[4010],4010.0,3,-0.3836211,"[({(14493, 1, 37743), (37743, 0, 25874)}, 10.801783458002804, 'baseline'), ({(14493, 1, 37743), (37743, 0, 25874)}, 3.808675283580008, 'baseline'), ({(14493, 1, 37743)}, 3.118537672672482, 'baseline'), ([(14493, 1, 37743)], 2.9692998, 'xrule'), ({(14493, 1, 37743)}, 2.2295199580398077, 'baseline'), ({(37743, 0, 25874)}, -0.2165965629482028, 'baseline'), ({(37743, 0, 25874)}, -0.8225335603373944, 'baseline')]","[(14493, 1, 37743), (14493, 1, 25874), (37743, 0, 25874)]",[-0.3836211],"(37743, 1, 14493)"
1,10.549395,[40672],40672.0,3,-28.870655,"[({(2944, 9, 2945), (2945, 0, 203)}, 11.16754995356278, 'baseline'), ([(2944, 9, 2945)], 3.8788996, 'xrule'), ({(2944, 9, 2945)}, 2.737439330761382, 'baseline'), ({(2945, 0, 203)}, -0.41884513494347136, 'baseline')]","[(2944, 9, 2945), (2944, 0, 203), (2945, 0, 203)]",[-28.870655],"(2945, 9, 2944)"
1,8.170172,[1],1.0,11,5.5943837,"[({(3408, 6, 2381), (4109, 6, 2381), (2381, 6, 5200), (2380, 6, 2381)}, 2.282578587313974, 'baseline'), ({(3408, 6, 2381), (4109, 6, 2381), (2380, 6, 2381), (2381, 6, 21795)}, 2.215579145699086, 'baseline'), ({(3408, 6, 2381), (2381, 6, 5200), (2380, 6, 2381), (2381, 6, 21795)}, 1.9830375658304082, 'baseline'), ({(3408, 6, 2381), (4109, 6, 2381), (2380, 6, 2381)}, 1.9688406920198178, 'baseline'), ({(2381, 6, 10989), (3408, 6, 2381), (4109, 6, 2381), (2380, 6, 2381)}, 1.9595013588901227, 'baseline'), ({(3408, 6, 2381), (4109, 6, 2381), (2380, 6, 2381)}, 1.9196377696466573, 'baseline'), ({(3408, 6, 2381), (4109, 6, 2381), (2380, 6, 2381)}, 1.9179030360425808, 'baseline'), ({(2381, 6, 10989), (3408, 6, 2381), (2380, 6, 2381), (2381, 6, 21795)}, 1.8151613112143696, 'baseline'), ({(3408, 6, 2381), (2380, 6, 2381), (2381, 6, 21795)}, 1.7681771127786097, 'baseline'), ({(3408, 6, 2381), (4109, 6, 2381), (2381, 6, 5200), (2381, 6, 21795)}, 1.7568174204819673, 'baseline'), ([(3684, 2, 12273), (3408, 6, 2381), (3408, 6, 3684)], 0.8423996, 'xrule')]","[(3408, 6, 2381), (8561, 6, 5200), (12484, 2, 12273), (2380, 6, 2381), (8561, 2, 12273), (17022, 2, 12273), (2381, 6, 5200), (3408, 6, 12273), (4109, 6, 2381), (4109, 6, 17022), (2380, 6, 12484)]",[5.5943837],"(2381, 2, 12273)"
1,8.961193,[842],842.0,5,0.3507123,"[({(3847, 1, 17802), (17801, 1, 17802), (17802, 1, 17801)}, 7.07985827669618, 'baseline'), ([(3847, 1, 17802)], 1.7930002, 'xrule'), ({(3847, 1, 17802), (17801, 1, 17802)}, 1.2328425026226943, 'baseline'), ({(3847, 1, 17802), (17802, 1, 17801)}, 1.2211514087541757, 'baseline'), ({(3847, 1, 17802)}, 0.8237648481798834, 'baseline'), ({(17801, 1, 17802), (17802, 1, 17801)}, 0.2236090111276462, 'baseline'), ({(17802, 1, 17801)}, 0.05663780398009953, 'baseline'), ({(17801, 1, 17802)}, 0.05162433812086152, 'baseline'), ({(3847, 1, 17802)}, -0.1343116358454031, 'baseline'), ({(17802, 1, 17801)}, -1.0696925591037012, 'baseline')]","[(17802, 1, 17801), (17801, 1, 24768), (3847, 1, 24768), (17801, 1, 17802), (3847, 1, 17802)]",[0.3507123],"(17802, 1, 3847)"
1,9.002323,[91],91.0,1,2.1011047,"[([(8629, 1, 7673)], 3.1420999, 'xrule'), ({(8629, 1, 7673)}, 2.889862260960942, 'baseline'), ({(8629, 1, 7673)}, 2.848252012806904, 'baseline'), ({(8629, 1, 7673)}, 2.6264402071421165, 'baseline'), ({(8629, 1, 7673)}, 2.500232362402328, 'baseline'), ({(8629, 1, 7673)}, 2.4152504341203094, 'baseline'), ({(8629, 1, 7673)}, 2.364084847916386, 'baseline'), ({(8629, 1, 7673)}, 2.331133966347015, 'baseline'), ({(8629, 1, 7673)}, 2.120484456592661, 'baseline'), ({(8629, 1, 7673)}, 2.09443293329534, 'baseline'), ({(8629, 1, 7673)}, 2.0552187960068844, 'baseline')]","[(8629, 1, 7673)]",[2.1011047],"(7673, 1, 8629)"
1,9.2418165,[9267],9267.0,6,-2.1533642,"[({(16054, 1, 26644), (16053, 3, 26644), (26644, 3, 16053), (4985, 1, 26644)}, 10.739635458960286, 'baseline'), ({(16054, 1, 26644), (26644, 3, 16053), (4985, 1, 26644)}, 3.2841432584581334, 'baseline'), ({(16054, 1, 26644), (16053, 3, 26644), (4985, 1, 26644)}, 3.2778647415565114, 'baseline'), ({(16054, 1, 26644), (4985, 1, 26644)}, 3.260313315021874, 'baseline'), ([(16054, 1, 26644)], 2.1005, 'xrule'), ({(16054, 1, 26644)}, 1.7735272260516601, 'baseline'), ({(16054, 1, 26644), (16053, 3, 26644), (26644, 3, 16053)}, 1.7648125496488503, 'baseline'), ({(16054, 1, 26644), (26644, 3, 16053)}, 1.5333834379702584, 'baseline'), ({(16054, 1, 26644), (16053, 3, 26644)}, 1.4820471472491712, 'baseline'), ({(4985, 1, 26644)}, 0.10790352066123854, 'baseline'), ({(26644, 3, 16053)}, -0.3828877987640949, 'baseline')]","[(16053, 1, 16054), (16053, 3, 26644), (16054, 1, 26644), (26644, 3, 16053), (16053, 1, 4985), (4985, 1, 26644)]",[-2.1533642],"(26644, 1, 16054)"
1,8.90522,[12],12.0,5,3.6043458,"[({(29442, 1, 8152), (8152, 1, 29442), (5305, 1, 29442)}, 2.6294018432046866, 'baseline'), ({(29442, 1, 8152), (8152, 1, 29442), (5305, 1, 29442)}, 2.401563298845332, 'baseline'), ({(29442, 1, 8152), (8152, 1, 29442), (5305, 1, 29442)}, 2.398450505635869, 'baseline'), ({(29442, 1, 8152), (8152, 1, 29442), (5305, 1, 29442)}, 2.320120934228521, 'baseline'), ([(5305, 1, 29442)], 1.7723999, 'xrule'), ({(29442, 1, 8152), (5305, 1, 29442)}, 1.6218949090029204, 'baseline'), ({(8152, 1, 29442), (5305, 1, 29442)}, 1.5169935904165732, 'baseline'), ({(29442, 1, 8152), (5305, 1, 29442)}, 1.5122395237692892, 'baseline'), ({(29442, 1, 8152), (5305, 1, 29442)}, 1.410222116962058, 'baseline'), ({(29442, 1, 8152), (5305, 1, 29442)}, 1.379561486540018, 'baseline'), ({(29442, 1, 8152)}, -0.38549037597694313, 'baseline')]","[(1754, 1, 8152), (8152, 1, 29442), (5305, 1, 29442), (1754, 1, 5305), (29442, 1, 8152)]",[3.6043458],"(29442, 1, 5305)"
1,8.726723,[12],12.0,1,5.215744,"[([(1770, 1, 1771)], 1.9812002, 'xrule'), ({(1770, 1, 1771)}, 0.6342831099647954, 'baseline'), ({(1770, 1, 1771)}, 0.5145492980884248, 'baseline'), ({(21991, 0, 1771)}, 0.007210771492479001, 'baseline')]","[(1770, 1, 1771)]",[5.215744],"(1771, 1, 1770)"
1,8.308378,[1],1.0,3,7.79198,"[({(512, 4, 22121)}, 9.921402529263688, 'baseline'), ({(512, 4, 22121)}, 3.4292343567774193, 'baseline'), ([(512, 4, 4929), (512, 4, 22121), (4929, 0, 351)], 2.7183995, 'xrule')]","[(512, 4, 22121), (512, 4, 33810), (33810, 0, 351)]",[7.79198],"(22121, 0, 351)"
1,9.040138,[10],10.0,1,4.2482295,"[([(4301, 1, 10990)], 1.7748995, 'xrule'), ({(4301, 1, 10990)}, 0.8760500436071921, 'baseline'), ({(4301, 1, 10990)}, 0.8672943595067973, 'baseline'), ({(4301, 1, 10990)}, 0.8091888897065973, 'baseline'), ({(4301, 1, 10990)}, 0.785560654412115, 'baseline'), ({(10990, 0, 1380)}, -0.13177867686528397, 'baseline'), ({(10990, 0, 1380)}, -0.14206596171243926, 'baseline'), ({(10990, 0, 1380)}, -0.17022605682493608, 'baseline'), ({(10990, 0, 1380)}, -0.18138976830304718, 'baseline')]","[(4301, 1, 10990)]",[4.2482295],"(10990, 1, 4301)"
1,9.392544,[40786],40786.0,1,-1.5351341,"[([(37187, 1, 22873)], 14.173201, 'xrule'), ({(37187, 1, 22873)}, 0.15584091396991442, 'baseline'), ({(37187, 1, 22873)}, 0.13088611806650133, 'baseline'), ({(37187, 1, 22873)}, 0.12739757738559557, 'baseline'), ({(37187, 1, 22873)}, 0.09474281507519702, 'baseline')]","[(37187, 1, 22873)]",[-1.5351341],"(22873, 1, 37187)"
1,8.00515,[6],6.0,6,8.251459,"[({(2181, 6, 13776), (13776, 2, 916)}, 8.683698580027924, 'baseline'), ({(13776, 2, 916)}, 3.642136975996093, 'baseline'), ([(27523, 2, 121), (27523, 2, 916), (13776, 2, 916)], 3.2749, 'xrule'), ({(2181, 6, 13776)}, -0.34665771180427146, 'baseline')]","[(27523, 2, 121), (13776, 2, 916), (2181, 6, 13776), (30733, 2, 121), (2181, 6, 30733), (27523, 2, 916)]",[8.251459],"(13776, 2, 121)"
1,9.928814,[28379],28379.0,1,-0.9327014,"[({(17464, 1, 17465)}, 10.746344925119082, 'baseline'), ([(17464, 1, 17465)], 7.2282, 'xrule'), ({(17464, 1, 17465)}, 3.139223826840779, 'baseline'), ({(17464, 1, 17465)}, 3.1331861135448773, 'baseline'), ({(17464, 1, 17465)}, 3.1266424757364417, 'baseline'), ({(17464, 1, 17465)}, 2.7938997202080373, 'baseline'), ({(17464, 1, 17465)}, 1.6945725250574937, 'baseline'), ({(17464, 1, 17465)}, 1.5591860513758253, 'baseline'), ({(17464, 1, 17465)}, 1.5516052939591314, 'baseline')]","[(17464, 1, 17465)]",[-0.9327014],"(17465, 1, 17464)"
1,7.783125,[8],8.0,5,9.089558,"[({(26515, 4, 33614), (33614, 0, 5517)}, 6.1164195752479875, 'baseline'), ({(33614, 0, 5517)}, 1.6908541486232116, 'baseline'), ([(33614, 0, 5517), (26672, 0, 5517), (26672, 5, 172)], 1.6791997, 'xrule'), ({(26515, 4, 33614)}, 0.8566513539794962, 'baseline')]","[(31682, 5, 172), (31682, 0, 5517), (26515, 4, 33614), (33614, 0, 5517), (26515, 5, 172)]",[9.089558],"(33614, 5, 172)"
1,9.079611,[85],85.0,1,2.1406145,"[([(8993, 1, 7948)], 4.8894997, 'xrule'), ({(22982, 1, 7948), (8993, 1, 7948), (7948, 1, 22982)}, 3.2872889538205685, 'baseline'), ({(8993, 1, 7948), (7948, 1, 22982)}, 1.691881255951267, 'baseline'), ({(8993, 1, 7948), (7948, 1, 22982)}, 1.60211474903145, 'baseline'), ({(8993, 1, 7948), (7948, 1, 22982)}, 1.5998202085667266, 'baseline'), ({(8993, 1, 7948), (22982, 1, 7948)}, 1.5869990104637246, 'baseline'), ({(22982, 1, 7948), (8993, 1, 7948), (7948, 1, 22982)}, 1.1989508236786603, 'baseline'), ({(8993, 1, 7948), (7948, 1, 22982)}, 1.0800028376038209, 'baseline'), ({(8993, 1, 7948)}, 1.0572996661759093, 'baseline'), ({(8993, 1, 7948), (7948, 1, 22982)}, 0.9123907578191713, 'baseline'), ({(7948, 1, 22982)}, -0.42828174221397536, 'baseline')]","[(8993, 1, 7948)]",[2.1406145],"(7948, 1, 8993)"
