original_score,new_rank,exp_length,new_ranks,new_score,facts,original_rank,new_scores,prediction,exp
0.7884548306465149,4053.0,3,[4053],0.00014300028851721436,"[({(1347, 1, 8776)}, 0.8468910931611442, 'baseline'), ({(1347, 1, 8776)}, 0.8116713039823458, 'baseline'), ([(1347, 1, 8776)], 0.18509999, 'xrule'), ([(4276, 1, 1347), (4276, 0, 8776)], 0.112799995, 'xrule'), ({(4276, 0, 8776)}, -0.03219457438164666, 'baseline')]",1,[0.00014300028851721436],"(8776, 1, 1347)","[(4276, 1, 1347), (1347, 1, 8776), (4276, 0, 8776)]"
0.6023808717727661,2034.0,11,[2034],3.1385236070491374e-05,"[({(1864, 4, 39499)}, 0.5705938176424045, 'baseline'), ([(1864, 4, 14380), (14380, 0, 292), (1864, 4, 39499)], -0.9007, 'xrule'), ([(12084, 0, 292), (1864, 4, 39499), (1864, 4, 12084)], -0.9025, 'xrule'), ([(2463, 0, 292), (1864, 4, 2463), (1864, 4, 39499)], -0.91249996, 'xrule'), ([(1864, 4, 15534), (1864, 4, 39499), (15534, 0, 292)], -0.9277, 'xrule'), ([(1864, 4, 3352), (1864, 4, 39499), (3352, 0, 292)], -0.9295, 'xrule')]",1,[3.1385236070491374e-05],"(39499, 0, 292)","[(1864, 4, 2463), (2148, 0, 292), (1864, 4, 2148), (12084, 0, 292), (1864, 4, 14380), (14380, 0, 292), (2463, 0, 292), (1864, 4, 15534), (1864, 4, 12084), (1864, 4, 39499), (15534, 0, 292)]"
0.6571306586265564,39.0,11,[39],0.002790279220789671,"[({(193, 6, 28640)}, 0.2915313950535067, 'baseline'), ({(28640, 6, 4498)}, 0.10508197085724715, 'baseline'), ([(193, 6, 28640), (193, 6, 21829), (21829, 2, 741)], 0.0001, 'xrule'), ([(193, 6, 28640), (11427, 2, 741), (193, 6, 11427)], 0.0001, 'xrule'), ([(740, 2, 741), (193, 6, 28640), (193, 6, 740)], 0.0, 'xrule'), ([(193, 6, 18035), (18035, 2, 741), (193, 6, 28640)], 0.0, 'xrule'), ([(193, 6, 28640), (193, 6, 30784), (30784, 2, 741)], 0.0, 'xrule')]",1,[0.002790279220789671],"(28640, 2, 741)","[(18035, 2, 741), (193, 6, 28640), (193, 6, 11427), (21829, 2, 741), (18035, 6, 4498), (11427, 2, 741), (28640, 6, 4498), (740, 2, 741), (193, 6, 741), (193, 6, 740), (193, 6, 21829)]"
0.9449015259742737,12327.0,1,[12327],3.4408185456413776e-05,"[({(14753, 1, 34777)}, 0.970992436519574, 'baseline'), ([(14753, 1, 34777)], 0.7542, 'xrule')]",1,[3.4408185456413776e-05],"(34777, 1, 14753)","[(14753, 1, 34777)]"
0.45097658038139343,183.0,6,[183],0.0002713408030103892,"[({(26770, 0, 7635)}, 0.05821247304984093, 'baseline'), ({(26770, 6, 26771)}, 0.022431637139735474, 'baseline'), ([(24162, 6, 26771), (26770, 6, 26771), (24162, 5, 6829)], 0.0141, 'xrule'), ([(26770, 6, 26771), (26771, 5, 6829)], 0.0055, 'xrule'), ([(26770, 0, 7635), (24162, 0, 7635), (24162, 5, 6829)], -0.0227, 'xrule')]",1,[0.0002713408030103892],"(26770, 5, 6829)","[(26770, 6, 26771), (24162, 0, 7635), (26770, 0, 7635), (26771, 5, 6829), (24162, 6, 26771), (24162, 5, 6829)]"
0.9488105773925781,22138.0,1,[22138],3.9603979530511424e-05,"[([(12441, 1, 11565)], 0.0481, 'xrule')]",1,[3.9603979530511424e-05],"(11565, 1, 12441)","[(12441, 1, 11565)]"
0.4814486503601074,25.0,7,[25],0.002325038891285658,"[({(34444, 1, 903), (903, 1, 34444)}, 0.0722296042378923, 'baseline'), ({(903, 1, 34444)}, 0.03955082869858168, 'baseline'), ([(5211, 5, 5742), (34444, 1, 903), (5211, 6, 34444), (903, 1, 34444)], 0.0034999999, 'xrule'), ({(903, 0, 904)}, -0.004140962873545168, 'baseline'), ([(23276, 0, 904), (23276, 5, 5742), (903, 0, 904)], -0.0042999997, 'xrule'), ({(34444, 1, 903)}, -0.07883612530364364, 'baseline')]",1,[0.002325038891285658],"(903, 5, 5742)","[(5211, 5, 5742), (5211, 6, 34444), (903, 0, 904), (23276, 5, 5742), (903, 1, 34444), (23276, 0, 904), (34444, 1, 903)]"
0.8138606548309326,5248.0,8,[5248],6.881856825202703e-05,"[({(19739, 1, 14612), (14612, 1, 8884)}, 0.9206550612403758, 'baseline'), ({(14612, 1, 14613), (19739, 1, 14612), (14612, 1, 8884)}, 0.9174047602673786, 'baseline'), ({(14612, 1, 14613), (19739, 1, 14612), (14613, 1, 14612)}, 0.9016199599136175, 'baseline'), ({(19739, 1, 14612)}, 0.8674530271129263, 'baseline'), ({(14612, 1, 14613), (19739, 1, 14612)}, 0.7605327232196062, 'baseline'), ({(19739, 1, 14612)}, 0.653207942529261, 'baseline'), ([(19739, 1, 14612)], 0.55799997, 'xrule'), ([(19739, 1, 8883), (8883, 1, 19739), (8884, 1, 8883), (8883, 1, 8884), (14612, 1, 8884)], 0.49159998, 'xrule'), ({(19739, 1, 14612), (14613, 1, 14612)}, 0.37502906886573767, 'baseline'), ({(14612, 1, 14613)}, 0.013368646598127467, 'baseline'), ({(14612, 1, 14613)}, -0.012389202676038305, 'baseline'), ([(17887, 1, 8884), (14612, 1, 8884), (8884, 1, 17887), (19739, 1, 17887), (17887, 1, 19739)], -0.031000018, 'xrule'), ({(14612, 1, 14613), (14612, 1, 8884)}, -0.03581323198070539, 'baseline'), ([(14613, 1, 14612), (17887, 1, 14613), (14613, 1, 17887), (14612, 1, 14613), (19739, 1, 17887), (17887, 1, 19739)], -0.20540005, 'xrule')]",1,[6.881856825202703e-05],"(14612, 1, 19739)","[(19739, 1, 8883), (8884, 1, 8883), (14612, 1, 14613), (19739, 1, 14612), (17887, 1, 14613), (14613, 1, 14612), (14612, 1, 8884), (19739, 1, 17887)]"
0.8771597146987915,20783.0,1,[20783],3.821409336524084e-05,"[({(36079, 1, 24146)}, 0.9753263498926658, 'baseline'), ({(36079, 1, 24146)}, 0.9506536623372497, 'baseline'), ([(36079, 1, 24146)], 0.2896, 'xrule')]",1,[3.821409336524084e-05],"(24146, 1, 36079)","[(36079, 1, 24146)]"
0.512271523475647,1987.0,11,[1987],3.162101347697899e-05,"[({(1864, 4, 31393)}, 0.027860355483242047, 'baseline'), ([(1864, 4, 14380), (14380, 0, 292), (1864, 4, 31393)], -0.5959, 'xrule'), ([(1864, 4, 31393), (15217, 0, 292), (1864, 4, 15217)], -0.8035, 'xrule'), ([(1864, 4, 9565), (9565, 0, 292), (1864, 4, 31393)], -0.8371, 'xrule'), ([(2126, 0, 292), (1864, 4, 2126), (1864, 4, 31393)], -0.8416, 'xrule'), ([(1864, 4, 15332), (1864, 4, 31393), (15332, 0, 292)], -0.8429, 'xrule')]",1,[3.162101347697899e-05],"(31393, 0, 292)","[(2126, 0, 292), (1864, 4, 15217), (2148, 0, 292), (1864, 4, 2126), (15217, 0, 292), (1864, 4, 2148), (1864, 4, 14380), (14380, 0, 292), (1864, 4, 9565), (1864, 4, 31393), (9565, 0, 292)]"
0.8385334610939026,21785.0,5,[21785],1.7306554582319222e-05,"[({(14940, 1, 5927), (12227, 1, 14940), (5927, 1, 14940)}, 0.9585174821040501, 'baseline'), ({(14940, 1, 5927), (12227, 1, 14940)}, 0.6293803298055499, 'baseline'), ({(5927, 1, 14940), (12227, 1, 14940)}, 0.5435367060555616, 'baseline'), ({(12227, 1, 14940)}, 0.5336500239560265, 'baseline'), ([(12227, 1, 14940)], 0.5226, 'xrule'), ({(12227, 1, 14940)}, 0.38882200103740666, 'baseline'), ({(5927, 1, 14940)}, 0.07463846636264092, 'baseline'), ({(5927, 1, 14940)}, 0.06848792264696545, 'baseline'), ({(14940, 1, 5927)}, -0.020690877974307836, 'baseline'), ({(14940, 1, 5927)}, -0.021562357469844085, 'baseline'), ([(5927, 1, 1025), (1025, 1, 5927), (1025, 1, 12227), (12227, 1, 1025), (5927, 1, 14940), (14940, 1, 5927)], -0.46649998, 'xrule'), ([(13800, 1, 12227), (5927, 1, 13800), (13800, 1, 5927), (5927, 1, 14940), (14940, 1, 5927)], -0.47529995, 'xrule')]",1,[1.7306554582319222e-05],"(14940, 1, 12227)","[(12227, 1, 14940), (13800, 1, 12227), (13800, 1, 5927), (5927, 1, 14940), (14940, 1, 5927)]"
0.8824633359909058,24.0,4,[24],0.006256265565752983,"[({(2949, 1, 9188), (8019, 1, 2949)}, 0.9085259330157872, 'baseline'), ({(2949, 1, 9188), (8019, 1, 2949)}, 0.8461689828954374, 'baseline'), ({(2949, 1, 9188), (8019, 1, 2949)}, 0.828968631798329, 'baseline'), ({(2949, 1, 9188), (8019, 1, 2949)}, 0.7814109193780843, 'baseline'), ({(8019, 1, 2949)}, 0.7003346536415676, 'baseline'), ({(2949, 1, 9188), (8019, 1, 2949)}, 0.6403861488302841, 'baseline'), ({(8019, 1, 2949)}, 0.5951184470980366, 'baseline'), ({(2949, 1, 9188), (8019, 1, 2949)}, 0.5503031446570974, 'baseline'), ([(8019, 1, 2949)], 0.1337, 'xrule'), ([(2949, 1, 9188), (9188, 1, 30805), (30805, 1, 8019), (30805, 1, 9188), (9188, 1, 2949)], -0.0045000017, 'xrule'), ({(2949, 1, 9188)}, -0.015501637982353308, 'baseline'), ({(2949, 1, 9188)}, -0.028474469711011793, 'baseline'), ([(2949, 1, 9188), (8019, 1, 15469), (9188, 1, 15469), (9188, 1, 2949), (15469, 1, 8019)], -0.0414, 'xrule')]",1,[0.006256265565752983],"(2949, 1, 8019)","[(2949, 1, 9188), (8019, 1, 2949), (30805, 1, 8019), (9188, 1, 30805)]"
0.19728238880634308,45.0,8,[45],0.0015361360274255276,"[({(15729, 1, 16455), (15729, 1, 15730)}, 0.40167624938904567, 'baseline'), ({(16455, 1, 15729)}, 0.35115177585686547, 'baseline'), ({(15729, 1, 16455), (15729, 1, 31425)}, 0.3422938698898308, 'baseline'), ({(15729, 1, 31425)}, 0.31902484228410066, 'baseline'), ({(15729, 1, 16455), (15729, 1, 15730)}, 0.31311075016266554, 'baseline'), ({(15729, 1, 31425)}, 0.29761416831016185, 'baseline'), ({(15729, 1, 16455)}, 0.29691372427864965, 'baseline'), ({(15729, 1, 15730), (15729, 1, 31425)}, 0.2913569024702521, 'baseline'), ({(15729, 1, 15730)}, 0.2535644580020901, 'baseline'), ([(15171, 1, 31425), (15171, 1, 12999), (12999, 1, 15171), (31425, 1, 15171), (15729, 1, 31425)], 0.0, 'xrule'), ([(15730, 1, 15171), (15171, 1, 12999), (15729, 1, 15730), (12999, 1, 15171), (15730, 1, 15729), (15171, 1, 15730)], 0.0, 'xrule'), ([(15171, 1, 12999), (15729, 1, 16455), (16455, 1, 15729), (16455, 1, 15171), (12999, 1, 15171), (15171, 1, 16455)], -0.0001, 'xrule')]",1,[0.0015361360274255276],"(15729, 1, 12999)","[(15171, 1, 31425), (15730, 1, 15171), (15729, 1, 16455), (15171, 1, 16455), (15171, 1, 12999), (15729, 1, 15730), (16455, 1, 15729), (15729, 1, 31425)]"
0.6587778329849243,372.0,5,[372],0.00041378624155186117,"[({(9535, 4, 9536)}, 0.04544183517121596, 'baseline'), ([(9535, 4, 9536), (9535, 4, 25282), (25282, 0, 265)], 0.0099, 'xrule'), ([(9535, 4, 9536), (24998, 0, 265), (9535, 4, 24998)], 0.0099, 'xrule')]",1,[0.00041378624155186117],"(9536, 0, 265)","[(9535, 4, 25282), (25282, 0, 265), (24998, 0, 265), (9535, 4, 24998), (9535, 4, 9536)]"
0.9615100622177124,4793.0,1,[4793],0.00010944082896457985,"[({(18592, 1, 20124)}, 0.993439069409135, 'baseline'), ([(18592, 1, 20124)], 0.9814, 'xrule')]",1,[0.00010944082896457985],"(20124, 1, 18592)","[(18592, 1, 20124)]"
0.9318868517875671,23946.0,1,[23946],2.6968247766490094e-05,"[({(1116, 1, 23468)}, 0.8288152094848301, 'baseline'), ({(1116, 1, 23468)}, 0.8275247688514623, 'baseline'), ({(1116, 1, 23468)}, 0.7598528726358121, 'baseline'), ({(1116, 1, 23468)}, 0.6499774899527088, 'baseline'), ({(1116, 1, 23468)}, 0.6381550277565804, 'baseline'), ({(1116, 1, 23468)}, 0.6206558190757842, 'baseline'), ({(1116, 1, 23468)}, 0.5241420697255684, 'baseline'), ([(1116, 1, 23468)], 0.39970002, 'xrule')]",1,[2.6968247766490094e-05],"(23468, 1, 1116)","[(1116, 1, 23468)]"
0.8030797243118286,10556.0,5,[10556],6.905398186063394e-05,"[({(19671, 1, 1419), (1419, 1, 19671), (22014, 1, 1419)}, 0.8499506592853081, 'baseline'), ({(19671, 1, 1419), (1419, 1, 19671), (22014, 1, 1419)}, 0.8385891196668167, 'baseline'), ({(1419, 1, 19671), (22014, 1, 1419)}, 0.7298803189213426, 'baseline'), ([(22014, 1, 1419)], 0.64959997, 'xrule'), ({(1419, 1, 19671), (22014, 1, 1419)}, 0.49152342751257455, 'baseline'), ({(1419, 1, 19671), (22014, 1, 1419)}, 0.4896150357524035, 'baseline'), ({(1419, 1, 19671), (22014, 1, 1419)}, 0.35094003036103055, 'baseline'), ({(1419, 1, 19671), (22014, 1, 1419)}, 0.3060952834152233, 'baseline'), ({(1419, 1, 19671), (22014, 1, 1419)}, 0.28711168077988497, 'baseline'), ({(1419, 1, 19671), (19671, 1, 1419)}, 0.0681454939753974, 'baseline'), ([(13051, 1, 22014), (22014, 1, 13051), (19671, 1, 13051), (13051, 1, 19671), (1419, 1, 19671), (19671, 1, 1419)], 0.03759998, 'xrule'), ({(1419, 1, 19671)}, -0.029431183882620643, 'baseline')]",1,[6.905398186063394e-05],"(1419, 1, 22014)","[(13051, 1, 22014), (1419, 1, 19671), (19671, 1, 1419), (19671, 1, 13051), (22014, 1, 1419)]"
0.9153757691383362,3.0,12,[3],0.09365589916706085,"[({(16918, 1, 6789), (16918, 1, 16476), (2507, 1, 16918), (16476, 1, 16918)}, 0.910315264454406, 'baseline'), ({(16918, 1, 6789), (6789, 1, 16918), (2507, 1, 16918), (16918, 1, 16476)}, 0.8761153106693073, 'baseline'), ({(16918, 1, 20126), (16918, 1, 16476), (2507, 1, 16918), (16476, 1, 16918)}, 0.8375614759543812, 'baseline'), ([(2507, 1, 16918)], 0.8302, 'xrule'), ({(16918, 1, 16919), (16918, 1, 16476), (2507, 1, 16918)}, 0.7975479831404294, 'baseline'), ({(16918, 1, 6789), (16918, 1, 16476), (2507, 1, 16918), (16918, 1, 20126)}, 0.7868572938977378, 'baseline'), ({(16918, 1, 16919), (16918, 1, 16476), (2507, 1, 16918), (16476, 1, 16918)}, 0.7146248078374817, 'baseline'), ({(16918, 1, 6789), (16918, 1, 16476), (2507, 1, 16918)}, 0.7063128207935297, 'baseline'), ([(16918, 1, 20126), (2507, 5, 6166), (20126, 5, 6166)], 0.70350003, 'xrule'), ({(16918, 1, 6789), (16918, 1, 16476), (2507, 1, 16918), (16919, 1, 16918)}, 0.7016249154555241, 'baseline'), ({(16918, 1, 16919), (16918, 1, 6789), (16918, 1, 16476), (2507, 1, 16918)}, 0.6916271301656828, 'baseline'), ({(16918, 1, 20126), (16918, 1, 16476), (2507, 1, 16918)}, 0.6840371938276011, 'baseline'), ([(16918, 1, 16919), (16919, 5, 6166), (16919, 1, 16918), (2507, 5, 6166)], 0.4975, 'xrule'), ([(16476, 1, 16918), (12741, 1, 16476), (16476, 1, 12741), (16918, 1, 16476), (12741, 1, 2507), (2507, 1, 12741)], 0.4406, 'xrule'), ([(2507, 1, 21185), (16918, 1, 6789), (6789, 1, 16918), (21185, 1, 2507), (6789, 1, 21185), (21185, 1, 6789)], 0.4188, 'xrule')]",1,[0.09365589916706085],"(16918, 1, 2507)","[(16918, 1, 16919), (22108, 1, 20126), (6789, 1, 16918), (2507, 3, 16476), (16476, 1, 16918), (16918, 1, 20126), (22108, 1, 2507), (2507, 9, 6789), (16918, 1, 6789), (2507, 1, 16918), (16919, 1, 22108), (16918, 1, 16476)]"
0.8214631676673889,30438.0,1,[30438],1.2391816198942252e-05,"[({(20726, 1, 12356)}, 0.9086143863019002, 'baseline'), ({(20726, 1, 12356)}, 0.9053586017167825, 'baseline'), ({(20726, 1, 12356)}, 0.8695691112460386, 'baseline'), ({(20726, 1, 12356)}, 0.8575177074794736, 'baseline'), ([(20726, 1, 12356)], 0.8545, 'xrule'), ({(20726, 1, 12356)}, 0.8460606812574203, 'baseline'), ({(20726, 1, 12356)}, 0.8302779074434372, 'baseline'), ({(20726, 1, 12356)}, 0.8296113487038903, 'baseline'), ({(20726, 1, 12356)}, 0.8039399853710762, 'baseline'), ({(20726, 1, 12356)}, 0.758376882822058, 'baseline'), ({(20726, 1, 12356)}, 0.6611849514803906, 'baseline')]",1,[1.2391816198942252e-05],"(12356, 1, 20726)","[(20726, 1, 12356)]"
0.8690681457519531,13631.0,4,[13631],5.3010433475719765e-05,"[({(24228, 1, 31721)}, 0.862727153564322, 'baseline'), ({(24228, 1, 31721)}, 0.759540365491851, 'baseline'), ({(7056, 1, 31721), (24228, 1, 31721)}, 0.737641559023134, 'baseline'), ({(31721, 1, 7056), (24228, 1, 31721)}, 0.7022560094327596, 'baseline'), ([(24228, 1, 31721)], 0.6764, 'xrule'), ({(7056, 1, 31721)}, 0.04877338834814261, 'baseline'), ({(31721, 1, 7056)}, -0.08959217832422788, 'baseline'), ({(7056, 1, 31721), (31721, 1, 7056)}, -0.09041865629478087, 'baseline'), ({(31721, 1, 7056)}, -0.09877332015107854, 'baseline'), ([(7056, 1, 31721), (24228, 0, 7056), (31721, 1, 7056)], -0.3229, 'xrule')]",1,[5.3010433475719765e-05],"(31721, 1, 24228)","[(7056, 1, 31721), (24228, 0, 7056), (31721, 1, 7056), (24228, 1, 31721)]"
0.9877474308013916,32068.0,6,[32068],4.444514615897788e-06,"[({(14618, 3, 7982), (20572, 1, 7982), (7982, 3, 14618)}, 0.9865751175653031, 'baseline'), ([(20572, 1, 7982)], 0.9855, 'xrule'), ({(14618, 3, 7982), (20572, 1, 7982), (7982, 3, 7983)}, 0.978532185864425, 'baseline'), ({(20572, 1, 7982), (7982, 3, 7983)}, 0.9466757078460346, 'baseline'), ({(20572, 1, 7982), (7982, 3, 14618)}, 0.8392221806119212, 'baseline'), ({(14618, 3, 7982), (20572, 1, 7982)}, 0.6622134892750801, 'baseline'), ({(20572, 1, 7982)}, 0.4931937284789834, 'baseline'), ([(7982, 3, 14618), (20572, 1, 7983), (7983, 1, 20572), (7983, 3, 14618), (14618, 3, 7982), (14618, 3, 7983)], 0.034200013, 'xrule'), ([(7983, 1, 20572), (20572, 1, 7983), (7982, 3, 7983)], 0.018700004, 'xrule'), ({(7982, 3, 14618), (7982, 3, 7983)}, 0.001492361477178404, 'baseline'), ({(14618, 3, 7982)}, -0.0001158314295726834, 'baseline'), ({(14618, 3, 7982), (7982, 3, 7983)}, -0.0004899101898525072, 'baseline'), ({(14618, 3, 7982), (7982, 3, 14618)}, -0.0006841021394116004, 'baseline')]",1,[4.444514615897788e-06],"(7982, 1, 20572)","[(20572, 1, 7983), (14618, 3, 7982), (20572, 1, 7982), (7982, 3, 14618), (7983, 3, 14618), (7982, 3, 7983)]"
0.9519976377487183,7128.0,1,[7128],0.00012042150046909228,"[({(39891, 1, 20097)}, 0.7969897260133563, 'baseline'), ([(39891, 1, 20097)], 0.7571, 'xrule'), ({(39891, 1, 20097)}, 0.7050040816118994, 'baseline'), ({(39891, 1, 20097)}, 0.7039341186020318, 'baseline'), ({(39891, 1, 20097)}, 0.645429893957505, 'baseline'), ({(39891, 1, 20097)}, 0.5872565943308405, 'baseline'), ({(39891, 1, 20097)}, 0.56230012929569, 'baseline'), ({(39891, 1, 20097)}, 0.4726325398446069, 'baseline'), ({(39891, 1, 20097)}, 0.449029964552458, 'baseline'), ({(39891, 1, 20097)}, 0.21784679167705123, 'baseline')]",1,[0.00012042150046909228],"(20097, 1, 39891)","[(39891, 1, 20097)]"
0.5863993167877197,65.0,10,[65],8.40694410726428e-05,"[({(21273, 4, 27089)}, 0.32992209139831147, 'baseline'), ([(33277, 0, 25460), (21273, 4, 27089), (21273, 4, 33277)], 0.0061, 'xrule'), ([(21273, 4, 32246), (21273, 4, 27089), (32246, 0, 25460)], 0.006, 'xrule'), ([(21273, 4, 27089), (21273, 4, 21274), (21274, 0, 25460)], 0.006, 'xrule'), ([(21273, 4, 27089), (38219, 0, 25460), (21273, 4, 38219)], 0.006, 'xrule'), ([(21273, 4, 27089), (21273, 4, 32720), (32720, 0, 25460)], 0.0058999998, 'xrule')]",1,[8.40694410726428e-05],"(27089, 0, 25460)","[(21273, 4, 27089), (21273, 4, 21274), (21273, 4, 38219), (33277, 0, 25460), (21273, 4, 32246), (21274, 0, 25460), (21273, 4, 25460), (32246, 0, 25460), (21273, 4, 33277), (38219, 0, 25460)]"
0.9422932267189026,4931.0,3,[4931],0.00014254843699745834,"[({(21041, 1, 522)}, 0.6845484228386726, 'baseline'), ({(21041, 1, 522)}, 0.654845401371145, 'baseline'), ({(21041, 1, 522)}, 0.5809452968592007, 'baseline'), ({(17635, 0, 522)}, 0.06469235850690654, 'baseline'), ([(21041, 1, 522)], 0.035299998, 'xrule'), ([(17635, 1, 21041), (21041, 1, 17635), (17635, 0, 522)], -0.0191, 'xrule'), ([(21899, 0, 522), (21899, 1, 21041), (21041, 1, 21899)], -0.5809, 'xrule')]",1,[0.00014254843699745834],"(522, 1, 21041)","[(21041, 1, 17635), (21041, 1, 522), (17635, 0, 522)]"
0.9746934175491333,14898.0,1,[14898],4.152290057390928e-05,"[({(26855, 1, 26856)}, 0.9669085646325088, 'baseline'), ([(26855, 1, 26856)], 0.8927, 'xrule')]",1,[4.152290057390928e-05],"(26856, 1, 26855)","[(26855, 1, 26856)]"
0.9498961567878723,15842.0,1,[15842],2.6639501811587252e-05,"[([(38175, 1, 29520)], 0.997, 'xrule'), ({(38175, 1, 29520)}, 0.9867889790622505, 'baseline'), ({(38175, 1, 29520)}, 0.7586768133698146, 'baseline')]",1,[2.6639501811587252e-05],"(29520, 1, 38175)","[(38175, 1, 29520)]"
0.9860931038856506,8596.0,1,[8596],9.942294855136424e-05,"[({(2643, 1, 11856)}, 0.9741773511709497, 'baseline'), ([(2643, 1, 11856)], 0.9026, 'xrule'), ({(2643, 1, 11856)}, 0.5049376317709482, 'baseline')]",1,[9.942294855136424e-05],"(11856, 1, 2643)","[(2643, 1, 11856)]"
0.867676854133606,14640.0,1,[14640],6.201547512318939e-05,"[({(26217, 1, 6787)}, 0.8946753034094346, 'baseline'), ({(26217, 1, 6787)}, 0.8520482659849047, 'baseline'), ({(26217, 1, 6787)}, 0.8346047875504781, 'baseline'), ({(26217, 1, 6787)}, 0.8324526425419856, 'baseline'), ({(26217, 1, 6787)}, 0.8246508116675703, 'baseline'), ({(26217, 1, 6787)}, 0.7862685192082263, 'baseline'), ({(26217, 1, 6787)}, 0.7780032025287853, 'baseline'), ({(26217, 1, 6787)}, 0.762393103425036, 'baseline'), ({(26217, 1, 6787)}, 0.7543272835792327, 'baseline'), ({(26217, 1, 6787)}, 0.720418200584485, 'baseline'), ([(26217, 1, 6787)], 0.5224, 'xrule')]",1,[6.201547512318939e-05],"(6787, 1, 26217)","[(26217, 1, 6787)]"
0.92377108335495,55.0,5,[55],0.00215392024256289,"[({(16161, 1, 3136), (3137, 1, 3136), (3136, 1, 3137)}, 0.9049340378458276, 'baseline'), ({(16161, 1, 3136), (3136, 1, 3137)}, 0.8330768820006557, 'baseline'), ({(16161, 1, 3136)}, 0.8269167418487418, 'baseline'), ({(16161, 1, 3136), (3136, 1, 3137)}, 0.7377620796322023, 'baseline'), ({(16161, 1, 3136), (3137, 1, 3136), (3136, 1, 3137)}, 0.730723665035948, 'baseline'), ({(16161, 1, 3136), (3136, 1, 3137)}, 0.6331642115241076, 'baseline'), ({(16161, 1, 3136), (3136, 1, 3137)}, 0.6060460647796518, 'baseline'), ({(16161, 1, 3136), (3136, 1, 3137)}, 0.4046962677898985, 'baseline'), ([(16161, 1, 3136)], 0.0538, 'xrule'), ({(3136, 1, 3137)}, -0.04859199097604889, 'baseline'), ({(3136, 1, 3137)}, -0.05732860140919089, 'baseline'), ([(16161, 0, 3005), (3137, 1, 3136), (3137, 0, 3005), (3136, 1, 3137)], -0.42839998, 'xrule')]",1,[0.00215392024256289],"(3136, 1, 16161)","[(16161, 0, 3005), (3137, 1, 3136), (3137, 0, 3005), (16161, 1, 3136), (3136, 1, 3137)]"
0.9543496966362,9920.0,13,[9920],6.43791863694787e-05,"[([(11603, 1, 22752)], 0.8962, 'xrule'), ({(22752, 1, 2392), (25306, 1, 22752), (11603, 1, 22752), (2392, 1, 22752)}, 0.8275384183234907, 'baseline'), ({(22752, 1, 2392), (11603, 1, 22752), (2392, 1, 22752), (22752, 1, 25306)}, 0.8023595085500249, 'baseline'), ({(22752, 1, 2392), (11603, 1, 22752), (2392, 1, 22752), (22752, 0, 7968)}, 0.7120998358596247, 'baseline'), ([(22752, 1, 2392), (2392, 1, 22752), (2392, 1, 28597), (28597, 1, 2392), (28597, 1, 11603), (11603, 1, 28597)], 0.6516, 'xrule'), ({(22752, 1, 2392), (11603, 1, 22752), (25306, 1, 22752)}, 0.6032146653054999, 'baseline'), ([(22752, 1, 2392), (11603, 1, 7967), (7967, 1, 2392), (2392, 1, 22752), (2392, 1, 7967), (7967, 1, 11603)], 0.5719, 'xrule'), ({(22752, 1, 2392), (11603, 1, 22752), (25306, 1, 22752), (22752, 1, 25306)}, 0.5039746591243415, 'baseline'), ([(11603, 1, 7967), (25306, 1, 7967), (7967, 1, 25306), (25306, 1, 22752), (22752, 1, 25306), (7967, 1, 11603)], 0.43780002, 'xrule'), ([(11603, 1, 7967), (7967, 0, 7968), (7967, 1, 11603), (22752, 0, 7968)], 0.30480003, 'xrule'), ({(22752, 1, 2392), (11603, 1, 22752), (22752, 1, 25306)}, 0.29132406028882074, 'baseline'), ({(22752, 1, 2392), (22752, 1, 25306), (11603, 1, 22752), (22752, 0, 7968)}, 0.1992546127727558, 'baseline'), ({(22752, 1, 2392), (11603, 1, 22752), (22752, 1, 25306)}, 0.1830237315267373, 'baseline'), ({(22752, 1, 2392), (22752, 1, 25306)}, -0.025165279430218002, 'baseline'), ({(22752, 1, 2392), (22752, 1, 25306), (22752, 0, 7968)}, -0.02888180783485873, 'baseline')]",1,[6.43791863694787e-05],"(22752, 1, 11603)","[(22752, 1, 2392), (11603, 1, 7967), (25306, 1, 7967), (2392, 1, 22752), (28597, 1, 2392), (22752, 0, 7968), (25306, 1, 22752), (7967, 0, 7968), (11603, 1, 22752), (22752, 1, 25306), (2392, 1, 28597), (28597, 1, 11603), (11603, 1, 28597)]"
0.8592720627784729,4109.0,5,[4109],0.0001684383605606854,"[({(2415, 1, 20944), (2994, 1, 20944), (20944, 1, 2994)}, 0.7333912113696976, 'baseline'), ({(2415, 1, 20944), (2994, 1, 20944)}, 0.6662757246808855, 'baseline'), ({(2415, 1, 20944)}, 0.652733728012256, 'baseline'), ([(2415, 1, 20944)], 0.6179, 'xrule'), ({(2415, 1, 20944)}, 0.6172864876405173, 'baseline'), ({(2415, 1, 20944), (20944, 1, 2994)}, 0.5719662742460035, 'baseline'), ({(2415, 1, 20944), (20944, 1, 2994)}, 0.46843157459131696, 'baseline'), ({(2415, 1, 20944), (20944, 1, 2994)}, 0.43210355654710453, 'baseline'), ({(2415, 1, 20944), (20944, 1, 2994)}, 0.3269517832232276, 'baseline'), ({(2415, 1, 20944), (20944, 1, 2994)}, 0.2432389069392709, 'baseline'), ({(2415, 1, 20944), (20944, 1, 2994)}, 0.1883667514838428, 'baseline'), ([(2993, 1, 2994), (2994, 1, 2993), (20944, 1, 2994), (2993, 1, 2415), (2994, 1, 20944), (2415, 1, 2993)], -0.019800007, 'xrule')]",1,[0.0001684383605606854],"(20944, 1, 2415)","[(2415, 1, 20944), (2994, 1, 2993), (20944, 1, 2994), (2994, 1, 20944), (2415, 1, 2993)]"
0.9776057600975037,47.0,7,[47],0.003972435835748911,"[({(8742, 1, 1897), (19068, 1, 8742)}, 0.6711247414154159, 'baseline'), ({(8742, 1, 1897), (19068, 1, 8742)}, 0.60231141648382, 'baseline'), ([(19068, 1, 8742)], 0.5146, 'xrule'), ({(8742, 1, 1897), (19068, 1, 8742)}, 0.4366438212360028, 'baseline'), ([(5674, 1, 1897), (8742, 1, 1897), (1897, 1, 5674), (1897, 1, 8742), (19068, 1, 5674), (5674, 1, 19068)], 0.14429998, 'xrule'), ({(8742, 1, 1897)}, 0.0459794802604142, 'baseline'), ({(8742, 1, 1897)}, 0.02334396071936415, 'baseline'), ({(8742, 1, 1897)}, 0.012256066246800881, 'baseline'), ({(8742, 1, 1897)}, 0.00864795869685217, 'baseline'), ({(8742, 1, 1897)}, 0.007732908195164432, 'baseline'), ({(8742, 1, 1897)}, 0.003563801699510959, 'baseline'), ({(8742, 1, 1897)}, 0.00026218122922429206, 'baseline')]",1,[0.003972435835748911],"(8742, 1, 19068)","[(1897, 1, 8742), (5674, 1, 19068), (19068, 1, 8742), (5674, 1, 1897), (8742, 1, 1897), (1897, 1, 5674), (19068, 1, 5674)]"
0.9656851887702942,9453.0,5,[9453],1.0903847396548372e-05,"[({(15794, 9, 16624)}, 0.9487658639779512, 'baseline'), ([(15794, 9, 16624)], 0.9081, 'xrule'), ({(15793, 1, 16624)}, -0.004976113397231917, 'baseline'), ({(16624, 1, 15793)}, -0.01336952025327222, 'baseline'), ([(15793, 1, 16624), (16624, 1, 15793), (15793, 1, 15794), (15794, 1, 15793)], -0.09140003, 'xrule')]",1,[1.0903847396548372e-05],"(16624, 9, 15794)","[(16624, 1, 15793), (15794, 1, 15793), (15793, 1, 16624), (15793, 1, 15794), (15794, 9, 16624)]"
0.9287481307983398,6554.0,11,[6554],0.00011129741324111819,"[([(15587, 1, 15588)], 0.7572, 'xrule'), ({(15587, 1, 15588), (15588, 1, 14064), (15588, 1, 31654), (15588, 1, 27163)}, 0.7114217137991015, 'baseline'), ({(15587, 1, 15588), (15588, 1, 31654), (15588, 1, 27163)}, 0.5412183238066899, 'baseline'), ([(15587, 1, 2739), (31654, 1, 15588), (2739, 1, 31654), (15588, 1, 31654), (2739, 1, 15587), (31654, 1, 2739)], 0.47419998, 'xrule'), ({(15587, 1, 15588), (15588, 1, 31654), (15588, 1, 27163)}, 0.43958292628698403, 'baseline'), ([(15587, 1, 2739), (2739, 1, 14064), (14064, 1, 2739), (15588, 1, 14064), (14064, 1, 15588), (2739, 1, 15587)], 0.4227, 'xrule'), ({(15587, 1, 15588), (15588, 1, 14064), (15588, 1, 27163)}, 0.3640757020243283, 'baseline'), ({(15587, 1, 15588), (15588, 1, 14064), (15588, 1, 31654)}, 0.28865901739964916, 'baseline'), ([(27163, 1, 15588), (15587, 1, 2739), (2739, 1, 27163), (2739, 1, 15587), (15588, 1, 27163), (27163, 1, 2739)], 0.23289996, 'xrule'), ([(15587, 1, 2739), (15588, 0, 3978), (2739, 0, 3978), (2739, 1, 15587)], 0.108799994, 'xrule'), ({(31654, 1, 15588), (15588, 1, 27163), (15588, 1, 14064)}, 0.10106203988130723, 'baseline'), ({(27163, 1, 15588), (15588, 1, 14064), (15588, 1, 31654)}, 0.06214831301799065, 'baseline'), ({(31654, 1, 15588), (15588, 1, 27163), (15588, 1, 14064), (15588, 1, 31654)}, 0.060823361384900666, 'baseline'), ({(15588, 1, 27163), (15588, 1, 31654)}, 0.05227605530615071, 'baseline'), ({(15588, 1, 27163), (15588, 1, 14064), (15588, 1, 31654)}, -0.03013946584902612, 'baseline')]",1,[0.00011129741324111819],"(15588, 1, 15587)","[(15587, 1, 15588), (2739, 1, 31654), (15588, 1, 31654), (2739, 1, 27163), (15588, 1, 27163), (15587, 1, 2739), (31654, 1, 15588), (2739, 1, 14064), (15588, 1, 14064), (2739, 1, 15587), (31654, 1, 2739)]"
0.957123875617981,8.0,1,[8],0.011168600991368294,"[({(4244, 1, 8754)}, 0.8799584394297899, 'baseline'), ({(4244, 1, 8754)}, 0.7913089860559054, 'baseline'), ({(4244, 1, 8754)}, 0.7808248864819122, 'baseline'), ({(4244, 1, 8754)}, 0.7145371890601859, 'baseline'), ({(4244, 1, 8754)}, 0.6681104152951393, 'baseline'), ({(4244, 1, 8754)}, 0.6579412071025189, 'baseline'), ({(8754, 0, 1668), (4244, 1, 8754)}, 0.6390805090773315, 'baseline'), ({(4244, 1, 8754)}, 0.4898194201342185, 'baseline'), ({(4244, 1, 8754)}, 0.486052674768085, 'baseline'), ([(4244, 1, 8754)], 0.3762, 'xrule'), ({(4244, 1, 8754)}, 0.2951168230670224, 'baseline'), ([(8754, 0, 1668), (4244, 0, 5746), (1668, 1, 5746)], 0.034399986, 'xrule'), ([(8754, 0, 1668), (4243, 0, 1668), (4243, 1, 4244), (4244, 1, 4243)], -0.3089, 'xrule')]",1,[0.011168600991368294],"(8754, 1, 4244)","[(4244, 1, 8754)]"
0.8962762355804443,8217.0,5,[8217],6.604805093957111e-05,"[({(3300, 1, 17578), (8885, 1, 17578), (17578, 1, 3300)}, 0.9092985880460193, 'baseline'), ({(8885, 1, 17578)}, 0.7548725468934289, 'baseline'), ({(8885, 1, 17578), (17578, 1, 3300)}, 0.6878228636794699, 'baseline'), ({(3300, 1, 17578), (8885, 1, 17578), (17578, 1, 3300)}, 0.6511794772823245, 'baseline'), ({(8885, 1, 17578), (17578, 1, 3300)}, 0.6453984226926841, 'baseline'), ({(8885, 1, 17578), (17578, 1, 3300)}, 0.34691886257831667, 'baseline'), ([(8885, 1, 17578)], 0.1314, 'xrule'), ({(17578, 1, 3300)}, -0.060758014208210705, 'baseline'), ({(17578, 1, 3300)}, -0.06446619796134449, 'baseline'), ({(17578, 1, 3300)}, -0.06577887104660432, 'baseline'), ({(17578, 1, 3300)}, -0.07349230811919487, 'baseline'), ([(3300, 1, 17578), (17578, 1, 3300), (3300, 1, 26393), (8885, 1, 26393), (26393, 1, 8885), (26393, 1, 3300)], -0.839, 'xrule')]",1,[6.604805093957111e-05],"(17578, 1, 8885)","[(8885, 1, 17578), (3300, 1, 17578), (26393, 1, 3300), (8885, 1, 26393), (17578, 1, 3300)]"
0.23917707800865173,1.0,9,[1],0.051093198359012604,"[({(30007, 2, 916), (20016, 4, 30007), (13030, 6, 30007)}, 0.2732942213741177, 'baseline'), ({(20016, 4, 30007), (13030, 6, 30007)}, 0.24444527512277334, 'baseline'), ({(20016, 4, 30007), (30007, 2, 916)}, 0.1647640571429834, 'baseline'), ({(20016, 4, 30007)}, 0.14080971030880718, 'baseline'), ({(30007, 2, 916), (13030, 6, 30007)}, 0.023233990140873958, 'baseline'), ({(30007, 2, 916)}, 0.012464980531889339, 'baseline'), ([(20016, 4, 14054), (20016, 4, 30007), (14054, 2, 121)], 0.0, 'xrule'), ([(26608, 2, 121), (26608, 2, 916), (30007, 2, 916)], -9.999995e-05, 'xrule'), ([(20016, 4, 28966), (20016, 4, 30007), (28966, 2, 121)], -0.00019999995, 'xrule'), ([(35960, 2, 916), (30007, 2, 916), (35960, 2, 121)], -0.00049999997, 'xrule'), ([(1091, 2, 121), (20016, 4, 30007), (20016, 4, 1091)], -0.0025999998, 'xrule'), ({(13030, 6, 30007)}, -0.07296447919938193, 'baseline')]",1,[0.051093198359012604],"(30007, 2, 121)","[(20016, 4, 28966), (20016, 4, 30007), (28966, 2, 121), (30007, 2, 916), (27523, 2, 121), (13030, 6, 16669), (16669, 2, 121), (13030, 6, 30007), (27523, 2, 916)]"
0.970401406288147,1146.0,5,[1146],0.00016711409261915833,"[({(18755, 1, 24115), (24115, 1, 2300), (2300, 1, 24115)}, 0.9535825750225595, 'baseline'), ([(18755, 1, 24115)], 0.8311, 'xrule'), ({(18755, 1, 24115)}, 0.6948519799615445, 'baseline'), ({(18755, 1, 24115)}, 0.6819280834599722, 'baseline'), ({(18755, 1, 24115), (24115, 1, 2300)}, 0.6489099708065929, 'baseline'), ({(18755, 1, 24115), (2300, 1, 24115)}, 0.6458179797973188, 'baseline'), ({(2300, 1, 24115)}, 0.17075542664695095, 'baseline'), ({(2300, 1, 24115)}, 0.019133428978394887, 'baseline'), ({(24115, 1, 2300)}, -0.030959864190406194, 'baseline'), ({(24115, 1, 2300)}, -0.03422131114980978, 'baseline'), ([(24115, 1, 2300), (2300, 1, 24115), (18755, 1, 9577), (2300, 1, 9577)], -0.1588, 'xrule'), ([(2300, 1, 18754), (18754, 1, 2300), (18755, 1, 18754), (24115, 1, 2300), (2300, 1, 24115), (18754, 1, 18755)], -0.16039997, 'xrule')]",1,[0.00016711409261915833],"(24115, 1, 18755)","[(24115, 1, 2300), (2300, 1, 9577), (2300, 1, 24115), (18755, 1, 9577), (18755, 1, 24115)]"
0.8929891586303711,734.0,9,[734],0.00036189024103805423,"[({(814, 1, 8574), (8573, 1, 8574), (8574, 1, 814), (8574, 1, 12655)}, 0.7841381895654883, 'baseline'), ([(8573, 1, 8574)], 0.7694, 'xrule'), ({(8574, 1, 814), (8573, 1, 8574), (8574, 1, 29585)}, 0.7484149199202029, 'baseline'), ({(814, 1, 8574), (8573, 1, 8574), (8574, 1, 814)}, 0.7437792282272787, 'baseline'), ({(8574, 1, 12655), (8573, 1, 8574), (8574, 1, 29585)}, 0.7062979196299783, 'baseline'), ({(8574, 1, 814), (8573, 1, 8574), (8574, 1, 12655), (8574, 1, 29585)}, 0.6658733933251729, 'baseline'), ([(12655, 1, 8574), (8573, 1, 815), (8574, 1, 12655), (815, 1, 12655), (815, 1, 8573)], 0.45539996, 'xrule'), ([(8574, 1, 814), (814, 1, 815), (8573, 1, 815), (814, 1, 8574), (815, 1, 814), (815, 1, 8573)], 0.35579997, 'xrule'), ({(8574, 1, 814), (8573, 1, 8574), (8574, 1, 12655)}, 0.3465583736496454, 'baseline'), ({(8574, 1, 814), (8573, 1, 8574), (8574, 1, 12655)}, 0.28613648920821105, 'baseline'), ({(8574, 1, 814), (8574, 1, 12655)}, 0.053291778073199854, 'baseline'), ({(8574, 1, 814), (8574, 1, 12655)}, 0.040469507633025696, 'baseline'), ({(8574, 1, 814), (8574, 1, 12655), (8574, 1, 29585)}, -0.007800360285348616, 'baseline'), ([(29585, 1, 815), (8573, 1, 815), (8574, 1, 29585), (815, 1, 29585), (815, 1, 8573)], -0.05190003, 'xrule')]",1,[0.00036189024103805423],"(8574, 1, 8573)","[(814, 1, 815), (8573, 1, 815), (815, 1, 29585), (814, 1, 8574), (8573, 1, 8574), (8574, 1, 814), (8574, 1, 29585), (8574, 1, 12655), (815, 1, 12655)]"
0.8879063725471497,13000.0,1,[13000],6.928404764039442e-05,"[({(29649, 1, 11590)}, 0.8727078322713437, 'baseline'), ({(29649, 1, 11590)}, 0.7132839417292659, 'baseline'), ({(29649, 1, 11590)}, 0.6197888098543672, 'baseline'), ({(29649, 1, 11590)}, 0.6197634182784565, 'baseline'), ({(29649, 1, 11590)}, 0.5689852074908125, 'baseline'), ([(29649, 1, 11590)], 0.4994, 'xrule'), ({(29649, 1, 11590)}, 0.37964169355301985, 'baseline'), ({(29649, 1, 11590)}, 0.22901944395759968, 'baseline')]",1,[6.928404764039442e-05],"(11590, 1, 29649)","[(29649, 1, 11590)]"
0.9558466672897339,719.0,10,[719],0.00017346754611935467,"[([(16314, 1, 15028)], 0.46019998, 'xrule'), ({(16314, 1, 15028), (21701, 1, 15028), (5116, 1, 15028), (15028, 1, 6422)}, 0.3599785383251425, 'baseline'), ({(16314, 1, 15028), (15028, 1, 21701)}, 0.32432017854581185, 'baseline'), ({(16314, 1, 15028), (15028, 1, 21701), (5116, 1, 15028), (15028, 1, 6422)}, 0.3056937865445801, 'baseline'), ({(16314, 1, 15028), (21701, 1, 15028), (15028, 1, 6422)}, 0.24699554929122616, 'baseline'), ({(16314, 1, 15028), (5116, 1, 15028), (15028, 1, 6422)}, 0.21734867568581612, 'baseline'), ([(15028, 1, 21701), (21701, 1, 3999), (16314, 1, 3999), (21701, 1, 15028), (3999, 1, 16314), (3999, 1, 21701)], 0.2094, 'xrule'), ([(16314, 1, 3999), (6422, 1, 15028), (6422, 1, 3999), (3999, 1, 16314), (3999, 1, 6422), (15028, 1, 6422)], 0.14789999, 'xrule'), ([(16314, 1, 5117), (6422, 1, 5117), (6422, 1, 15028), (5117, 1, 16314), (5117, 1, 6422), (15028, 1, 6422)], 0.1419, 'xrule'), ({(16314, 1, 15028), (15028, 1, 21701)}, 0.14052401031973646, 'baseline'), ([(15028, 1, 21701), (21701, 1, 15527), (15527, 1, 16314), (15527, 1, 21701), (16314, 1, 15527), (21701, 1, 15028)], 0.12989998, 'xrule'), ({(16314, 1, 15028), (15028, 1, 21701), (15028, 1, 6422)}, 0.04255340527739845, 'baseline'), ({(16314, 1, 15028), (15028, 1, 21701), (15028, 1, 6422)}, 0.03723559806351931, 'baseline'), ({(15028, 1, 21701), (5116, 1, 15028), (15028, 1, 6422)}, -0.0013482766408803265, 'baseline'), ({(15028, 1, 21701), (5116, 1, 15028), (15028, 1, 6422)}, -0.0036334591265921377, 'baseline')]",1,[0.00017346754611935467],"(15028, 1, 16314)","[(15028, 1, 21701), (19324, 0, 21701), (5116, 1, 19324), (19324, 1, 16314), (15527, 1, 16314), (6422, 1, 15527), (15028, 1, 6422), (16314, 1, 15028), (5116, 1, 15028), (21701, 1, 15028)]"
0.8736011981964111,21.0,8,[21],0.0037471128161996603,"[({(6944, 1, 6572), (3377, 1, 6572), (6572, 1, 3377), (6572, 1, 11955)}, 0.7971071471936954, 'baseline'), ({(6944, 1, 6572), (3377, 1, 6572), (6572, 1, 3377)}, 0.7950193156238553, 'baseline'), ({(6944, 1, 6572), (6572, 1, 11955), (6572, 1, 3377), (11955, 1, 6572)}, 0.6673305480954771, 'baseline'), ({(6944, 1, 6572)}, 0.5893383462077644, 'baseline'), ({(6944, 1, 6572), (6572, 1, 3377)}, 0.5755211548773649, 'baseline'), ({(6944, 1, 6572), (6572, 1, 3377), (6572, 1, 11955)}, 0.5490080549317625, 'baseline'), ({(6944, 1, 6572), (6572, 1, 3377), (6572, 1, 11955)}, 0.3121430091351421, 'baseline'), ([(6944, 1, 6572)], 0.097, 'xrule'), ({(6572, 1, 3377), (6572, 1, 11955)}, 0.09458259778199278, 'baseline'), ([(2449, 1, 11955), (2449, 1, 6944), (11955, 1, 2449), (11955, 1, 6572), (6944, 1, 2449), (6572, 1, 11955)], 0.0653, 'xrule'), ([(2449, 1, 6944), (3377, 1, 2449), (6572, 1, 3377), (6944, 1, 2449), (2449, 1, 3377), (3377, 1, 6572)], 0.0496, 'xrule'), ({(6572, 1, 3377), (6572, 1, 11955)}, 0.025547365598998107, 'baseline'), ([(6572, 1, 2450), (2449, 1, 6944), (2449, 1, 2450), (6944, 1, 2449), (2450, 1, 2449)], 0.009400003, 'xrule'), ({(6572, 1, 3377), (6572, 1, 11955)}, -0.04559411573938625, 'baseline')]",1,[0.0037471128161996603],"(6572, 1, 6944)","[(2449, 1, 11955), (2449, 1, 6944), (3377, 1, 2449), (11955, 1, 6572), (3377, 1, 6572), (6944, 1, 6572), (6572, 1, 3377), (6572, 1, 11955)]"
0.8004068732261658,51.0,1,[51],0.005075921770185232,"[({(19504, 1, 21993)}, 0.6247727119215242, 'baseline'), ([(19504, 1, 21993)], 0.60510004, 'xrule'), ({(19504, 1, 21993)}, 0.5855524975117118, 'baseline'), ({(19504, 1, 21993)}, 0.5127374360634168, 'baseline'), ({(19504, 1, 21993)}, 0.4730641966629814, 'baseline'), ({(19504, 1, 21993)}, 0.4317216398008779, 'baseline'), ({(19504, 1, 21993)}, 0.4180854380914689, 'baseline'), ({(19504, 1, 21993)}, 0.4041559814596411, 'baseline'), ({(19504, 1, 21993)}, 0.3519471700201815, 'baseline'), ({(19504, 1, 21993)}, 0.3330908828683204, 'baseline'), ([(17245, 1, 11202), (11202, 0, 21993), (19504, 0, 17245), (11202, 1, 17245)], 0.14790002, 'xrule')]",1,[0.005075921770185232],"(21993, 1, 19504)","[(19504, 1, 21993)]"
0.8398572206497192,12191.0,1,[12191],6.392855721060187e-05,"[({(13829, 1, 4185)}, 0.9498223563638531, 'baseline'), ({(13829, 1, 4185)}, 0.8830779081837576, 'baseline'), ({(13829, 1, 4185)}, 0.8458592175599319, 'baseline'), ({(13829, 1, 4185)}, 0.8221592778610165, 'baseline'), ({(13829, 1, 4185)}, 0.808439957298452, 'baseline'), ({(13829, 1, 4185)}, 0.8042499891535403, 'baseline'), ({(13829, 1, 4185)}, 0.7962258925183572, 'baseline'), ({(13829, 1, 4185)}, 0.7857313024910936, 'baseline'), ({(13829, 1, 4185)}, 0.7726980910184709, 'baseline'), ({(13829, 1, 4185)}, 0.69876031614485, 'baseline'), ([(13829, 1, 4185)], 0.4371, 'xrule')]",1,[6.392855721060187e-05],"(4185, 1, 13829)","[(13829, 1, 4185)]"
0.956963837146759,12418.0,1,[12418],6.0884703998453915e-05,"[({(6657, 1, 18566)}, 0.9542317888940376, 'baseline'), ([(6657, 1, 18566)], 0.7186, 'xrule'), ({(6657, 1, 18566)}, 0.7149641967197238, 'baseline')]",1,[6.0884703998453915e-05],"(18566, 1, 6657)","[(6657, 1, 18566)]"
0.9941294193267822,27111.0,1,[27111],1.177312879008241e-05,"[({(11565, 1, 29689)}, 0.9978146464763958, 'baseline'), ([(11565, 1, 29689)], 0.56490004, 'xrule')]",1,[1.177312879008241e-05],"(29689, 1, 11565)","[(11565, 1, 29689)]"
0.9594130516052246,4403.0,1,[4403],0.00012479809811338782,"[({(39790, 1, 137)}, 0.9114368451155505, 'baseline'), ({(39790, 1, 137)}, 0.8869079239542499, 'baseline'), ({(39790, 1, 137)}, 0.8841894156004217, 'baseline'), ({(39790, 1, 137)}, 0.8110018245914637, 'baseline'), ({(39790, 1, 137)}, 0.8040507308294167, 'baseline'), ({(39790, 1, 137)}, 0.6960176680072633, 'baseline'), ({(39790, 1, 137)}, 0.6681325881956949, 'baseline'), ({(39790, 1, 137)}, 0.6507048454489336, 'baseline'), ({(39790, 1, 137)}, 0.6028309305738306, 'baseline'), ({(39790, 1, 137)}, 0.5978689630487607, 'baseline'), ([(39790, 1, 137)], 0.51269996, 'xrule')]",1,[0.00012479809811338782],"(137, 1, 39790)","[(39790, 1, 137)]"
0.9723116159439087,8008.0,5,[8008],8.168911881512031e-05,"[({(3291, 1, 25943), (25943, 1, 3291)}, 0.20714173783368586, 'baseline'), ({(3291, 1, 25943), (20544, 1, 3291)}, 0.18413464287341513, 'baseline'), ([(20544, 1, 3291)], 0.0823, 'xrule'), ({(3291, 1, 25943)}, 0.05135391185565513, 'baseline'), ({(3291, 1, 25943)}, 0.047590116936789245, 'baseline'), ({(3291, 1, 25943)}, 0.042060355643999084, 'baseline'), ({(3291, 1, 25943)}, 0.03623066375570177, 'baseline'), ({(3291, 1, 25943)}, 0.03619627183668637, 'baseline'), ({(3291, 1, 25943), (2276, 0, 3291)}, 0.033903996417578616, 'baseline'), ({(3291, 1, 25943)}, 0.033795456356835195, 'baseline'), ({(3291, 1, 25943)}, 0.03331200312145865, 'baseline'), ([(3291, 1, 25943), (25943, 1, 5500), (20544, 1, 5500), (5500, 1, 25943), (25943, 1, 3291), (5500, 1, 20544)], 0.019199997, 'xrule'), ([(2277, 1, 2276), (2277, 0, 20544), (2276, 0, 3291), (2276, 1, 2277)], 0.012199998, 'xrule'), ([(25943, 1, 28902), (28902, 1, 20544), (3291, 1, 25943), (25943, 1, 3291), (28902, 1, 25943)], -0.002000004, 'xrule')]",1,[8.168911881512031e-05],"(3291, 1, 20544)","[(20544, 1, 3291), (25943, 1, 3291), (25943, 1, 28902), (28902, 1, 20544), (3291, 1, 25943)]"
0.9403150677680969,2142.0,5,[2142],0.0001768803340382874,"[({(26814, 1, 13298), (13298, 1, 1848), (1848, 1, 13298)}, 0.8740956072848255, 'baseline'), ({(26814, 1, 13298), (1848, 1, 13298)}, 0.5306909513012616, 'baseline'), ({(26814, 1, 13298), (13298, 1, 1848)}, 0.5079518386633902, 'baseline'), ([(26814, 1, 13298)], 0.4808, 'xrule'), ({(26814, 1, 13298)}, 0.330766301733401, 'baseline'), ({(26814, 1, 13298), (13298, 1, 1848)}, 0.29091487439321756, 'baseline'), ({(13298, 1, 1848)}, 0.05495778751514746, 'baseline'), ({(1848, 1, 13298)}, 0.005385140816942948, 'baseline'), ({(13298, 1, 1848)}, -0.0814317063903059, 'baseline'), ({(13298, 1, 1848)}, -0.09350510401388096, 'baseline'), ([(1848, 1, 2612), (13298, 1, 1848), (2612, 1, 1848), (2612, 1, 26814), (26814, 1, 2612), (1848, 1, 13298)], -0.22289997, 'xrule')]",1,[0.0001768803340382874],"(13298, 1, 26814)","[(2612, 1, 1848), (2612, 1, 26814), (13298, 1, 1848), (26814, 1, 13298), (1848, 1, 13298)]"
0.9245367050170898,10620.0,5,[10620],7.82935821916908e-05,"[({(10452, 1, 2502), (20104, 1, 2502), (2502, 1, 10452)}, 0.7469264727329746, 'baseline'), ({(10452, 1, 2502), (20104, 1, 2502), (2502, 1, 10452)}, 0.6267909847905433, 'baseline'), ({(20104, 1, 2502), (2502, 1, 10452)}, 0.535034818663932, 'baseline'), ({(20104, 1, 2502), (2502, 1, 10452)}, 0.5199872682937212, 'baseline'), ({(20104, 1, 2502), (2502, 1, 10452)}, 0.5186664293751619, 'baseline'), ({(20104, 1, 2502), (2502, 1, 10452)}, 0.5173656175690052, 'baseline'), ({(20104, 1, 2502), (2502, 1, 10452)}, 0.3882474718626937, 'baseline'), ([(20104, 1, 2502)], 0.0096, 'xrule'), ({(2502, 1, 10452)}, -0.01529129318205952, 'baseline'), ({(2502, 1, 10452)}, -0.02437003424850126, 'baseline'), ({(2502, 1, 10452)}, -0.030094702739996648, 'baseline'), ([(10452, 1, 5307), (5307, 1, 20104), (2502, 1, 10452), (10452, 1, 2502), (20104, 1, 5307), (5307, 1, 10452)], -0.0726, 'xrule')]",1,[7.82935821916908e-05],"(2502, 1, 20104)","[(10452, 1, 5307), (5307, 1, 20104), (2502, 1, 10452), (10452, 1, 2502), (20104, 1, 2502)]"
0.41509827971458435,28628.0,7,[28628],1.5293286196538247e-05,"[({(1690, 1, 14834), (8390, 1, 14834)}, 0.2061075227268122, 'baseline'), ({(1690, 1, 14834), (8390, 1, 14834)}, 0.1909511194800508, 'baseline'), ({(1690, 1, 14834), (8390, 1, 14834)}, 0.18963630061287537, 'baseline'), ({(1690, 1, 14834), (8390, 1, 14834)}, 0.17581571201393548, 'baseline'), ({(1690, 1, 14834), (14834, 1, 1690)}, 0.17507458781379387, 'baseline'), ({(1690, 1, 14834), (8390, 1, 14834)}, 0.15218889268807761, 'baseline'), ({(1690, 1, 14834)}, 0.14375140815136375, 'baseline'), ({(1690, 1, 14834)}, 0.13371976759015752, 'baseline'), ({(1690, 1, 14834)}, 0.10196677135426133, 'baseline'), ({(1690, 1, 14834)}, 0.02543515984820118, 'baseline'), ([(20963, 1, 5110), (20963, 1, 8390), (5110, 1, 20963), (8390, 1, 14834), (8390, 1, 20963)], 0.00090000004, 'xrule'), ([(1690, 1, 14834), (5111, 1, 1690), (14834, 1, 1690), (5110, 1, 5111), (5111, 1, 5110)], 0.0, 'xrule'), ([(1690, 1, 14834), (11673, 1, 1690), (14834, 1, 1690), (1690, 1, 11673), (5110, 1, 11673)], -0.00030000007, 'xrule'), ([(8389, 1, 5110), (8389, 1, 8390), (8390, 1, 14834), (8390, 1, 8389), (5110, 1, 8389)], -0.00030000007, 'xrule'), ([(1690, 1, 14834), (1690, 1, 22509), (22509, 1, 1690), (14834, 1, 1690), (22509, 1, 5110)], -0.001, 'xrule')]",1,[1.5293286196538247e-05],"(14834, 1, 5110)","[(8389, 1, 8390), (14834, 1, 1690), (1690, 1, 14834), (8389, 1, 5110), (5110, 1, 28345), (28345, 1, 1690), (8390, 1, 14834)]"
0.9296045303344727,6768.0,1,[6768],0.00012902262096758932,"[({(13633, 1, 4225)}, 0.8380222198980052, 'baseline'), ({(13633, 1, 4225)}, 0.802702592906553, 'baseline'), ({(13633, 1, 4225)}, 0.7964762320114496, 'baseline'), ({(13633, 1, 4225)}, 0.7261877515005384, 'baseline'), ({(13633, 1, 4225)}, 0.6796865911010067, 'baseline'), ([(13633, 1, 4225)], 0.1095, 'xrule')]",1,[0.00012902262096758932],"(4225, 1, 13633)","[(13633, 1, 4225)]"
0.09593500196933746,10044.0,8,[10044],1.9715655071195215e-05,"[({(4747, 5, 3149)}, 0.0008270113033104308, 'baseline'), ([(34665, 5, 3149), (4747, 5, 3149), (34665, 0, 22951)], -0.09909999, 'xrule'), ([(35121, 0, 22951), (4747, 5, 3149), (35121, 5, 3149)], -0.110999994, 'xrule'), ([(4747, 5, 3149), (22951, 5, 3149)], -0.1479, 'xrule'), ([(24714, 5, 3149), (4747, 5, 3149), (24714, 0, 22951)], -0.1718, 'xrule'), ([(4747, 5, 3149), (3148, 5, 3149), (3148, 0, 22951)], -0.24800001, 'xrule')]",1,[1.9715655071195215e-05],"(4747, 0, 22951)","[(34665, 5, 3149), (35121, 0, 22951), (24714, 5, 3149), (4747, 5, 3149), (34665, 0, 22951), (35121, 5, 3149), (22951, 5, 3149), (24714, 0, 22951)]"
0.9246744513511658,5953.0,4,[5953],4.856619852944277e-05,"[([(20593, 1, 25852)], 0.98759997, 'xrule'), ({(20593, 1, 25852)}, 0.9639817976931593, 'baseline'), ({(20593, 1, 25852)}, 0.8871408588648882, 'baseline'), ([(20593, 1, 20592), (20592, 6, 25852), (20592, 1, 20593)], -0.0065000057, 'xrule'), ({(20592, 6, 25852)}, -0.025764365738914285, 'baseline')]",1,[4.856619852944277e-05],"(25852, 1, 20593)","[(20593, 1, 20592), (20593, 1, 25852), (20592, 6, 25852), (20592, 1, 20593)]"
0.9354263544082642,20249.0,1,[20249],4.1600866097724065e-05,"[([(18417, 1, 3453)], 0.0038, 'xrule')]",1,[4.1600866097724065e-05],"(3453, 1, 18417)","[(18417, 1, 3453)]"
0.8634375929832458,13246.0,4,[13246],5.184007022762671e-05,"[({(33665, 1, 22848)}, 0.9638078116647357, 'baseline'), ({(33665, 1, 22848)}, 0.8707136396383476, 'baseline'), ({(33665, 1, 22848)}, 0.5873039204136224, 'baseline'), ({(33665, 1, 22848), (22848, 0, 239)}, 0.5662066177015536, 'baseline'), ({(33665, 1, 22848)}, 0.5368828011158779, 'baseline'), ({(33665, 1, 22848)}, 0.46661348393865265, 'baseline'), ([(33665, 1, 22848)], 0.2824, 'xrule'), ([(6889, 1, 33665), (6889, 0, 239), (33665, 1, 6889), (22848, 0, 239)], 0.1535, 'xrule'), ({(22848, 0, 239)}, -0.01175471121963643, 'baseline')]",1,[5.184007022762671e-05],"(22848, 1, 33665)","[(6889, 0, 239), (33665, 1, 6889), (33665, 1, 22848), (22848, 0, 239)]"
0.9404630661010742,206.0,11,[206],0.000330341630615294,"[({(16314, 1, 15028), (15028, 1, 21701), (5116, 1, 15028), (21701, 1, 15028)}, 0.8580107571228152, 'baseline'), ({(16314, 1, 15028), (15028, 1, 21701), (5116, 1, 15028)}, 0.6269053661082212, 'baseline'), ({(16314, 1, 15028), (15028, 1, 21701), (5116, 1, 15028), (6422, 1, 15028)}, 0.5312093925129252, 'baseline'), ({(15028, 1, 21701), (5116, 1, 15028), (21701, 1, 15028)}, 0.49985842189751456, 'baseline'), ({(15028, 1, 21701), (21701, 1, 15028), (5116, 1, 15028), (15028, 1, 6422)}, 0.38905630687681275, 'baseline'), ({(16314, 1, 15028), (15028, 1, 21701), (5116, 1, 15028), (15028, 1, 6422)}, 0.06930385063532649, 'baseline'), ([(5116, 1, 15028)], 0.0393, 'xrule'), ({(15028, 1, 21701), (5116, 1, 15028), (15028, 1, 6422)}, 0.02780012316547494, 'baseline'), ([(5116, 1, 9495), (15028, 1, 21701), (9495, 1, 5116), (21701, 1, 9495), (9495, 1, 21701), (21701, 1, 15028)], 0.0246, 'xrule'), ([(16314, 1, 5117), (16314, 1, 15028), (5117, 1, 5116), (5117, 1, 16314), (5116, 1, 5117)], 0.021199998, 'xrule'), ([(15527, 1, 5116), (15028, 1, 21701), (21701, 1, 15527), (15527, 1, 21701), (5116, 1, 15527), (21701, 1, 15028)], 0.019599998, 'xrule'), ([(3999, 1, 5116), (6422, 1, 15028), (5116, 1, 3999), (6422, 1, 3999), (3999, 1, 6422), (15028, 1, 6422)], 0.012799999, 'xrule'), ({(15028, 1, 21701), (5116, 1, 15028), (15028, 1, 6422)}, 0.004763106751562669, 'baseline'), ({(16314, 1, 15028), (15028, 1, 21701), (15028, 1, 6422)}, -0.006386120842497441, 'baseline'), ({(15028, 1, 21701), (15028, 1, 6422)}, -0.009278734242319326, 'baseline')]",1,[0.000330341630615294],"(15028, 1, 5116)","[(15527, 1, 5116), (15028, 1, 21701), (19324, 0, 21701), (5116, 1, 19324), (19324, 1, 16314), (6422, 1, 15527), (6422, 1, 15028), (16314, 1, 15028), (15028, 1, 6422), (5116, 1, 15028), (21701, 1, 15028)]"
0.9744139909744263,18283.0,1,[18283],3.221930091967806e-05,"[({(19664, 1, 6144)}, 0.994750014003815, 'baseline'), ([(19664, 1, 6144)], 0.9759, 'xrule')]",1,[3.221930091967806e-05],"(6144, 1, 19664)","[(19664, 1, 6144)]"
0.9725252389907837,33964.0,1,[33964],6.669854883512016e-06,"[([(15106, 1, 15107)], 0.9877, 'xrule'), ({(15106, 1, 15107)}, 0.9755373503943132, 'baseline')]",1,[6.669854883512016e-06],"(15107, 1, 15106)","[(15106, 1, 15107)]"
0.9631841778755188,344.0,1,[344],0.0008185035549104214,"[({(10360, 1, 758)}, 0.7849849927559883, 'baseline'), ({(10360, 1, 758)}, 0.697034523267337, 'baseline'), ({(10360, 1, 758)}, 0.6969457123122801, 'baseline'), ({(10360, 1, 758)}, 0.6765139550756488, 'baseline'), ({(10360, 1, 758)}, 0.6156358562077467, 'baseline'), ({(10360, 1, 758)}, 0.6153294287142431, 'baseline'), ({(10360, 1, 758)}, 0.6130487165430196, 'baseline'), ({(10360, 1, 758)}, 0.6062585553115019, 'baseline'), ({(10360, 1, 758)}, 0.6047942480296413, 'baseline'), ({(10360, 1, 758)}, 0.564802332293711, 'baseline'), ([(10360, 1, 758)], 0.4445, 'xrule')]",1,[0.0008185035549104214],"(758, 1, 10360)","[(10360, 1, 758)]"
0.9073452353477478,2875.0,1,[2875],0.00014902011025696993,"[({(10508, 1, 24179)}, 0.9528754851452746, 'baseline'), ({(10508, 1, 24179)}, 0.8744142537051195, 'baseline'), ({(10508, 1, 24179)}, 0.7930164207134609, 'baseline'), ({(10508, 1, 24179)}, 0.6890446992999573, 'baseline'), ({(10508, 1, 24179)}, 0.6738572567522283, 'baseline'), ({(10508, 1, 24179)}, 0.5544407203314327, 'baseline'), ([(10508, 1, 24179)], 0.51089996, 'xrule')]",1,[0.00014902011025696993],"(24179, 1, 10508)","[(10508, 1, 24179)]"
0.9587638974189758,24859.0,5,[24859],2.2489290131488815e-05,"[({(9303, 1, 26071), (9303, 0, 6139), (21981, 9, 9303)}, 0.9400066035979889, 'baseline'), ({(9303, 0, 6139), (21981, 9, 9303)}, 0.8749515299938745, 'baseline'), ({(9303, 1, 26071), (21981, 9, 9303)}, 0.8461291074139944, 'baseline'), ({(9303, 0, 6139), (21981, 9, 9303)}, 0.8394060609608053, 'baseline'), ([(21981, 9, 9303)], 0.7891, 'xrule'), ({(21981, 9, 9303)}, 0.7866908180894289, 'baseline'), ({(21981, 9, 9303)}, 0.7756351099945437, 'baseline'), ({(9303, 0, 6139), (21981, 9, 9303)}, 0.7660814389470872, 'baseline'), ({(21981, 9, 9303)}, 0.6963095519723934, 'baseline'), ({(9303, 0, 6139), (21981, 9, 9303)}, 0.6315391505218001, 'baseline'), ({(21981, 9, 9303)}, 0.5397737456323491, 'baseline'), ([(9303, 1, 26071), (26071, 1, 21981), (21981, 1, 26071)], 0.20120001, 'xrule'), ([(9303, 0, 6139), (21981, 0, 6139)], -0.13560003, 'xrule')]",1,[2.2489290131488815e-05],"(9303, 9, 21981)","[(9303, 1, 26071), (21981, 1, 26071), (21981, 0, 6139), (9303, 0, 6139), (21981, 9, 9303)]"
0.28957507014274597,1268.0,16,[1268],7.352758257184178e-05,"[({(33711, 5, 9528)}, 0.24280966404938628, 'baseline'), ([(33711, 0, 21113), (19256, 5, 19257), (19256, 0, 21113)], 0.0, 'xrule'), ([(21113, 1, 9528), (21113, 5, 19257), (33711, 5, 9528), (21113, 1, 19257), (19257, 1, 21113), (21113, 5, 9528), (9528, 1, 21113)], 0.0, 'xrule'), ([(27098, 5, 19257), (33711, 5, 9528), (27098, 5, 9528)], 0.0, 'xrule'), ([(30935, 5, 19257), (33711, 5, 9528), (30935, 5, 9528)], 0.0, 'xrule'), ([(22365, 5, 19257), (33711, 5, 9528), (22365, 5, 9528)], 0.0, 'xrule'), ({(33711, 0, 21113)}, -0.013029207495687544, 'baseline')]",1,[7.352758257184178e-05],"(33711, 5, 19257)","[(21113, 1, 9528), (21113, 5, 19257), (21113, 1, 19257), (19256, 5, 19257), (27098, 5, 19257), (22365, 5, 9528), (33711, 0, 21113), (30935, 5, 19257), (33711, 5, 9528), (27098, 5, 9528), (22365, 5, 19257), (30935, 5, 9528), (19257, 1, 21113), (21113, 5, 9528), (9528, 1, 21113), (19256, 0, 21113)]"
0.9478031992912292,3728.0,1,[3728],5.627735299640335e-05,"[([(33545, 1, 18247)], 0.981, 'xrule'), ({(33545, 1, 18247)}, 0.9802640584437202, 'baseline')]",1,[5.627735299640335e-05],"(18247, 1, 33545)","[(33545, 1, 18247)]"
0.19860407710075378,6.0,11,[6],0.016824472695589066,"[({(20114, 6, 20115)}, 0.3045519403470859, 'baseline'), ([(20114, 6, 22561), (20114, 6, 20115), (22561, 2, 2580)], -0.00019999995, 'xrule'), ([(8813, 2, 2580), (20114, 6, 8813), (20114, 6, 20115)], -0.00029999996, 'xrule'), ([(30667, 2, 2580), (20114, 6, 20115), (20114, 6, 30667)], -0.00029999996, 'xrule'), ([(20114, 6, 4716), (20114, 6, 20115), (4716, 2, 2580)], -0.0009999999, 'xrule'), ([(39563, 2, 2580), (20114, 6, 20115), (20114, 6, 39563)], -0.0021000002, 'xrule')]",1,[0.016824472695589066],"(20115, 2, 2580)","[(4716, 2, 2580), (20114, 6, 39563), (20114, 6, 4716), (8813, 2, 2580), (22561, 2, 2580), (30667, 2, 2580), (20114, 6, 8813), (20114, 6, 22561), (20114, 6, 20115), (20114, 6, 30667), (39563, 2, 2580)]"
0.9537962079048157,3429.0,6,[3429],0.00013921954086981714,"[({(15927, 1, 23239), (23239, 1, 1786)}, 0.8972563037420211, 'baseline'), ({(15927, 1, 23239), (23239, 0, 708)}, 0.832731055874228, 'baseline'), ({(15927, 1, 23239)}, 0.8230543608070929, 'baseline'), ({(15927, 1, 23239)}, 0.7840483056998441, 'baseline'), ({(15927, 1, 23239), (1786, 1, 23239)}, 0.7341392496600502, 'baseline'), ({(15927, 1, 23239)}, 0.7267901160779563, 'baseline'), ({(15927, 1, 23239), (23239, 1, 1786)}, 0.7196366048727804, 'baseline'), ([(15927, 1, 23239)], 0.60760003, 'xrule'), ([(23239, 0, 708), (708, 1, 15927), (15927, 1, 708)], 0.5418, 'xrule'), ([(15927, 0, 1786), (1786, 1, 23239), (23239, 1, 1786)], 0.3269, 'xrule'), ({(23239, 1, 1786)}, -0.0028542476412367337, 'baseline'), ({(23239, 1, 1786)}, -0.019897242133371327, 'baseline'), ({(23239, 0, 708), (23239, 1, 1786)}, -0.023493309549854013, 'baseline')]",1,[0.00013921954086981714],"(23239, 1, 15927)","[(15927, 1, 23239), (708, 1, 15927), (15927, 0, 1786), (23239, 0, 708), (1786, 1, 23239), (23239, 1, 1786)]"
0.926688015460968,29230.0,4,[29230],1.6864592907950282e-05,"[({(18054, 1, 13338)}, 0.9248681560367965, 'baseline'), ({(18054, 1, 13338)}, 0.9008569012301368, 'baseline'), ({(18054, 1, 13338)}, 0.8920126446246603, 'baseline'), ({(18054, 1, 13338), (14307, 0, 13338)}, 0.8809555655409768, 'baseline'), ({(18054, 1, 13338)}, 0.8779718165616719, 'baseline'), ({(18054, 1, 13338), (14307, 0, 13338)}, 0.8242798323162287, 'baseline'), ({(18054, 1, 13338)}, 0.8195546144270224, 'baseline'), ({(18054, 1, 13338), (35743, 0, 13338)}, 0.7341260770255836, 'baseline'), ({(18054, 1, 13338)}, 0.7149757004013061, 'baseline'), ([(18054, 1, 13338)], 0.1353, 'xrule'), ([(35743, 5, 2060), (2060, 0, 18054), (35743, 0, 13338)], -0.018399999, 'xrule'), ([(14307, 1, 16747), (16747, 0, 18054), (16747, 1, 14307), (14307, 0, 13338)], -0.042700008, 'xrule')]",1,[1.6864592907950282e-05],"(13338, 1, 18054)","[(14307, 1, 16747), (16747, 0, 18054), (18054, 1, 13338), (14307, 0, 13338)]"
0.8343851566314697,35459.0,1,[35459],4.906302365270676e-06,"[([(17946, 1, 865)], 0.0448, 'xrule')]",1,[4.906302365270676e-06],"(865, 1, 17946)","[(17946, 1, 865)]"
0.9717803597450256,6148.0,5,[6148],1.2678999155468773e-05,"[([(2443, 1, 12141)], 0.995, 'xrule'), ({(2443, 1, 12141)}, 0.9919258863009673, 'baseline'), ([(12141, 0, 3556), (1058, 0, 3556), (2443, 1, 1058), (1058, 1, 2443)], 0.0009999871, 'xrule'), ({(12141, 0, 3556)}, -0.0022627907102215606, 'baseline')]",1,[1.2678999155468773e-05],"(12141, 1, 2443)","[(1058, 0, 3556), (2443, 1, 1058), (1058, 1, 2443), (2443, 1, 12141), (12141, 0, 3556)]"
0.9874051213264465,25884.0,4,[25884],5.947885256318841e-06,"[({(19791, 9, 27198), (27198, 9, 19791), (6242, 1, 27198)}, 0.9959562928250613, 'baseline'), ([(6242, 1, 27198)], 0.9855, 'xrule'), ({(27198, 9, 19791), (6242, 1, 27198)}, 0.9180558218075562, 'baseline'), ({(6242, 1, 27198)}, 0.8991598973275643, 'baseline'), ({(19791, 9, 27198), (6242, 1, 27198)}, 0.570885940034153, 'baseline'), ([(19791, 0, 19507), (19507, 1, 6242), (6242, 1, 19507), (19791, 9, 27198), (27198, 9, 19791)], -0.0012000203, 'xrule'), ([(19791, 9, 27198), (6242, 1, 19791), (19791, 1, 6242), (27198, 9, 19791)], -0.0013999939, 'xrule'), ({(19791, 9, 27198)}, -0.0015026526911388076, 'baseline'), ({(19791, 9, 27198), (27198, 9, 19791)}, -0.0031779604472124807, 'baseline'), ({(27198, 9, 19791)}, -0.003355820716233676, 'baseline')]",1,[5.947885256318841e-06],"(27198, 1, 6242)","[(19791, 9, 27198), (6242, 1, 19791), (27198, 9, 19791), (6242, 1, 27198)]"
0.04805701971054077,14.0,11,[14],0.0016051954589784145,"[({(33234, 2, 4090)}, 0.12055367522593653, 'baseline'), ([(33234, 2, 4090), (22856, 2, 2524), (22856, 2, 4090)], -0.4659, 'xrule'), ([(33234, 2, 4090), (30328, 2, 4090), (30328, 2, 2524)], -0.5704, 'xrule'), ([(33234, 2, 4090), (30693, 2, 2524), (30693, 2, 4090)], -0.6251, 'xrule'), ([(33234, 2, 4090), (24131, 2, 4090), (24131, 2, 2524)], -0.6522, 'xrule'), ([(33234, 2, 4090), (16051, 2, 4090), (16051, 2, 2524)], -0.688, 'xrule')]",1,[0.0016051954589784145],"(33234, 2, 2524)","[(30693, 2, 4090), (28149, 2, 4090), (24131, 2, 4090), (30693, 2, 2524), (30328, 2, 2524), (28149, 2, 2524), (33234, 2, 4090), (22856, 2, 4090), (24131, 2, 2524), (22856, 2, 2524), (30328, 2, 4090)]"
0.9453070163726807,2126.0,8,[2126],6.836299871793017e-05,"[({(19427, 1, 18272), (18272, 1, 170), (170, 1, 18272)}, 0.9301291600966102, 'baseline'), ({(19427, 1, 18272), (18272, 1, 170), (18272, 1, 23137), (170, 1, 18272)}, 0.919321168839454, 'baseline'), ({(170, 1, 18272), (19427, 1, 18272), (18272, 1, 170), (23137, 1, 18272)}, 0.8833196646117808, 'baseline'), ({(19427, 1, 18272), (18272, 1, 170), (170, 1, 18272)}, 0.8751444702358165, 'baseline'), ({(19427, 1, 18272), (18272, 1, 170), (23137, 1, 18272)}, 0.5775111155655254, 'baseline'), ({(19427, 1, 18272), (18272, 1, 170)}, 0.4837354845737045, 'baseline'), ({(19427, 1, 18272), (18272, 1, 170)}, 0.46015049259567475, 'baseline'), ({(19427, 1, 18272), (18272, 1, 23137)}, 0.3143535666206791, 'baseline'), ({(19427, 1, 18272), (18272, 1, 170), (18272, 1, 23137)}, 0.11503950796639843, 'baseline'), ([(19427, 1, 18272)], 0.1104, 'xrule'), ([(19427, 5, 914), (170, 5, 914), (18272, 1, 170), (170, 1, 18272)], 0.075100005, 'xrule'), ([(19427, 1, 169), (18272, 1, 170), (169, 1, 170), (169, 1, 19427), (170, 1, 169), (170, 1, 18272)], 0.014399998, 'xrule'), ({(18272, 1, 170), (18272, 1, 23137)}, -0.03502019220062646, 'baseline'), ([(23137, 1, 19427), (19427, 1, 23137), (18272, 1, 23137), (23137, 1, 18272)], -0.326, 'xrule')]",1,[6.836299871793017e-05],"(18272, 1, 19427)","[(19427, 1, 23137), (169, 1, 170), (169, 1, 19427), (170, 1, 18272), (23137, 1, 18272), (19427, 1, 18272), (18272, 1, 23137), (18272, 1, 170)]"
0.72646164894104,36377.0,1,[36377],8.640805390314199e-06,"[([(23961, 5, 6776)], 0.8941, 'xrule'), ({(23961, 5, 6776)}, 0.8191590183816566, 'baseline')]",1,[8.640805390314199e-06],"(23961, 0, 6776)","[(23961, 5, 6776)]"
0.8955927491188049,2112.0,1,[2112],0.0003259251534473151,"[({(15159, 1, 3072)}, 0.6671805827786292, 'baseline'), ({(15159, 1, 3072)}, 0.4664811019750238, 'baseline'), ([(15159, 1, 3072)], 0.4463, 'xrule')]",1,[0.0003259251534473151],"(3072, 1, 15159)","[(15159, 1, 3072)]"
0.94145667552948,4692.0,9,[4692],5.877958028577268e-05,"[({(8643, 1, 7117), (7118, 9, 7117), (7117, 1, 25743), (25743, 1, 7117)}, 0.9239141836428617, 'baseline'), ([(8643, 1, 7117)], 0.87920004, 'xrule'), ({(8643, 1, 7117), (25743, 1, 7117), (7117, 1, 25743)}, 0.8449675320296817, 'baseline'), ({(8643, 1, 7117), (7117, 9, 7118), (7049, 1, 7117), (25743, 1, 7117)}, 0.735465453009662, 'baseline'), ({(8643, 1, 7117), (7117, 9, 7118), (7049, 1, 7117)}, 0.7270937421168097, 'baseline'), ([(7118, 1, 8643), (7118, 9, 7117), (7117, 9, 7118), (8643, 1, 7118)], 0.7047, 'xrule'), ([(7049, 1, 7118), (7118, 1, 7049), (7049, 1, 7117), (7118, 1, 8643), (8643, 1, 7118)], 0.7022, 'xrule'), ({(7118, 9, 7117), (8643, 1, 7117), (7117, 9, 7118), (7049, 1, 7117)}, 0.6776487083073659, 'baseline'), ({(8643, 1, 7117), (25743, 1, 7117)}, 0.6312240803421647, 'baseline'), ({(8643, 1, 7117), (7049, 1, 7117)}, 0.624522968442141, 'baseline'), ({(8643, 1, 7117), (7117, 9, 7118), (25743, 1, 7117)}, 0.567794783537605, 'baseline'), ({(8643, 1, 7117), (7118, 9, 7117), (7049, 1, 7117), (25743, 1, 7117)}, 0.5265925954749038, 'baseline'), ({(7117, 1, 25743), (8643, 1, 7117), (7118, 9, 7117), (7049, 1, 7117)}, 0.5180376599551713, 'baseline'), ([(25743, 1, 7118), (8643, 1, 7118), (7118, 1, 8643), (25743, 1, 7117), (7117, 1, 25743), (7118, 1, 25743)], -0.06739998, 'xrule')]",1,[5.877958028577268e-05],"(7117, 1, 8643)","[(8643, 1, 7117), (7117, 9, 7118), (7049, 1, 7117), (7118, 1, 8643), (7118, 1, 25743), (7118, 9, 7117), (7049, 1, 7118), (25743, 1, 7117), (7117, 1, 25743)]"
0.9172292351722717,11133.0,5,[11133],8.97044810699299e-05,"[({(32633, 1, 6813), (6813, 1, 32633), (5175, 1, 6813)}, 0.7171152687944303, 'baseline'), ([(5175, 1, 6813)], 0.69699997, 'xrule'), ({(32633, 1, 6813), (6813, 1, 32633), (5175, 1, 6813)}, 0.6766862124759007, 'baseline'), ([(32633, 0, 5176), (32633, 1, 6813), (6813, 1, 32633), (5175, 0, 5176)], 0.53999996, 'xrule'), ({(6813, 1, 32633), (5175, 1, 6813)}, 0.41868160370917085, 'baseline'), ({(6813, 1, 32633), (5175, 1, 6813)}, 0.2928782514274506, 'baseline'), ({(5176, 1, 6813), (6813, 1, 32633), (5175, 1, 6813)}, 0.28835747746975915, 'baseline'), ({(32633, 1, 6813), (6813, 1, 32633)}, 0.2040165470642101, 'baseline'), ({(32633, 1, 6813), (6813, 1, 32633)}, 0.1754181191974778, 'baseline'), ({(6813, 1, 32633), (5175, 1, 6813)}, 0.16454205965061172, 'baseline'), ({(6813, 1, 32633), (5175, 1, 6813)}, 0.11246554097941269, 'baseline'), ([(5176, 1, 6813), (5175, 0, 5176)], 0.10679996, 'xrule'), ({(5176, 1, 6813), (6813, 1, 32633)}, -0.017484744097006236, 'baseline')]",1,[8.97044810699299e-05],"(6813, 1, 5175)","[(5175, 0, 5176), (32633, 0, 5176), (5175, 1, 6813), (6813, 1, 32633), (32633, 1, 6813)]"
0.9331414699554443,8961.0,1,[8961],0.00010262238356517628,"[({(4665, 1, 4666)}, 0.8468649863501742, 'baseline'), ({(4665, 1, 4666)}, 0.7686896786192149, 'baseline'), ({(4665, 1, 4666)}, 0.7093235707046797, 'baseline'), ({(4665, 1, 4666)}, 0.6744800060914171, 'baseline'), ({(4665, 1, 4666)}, 0.6370820249172381, 'baseline'), ({(4665, 1, 4666)}, 0.6040498455568525, 'baseline'), ({(4665, 1, 4666)}, 0.5668735937116374, 'baseline'), ({(4665, 1, 4666)}, 0.5378250313544802, 'baseline'), ([(4665, 1, 4666)], 0.5058, 'xrule'), ({(4665, 1, 4666)}, 0.44247586752083873, 'baseline')]",1,[0.00010262238356517628],"(4666, 1, 4665)","[(4665, 1, 4666)]"
0.9786085486412048,5646.0,1,[5646],0.00022380801965482533,"[([(30361, 1, 11813)], 0.2377, 'xrule')]",1,[0.00022380801965482533],"(11813, 1, 30361)","[(30361, 1, 11813)]"
0.8748989105224609,14.0,7,[14],0.00921364314854145,"[({(26527, 1, 11366), (11366, 1, 42)}, 0.713849351453286, 'baseline'), ({(26527, 1, 11366), (11366, 1, 42)}, 0.6961430761566406, 'baseline'), ({(26527, 1, 11366), (4958, 1, 11366), (11366, 1, 42)}, 0.6938181969470409, 'baseline'), ({(26527, 1, 11366), (11366, 1, 4958)}, 0.6349342311257127, 'baseline'), ({(26527, 1, 11366), (11366, 1, 4958), (11366, 1, 42)}, 0.46533320596203365, 'baseline'), ([(26527, 1, 11366)], 0.3193, 'xrule'), ([(4958, 1, 11366), (4958, 1, 10271), (10271, 1, 4958), (26527, 1, 10271), (11366, 1, 4958), (10271, 1, 26527)], 0.24519998, 'xrule'), ([(10271, 1, 42), (11366, 1, 42), (42, 1, 11366), (26527, 1, 10271), (42, 1, 10271), (10271, 1, 26527)], 0.1678, 'xrule'), ({(11366, 1, 4958), (11366, 1, 42)}, 0.0424318713936524, 'baseline'), ({(11366, 1, 4958), (11366, 1, 42)}, 0.006804685066579881, 'baseline'), ({(11366, 1, 4958), (11366, 1, 42)}, 0.0017783445798817872, 'baseline'), ({(11366, 1, 4958), (11366, 1, 42)}, -0.01548739249038655, 'baseline'), ({(11366, 1, 4958), (11366, 1, 42)}, -0.05167718700349544, 'baseline')]",1,[0.00921364314854145],"(11366, 1, 26527)","[(10271, 1, 42), (11366, 1, 42), (4958, 1, 10271), (26527, 1, 11366), (10271, 1, 26527), (4958, 1, 11366), (11366, 1, 4958)]"
0.9501182436943054,21082.0,1,[21082],2.504277290427126e-05,"[([(22618, 1, 699)], 0.9681, 'xrule'), ({(22618, 1, 699)}, 0.9624935888237712, 'baseline')]",1,[2.504277290427126e-05],"(699, 1, 22618)","[(22618, 1, 699)]"
0.9186691641807556,7.0,5,[7],0.002162822987884283,"[({(28826, 1, 274), (3712, 1, 28826), (274, 1, 28826)}, 0.9672567749275477, 'baseline'), ({(3712, 1, 28826), (274, 1, 28826)}, 0.9009753952771783, 'baseline'), ([(3712, 1, 28826)], 0.8219, 'xrule'), ({(28826, 1, 274), (3712, 1, 28826)}, 0.7263612010468826, 'baseline'), ({(3712, 1, 28826)}, 0.7172503328784497, 'baseline'), ({(6595, 1, 28826), (3712, 1, 28826)}, 0.5746210055543092, 'baseline'), ([(3712, 1, 10001), (6595, 1, 28826), (10001, 1, 3712), (6595, 1, 10001), (10001, 1, 6595)], 0.14100003, 'xrule'), ({(274, 1, 28826)}, 0.014397065119942525, 'baseline'), ({(6595, 1, 28826), (274, 1, 28826)}, -0.0033335881797609285, 'baseline'), ({(6595, 1, 28826)}, -0.018477995932207197, 'baseline'), ({(28826, 1, 274), (274, 1, 28826)}, -0.027149220042259146, 'baseline'), ({(28826, 1, 274)}, -0.028059084922822865, 'baseline'), ([(274, 1, 14534), (14534, 1, 274), (274, 1, 28826), (3712, 1, 14534), (28826, 1, 274), (14534, 1, 3712)], -0.16799998, 'xrule'), ([(3614, 1, 3712), (3712, 1, 3614), (274, 1, 28826), (3614, 1, 274), (28826, 1, 274), (274, 1, 3614)], -0.16799998, 'xrule'), ([(3712, 1, 18299), (274, 1, 28826), (18299, 1, 3712), (274, 1, 18299), (28826, 1, 274)], -0.16819996, 'xrule')]",1,[0.002162822987884283],"(28826, 1, 3712)","[(274, 1, 14534), (28826, 1, 274), (3712, 1, 28826), (274, 1, 28826), (14534, 1, 3712)]"
0.978472113609314,3317.0,4,[3317],1.6026542652980424e-05,"[({(16506, 1, 22728), (22728, 9, 34810)}, 0.9930124789061324, 'baseline'), ({(16506, 1, 22728)}, 0.9712073112551335, 'baseline'), ([(16506, 1, 22728)], 0.94170004, 'xrule'), ({(22728, 9, 34810)}, -0.004771192633835885, 'baseline'), ([(34810, 1, 16506), (16506, 1, 34810), (22728, 9, 34810)], -0.050300002, 'xrule')]",1,[1.6026542652980424e-05],"(22728, 1, 16506)","[(34810, 1, 16506), (16506, 1, 34810), (16506, 1, 22728), (22728, 9, 34810)]"
0.969196081161499,11718.0,5,[11718],2.405207123956643e-05,"[({(12684, 1, 22584), (22584, 9, 22585)}, 0.9873364477503556, 'baseline'), ({(12684, 1, 22584)}, 0.8808097129831376, 'baseline'), ([(12684, 1, 22584)], 0.27539998, 'xrule'), ([(12684, 1, 22585), (22585, 9, 22584), (22585, 1, 12684), (22584, 9, 22585)], 0.017699957, 'xrule'), ({(22584, 9, 22585)}, 0.004613022246220596, 'baseline'), ({(22585, 9, 22584)}, -0.0006236630231446796, 'baseline')]",1,[2.405207123956643e-05],"(22584, 1, 12684)","[(12684, 1, 22584), (22585, 1, 12684), (22584, 9, 22585), (22585, 9, 22584), (12684, 1, 22585)]"
0.9718466401100159,39154.0,7,[39154],1.1037501508326386e-06,"[([(21674, 1, 4547)], 0.1591, 'xrule'), ({(4547, 1, 14510)}, 0.10979155735137987, 'baseline'), ([(4547, 1, 14510), (14509, 1, 14510), (14510, 1, 4547), (14509, 1, 21674), (21674, 1, 14509), (14510, 1, 14509)], 0.093899995, 'xrule'), ({(4547, 1, 14510)}, 0.07525978519523562, 'baseline'), ({(4547, 1, 14510)}, 0.043653885792460025, 'baseline'), ({(4547, 1, 14510)}, 0.03001425692051732, 'baseline'), ({(4547, 1, 14510)}, 0.025514583057889728, 'baseline'), ({(4547, 1, 14510)}, 0.025237540660402506, 'baseline'), ({(4547, 1, 14510)}, 0.015379170867885823, 'baseline')]",1,[1.1037501508326386e-06],"(4547, 1, 21674)","[(14509, 1, 14510), (21674, 1, 4547), (14509, 1, 21674), (14510, 1, 14509), (4547, 1, 14510), (14510, 1, 4547), (21674, 1, 14509)]"
0.4837391674518585,4374.0,10,[4374],0.0002848602016456425,"[({(8310, 6, 22600), (8310, 6, 8984)}, 0.4427244486991357, 'baseline'), ({(8310, 6, 22600)}, 0.34428457563974646, 'baseline'), ({(8310, 6, 8984)}, 0.3304798120116943, 'baseline'), ({(8310, 6, 2349)}, 0.3156546466142608, 'baseline'), ({(8310, 6, 26961)}, 0.054646174405293485, 'baseline'), ([(4632, 6, 26961), (8310, 6, 26961), (4632, 6, 12531)], 0.0036, 'xrule'), ([(8310, 6, 2349), (4632, 6, 2349), (4632, 6, 12531)], 0.0033, 'xrule'), ([(4632, 6, 12531), (2724, 4, 8310), (2724, 4, 4632)], 0.0032, 'xrule'), ([(8310, 6, 2349), (2349, 2, 7), (12531, 2, 7)], 0.0030999999, 'xrule'), ([(8310, 6, 2349), (11942, 6, 2349), (11942, 6, 12531)], 0.003, 'xrule'), ({(8310, 6, 11942)}, -0.07821043300244777, 'baseline')]",1,[0.0002848602016456425],"(8310, 6, 12531)","[(11942, 6, 12531), (4632, 6, 26961), (4632, 6, 12531), (8310, 6, 22600), (8310, 6, 8984), (11942, 6, 22600), (8310, 6, 2349), (11942, 6, 8984), (8310, 6, 26961), (11942, 6, 2349)]"
0.974579930305481,36432.0,1,[36432],6.0275374380580615e-06,"[({(8641, 1, 19459)}, 0.9968641312277707, 'baseline'), ([(8641, 1, 19459)], 0.9761, 'xrule')]",1,[6.0275374380580615e-06],"(19459, 1, 8641)","[(8641, 1, 19459)]"
0.8933057188987732,12057.0,5,[12057],5.73422439629212e-05,"[({(17190, 1, 8831), (757, 1, 17190)}, 0.4602403466281629, 'baseline'), ({(17190, 1, 8831), (757, 1, 17190), (8831, 1, 17190)}, 0.3718969043625577, 'baseline'), ({(17190, 1, 8831), (757, 1, 17190)}, 0.23875246528785543, 'baseline'), ({(17190, 1, 8831), (757, 1, 17190)}, 0.2330289888417646, 'baseline'), ({(17190, 1, 8831), (8831, 1, 17190)}, 0.17552808975581982, 'baseline'), ({(17190, 1, 8831), (8831, 1, 17190)}, 0.1543302342580246, 'baseline'), ({(17190, 1, 8831), (757, 1, 17190)}, 0.1496975227943074, 'baseline'), ({(17190, 1, 8831), (757, 1, 17190)}, 0.12020472723411983, 'baseline'), ({(17190, 1, 8831), (757, 1, 17190)}, 0.11968378268357638, 'baseline'), ({(17190, 1, 8831), (757, 1, 17190)}, 0.10781965690234595, 'baseline'), ([(757, 1, 17190)], 0.0139, 'xrule'), ([(17190, 1, 8831), (8831, 1, 17190), (757, 0, 758), (8831, 0, 758)], -0.226, 'xrule')]",1,[5.73422439629212e-05],"(17190, 1, 757)","[(757, 1, 17190), (8831, 1, 17190), (757, 0, 758), (8831, 0, 758), (17190, 1, 8831)]"
0.8763036727905273,28493.0,1,[28493],1.1925169928872492e-05,"[([(28605, 1, 6067)], 0.99619997, 'xrule'), ({(28605, 1, 6067)}, 0.9806931522886413, 'baseline')]",1,[1.1925169928872492e-05],"(6067, 1, 28605)","[(28605, 1, 6067)]"
0.9612560868263245,2568.0,1,[2568],0.0003957287117373198,"[({(27247, 1, 3929)}, 0.3746117767392668, 'baseline'), ({(27247, 1, 3929)}, 0.27654103543177666, 'baseline'), ({(27247, 1, 3929)}, 0.2682030012155011, 'baseline'), ({(27247, 1, 3929)}, 0.2343991804235643, 'baseline'), ([(27247, 1, 3929)], 0.039199997, 'xrule'), ([(21238, 5, 7581), (21238, 0, 3929), (7581, 6, 27247)], -0.0438, 'xrule')]",1,[0.0003957287117373198],"(3929, 1, 27247)","[(27247, 1, 3929)]"
0.9470379948616028,19978.0,1,[19978],4.5843447878723964e-05,"[({(7436, 1, 2887)}, 0.9399167198162506, 'baseline'), ({(7436, 1, 2887)}, 0.9105654251947894, 'baseline'), ({(7436, 1, 2887)}, 0.8673787000778107, 'baseline'), ({(7436, 1, 2887)}, 0.7936845888007059, 'baseline'), ({(7436, 1, 2887)}, 0.771469877696991, 'baseline'), ({(7436, 1, 2887)}, 0.7408541302182947, 'baseline'), ({(7436, 1, 2887)}, 0.7340186098622976, 'baseline'), ([(7436, 1, 2887)], 0.653, 'xrule'), ({(7436, 1, 2887)}, 0.4422553601410817, 'baseline')]",1,[4.5843447878723964e-05],"(2887, 1, 7436)","[(7436, 1, 2887)]"
0.9375073909759521,28.0,9,[28],0.011409257538616657,"[([(1538, 1, 8734)], 0.62549996, 'xrule'), ([(1537, 1, 25180), (25180, 0, 8734), (25180, 1, 1537), (1537, 0, 1538)], 0.4982, 'xrule'), ({(1538, 1, 8734), (2613, 1, 8734), (8734, 1, 2613)}, 0.41299394963823405, 'baseline'), ({(1538, 1, 8734), (8734, 1, 2613)}, 0.3824304756930879, 'baseline'), ({(1538, 1, 8734), (8734, 1, 2613)}, 0.3225671463597884, 'baseline'), ([(28868, 0, 8734), (28868, 1, 23323), (23323, 1, 28868), (23323, 0, 1538)], 0.2873, 'xrule'), ([(23984, 0, 1538), (8718, 0, 8734), (8718, 1, 23984), (23984, 1, 8718)], 0.24739999, 'xrule'), ([(8733, 0, 8734), (8733, 1, 23323), (23323, 0, 1538), (23323, 1, 8733)], 0.06669998, 'xrule'), ({(8718, 0, 8734), (8734, 1, 2613)}, -0.019916255977772926, 'baseline'), ({(8733, 0, 8734), (8734, 1, 2613)}, -0.03141589932050239, 'baseline'), ({(25180, 0, 8734), (8734, 1, 2613)}, -0.036492128904041944, 'baseline'), ({(9950, 0, 8734), (8734, 1, 2613)}, -0.039249976186224056, 'baseline'), ({(8734, 1, 2613)}, -0.0418166118129805, 'baseline'), ({(8734, 1, 2613)}, -0.04315241150890166, 'baseline'), ({(8734, 1, 2613), (16818, 0, 8734)}, -0.04323597718756335, 'baseline')]",1,[0.011409257538616657],"(8734, 1, 1538)","[(2613, 1, 8734), (1537, 0, 1538), (8734, 1, 2613), (1538, 1, 8734), (25180, 1, 1537), (36536, 0, 1538), (1537, 1, 25180), (2613, 1, 36536), (25180, 0, 8734)]"
0.8671815395355225,675.0,1,[675],0.000480720482300967,"[({(20700, 1, 17492)}, 0.8862212784032175, 'baseline'), ({(20700, 1, 17492)}, 0.5784552531727339, 'baseline'), ([(20700, 1, 17492)], 0.4866, 'xrule'), ({(20700, 1, 17492)}, 0.38568113423921524, 'baseline'), ({(20700, 1, 17492)}, 0.3743718680602169, 'baseline'), ({(20700, 1, 17492)}, 0.3495881969908619, 'baseline'), ({(20700, 1, 17492)}, 0.31264201925909757, 'baseline'), ({(20700, 1, 17492)}, 0.3057346157498515, 'baseline')]",1,[0.000480720482300967],"(17492, 1, 20700)","[(20700, 1, 17492)]"
0.9578153491020203,33876.0,5,[33876],7.68439713283442e-06,"[({(3648, 1, 8714), (3647, 1, 3648), (8714, 1, 3648)}, 0.9421294827278696, 'baseline'), ({(3647, 1, 3648)}, 0.48554520076277186, 'baseline'), ({(3647, 1, 3648), (8714, 1, 3648)}, 0.43946878338257994, 'baseline'), ({(3647, 1, 3648)}, 0.3060922436135225, 'baseline'), ([(3647, 1, 3648)], 0.2824, 'xrule'), ({(3648, 1, 8714), (3647, 1, 3648)}, 0.23494432451996963, 'baseline'), ({(8714, 1, 3648)}, -0.022173603126059423, 'baseline'), ({(8714, 1, 3648)}, -0.024571915190755203, 'baseline'), ({(3648, 1, 8714)}, -0.053614397574831336, 'baseline'), ({(3648, 1, 8714)}, -0.055065413002616505, 'baseline'), ([(8713, 1, 8714), (8713, 1, 3647), (3647, 1, 8713), (8714, 1, 8713), (3648, 1, 8714), (8714, 1, 3648)], -0.596, 'xrule'), ([(3647, 1, 11438), (8714, 1, 3648), (3648, 1, 8714), (8714, 1, 11438), (11438, 1, 8714), (11438, 1, 3647)], -0.7137, 'xrule'), ([(3647, 1, 23848), (8714, 1, 23848), (23848, 1, 3647), (3648, 1, 8714), (8714, 1, 3648)], -0.71459997, 'xrule')]",1,[7.68439713283442e-06],"(3648, 1, 3647)","[(3647, 1, 3648), (3648, 1, 8714), (3647, 1, 23848), (8714, 1, 23848), (8714, 1, 3648)]"
0.949526846408844,31982.0,1,[31982],1.0897900210693479e-05,"[({(35514, 1, 15168)}, 0.9763018992112468, 'baseline'), ([(35514, 1, 15168)], 0.9438, 'xrule')]",1,[1.0897900210693479e-05],"(15168, 1, 35514)","[(35514, 1, 15168)]"
0.673927366733551,8.0,10,[8],0.0027248505502939224,"[({(4502, 6, 36622)}, 0.026146653074860124, 'baseline'), ({(637, 8, 36622)}, 0.014272157985388759, 'baseline'), ([(637, 8, 36622), (30955, 2, 2580), (637, 8, 30955)], 0.0018000001, 'xrule'), ([(637, 8, 36622), (637, 8, 2579), (2579, 2, 2580)], 0.0013000001, 'xrule'), ([(637, 8, 36622), (637, 8, 30419), (30419, 2, 2580)], 0.0012, 'xrule'), ([(637, 8, 4503), (637, 8, 36622), (4503, 2, 2580)], 0.0011000001, 'xrule'), ([(637, 8, 36622), (20059, 2, 2580), (637, 8, 20059)], 0.0005000001, 'xrule')]",1,[0.0027248505502939224],"(36622, 2, 2580)","[(637, 8, 30419), (637, 8, 36622), (637, 8, 2579), (30955, 2, 2580), (4502, 6, 4503), (637, 8, 30955), (30419, 2, 2580), (4503, 2, 2580), (2579, 2, 2580), (4502, 6, 36622)]"
0.9036061763763428,8.0,6,[8],0.0179851483553648,"[({(9780, 1, 3447), (3447, 1, 2835), (3447, 1, 7044)}, 0.6406596149501428, 'baseline'), ({(9780, 1, 3447), (3447, 1, 2835), (3447, 1, 7044)}, 0.5347800088070853, 'baseline'), ({(9780, 1, 3447), (3447, 1, 2835)}, 0.407272440153127, 'baseline'), ([(9780, 1, 3447)], 0.3527, 'xrule'), ({(9780, 1, 3447), (3447, 1, 2835)}, 0.25200108780230285, 'baseline'), ([(2834, 1, 2835), (9780, 1, 2834), (2835, 1, 2834), (2835, 1, 3447), (3447, 1, 2835), (2834, 1, 9780)], 0.2251, 'xrule'), ({(3447, 1, 2835), (3447, 1, 7044), (2835, 1, 3447)}, 0.20685897337757914, 'baseline'), ({(3447, 1, 2835), (3447, 1, 7044)}, 0.16125033354077556, 'baseline'), ({(3447, 1, 2835), (7044, 1, 3447), (3447, 1, 7044)}, 0.13028661455234536, 'baseline'), ({(3447, 1, 2835), (3447, 1, 7044)}, 0.12466088972764433, 'baseline'), ({(3447, 1, 2835), (3447, 1, 7044)}, 0.09832553106441604, 'baseline'), ({(3447, 1, 2835), (3447, 1, 7044)}, 0.04935507006612704, 'baseline'), ([(9780, 1, 2834), (2834, 1, 7044), (7044, 1, 3447), (7044, 1, 2834), (3447, 1, 7044), (2834, 1, 9780)], -0.041500002, 'xrule')]",1,[0.0179851483553648],"(3447, 1, 9780)","[(2834, 1, 2835), (7044, 1, 2834), (3447, 1, 7044), (2834, 1, 9780), (9780, 1, 3447), (3447, 1, 2835)]"
0.5521760582923889,58.0,3,[58],0.0016081072390079498,"[({(1038, 4, 34310)}, 0.13608289806642984, 'baseline')]",1,[0.0016081072390079498],"(34310, 0, 184)","[(20385, 0, 184), (1038, 4, 20385), (1038, 4, 34310)]"
0.8556263446807861,409.0,4,[409],0.00013711568317376077,"[({(4697, 1, 3857), (3858, 1, 4697)}, 0.8964031228394201, 'baseline'), ({(3858, 1, 4697), (3857, 1, 4697)}, 0.8736720566377968, 'baseline'), ({(3858, 1, 4697)}, 0.8689901712935268, 'baseline'), ({(3858, 1, 4697)}, 0.8657756331241792, 'baseline'), ([(3858, 1, 4697)], 0.4432, 'xrule'), ({(3857, 1, 4697)}, 0.0030470294700932704, 'baseline'), ({(4697, 1, 3857)}, -0.03317781261992741, 'baseline'), ([(4697, 1, 3857), (3858, 1, 3857), (3857, 1, 3858), (3857, 1, 4697)], -0.5532, 'xrule')]",1,[0.00013711568317376077],"(4697, 1, 3858)","[(4697, 1, 3857), (3858, 1, 3857), (3858, 1, 4697), (3857, 1, 4697)]"
0.9748260378837585,37326.0,1,[37326],4.421533503773389e-06,"[({(34337, 1, 624)}, 0.5746753053393695, 'baseline'), ({(34337, 1, 624)}, 0.4889560766273583, 'baseline'), ({(34337, 1, 624)}, 0.4286459507257296, 'baseline'), ([(34337, 1, 624)], 0.3552, 'xrule'), ({(34337, 1, 624)}, 0.3316951805099713, 'baseline')]",1,[4.421533503773389e-06],"(624, 1, 34337)","[(34337, 1, 624)]"
0.9237152934074402,749.0,8,[749],0.00012006502220174298,"[({(14841, 1, 27207), (27207, 1, 14841), (11642, 1, 14841), (14841, 1, 19445)}, 0.8861452228951537, 'baseline'), ({(14841, 1, 27207), (27207, 1, 14841), (11642, 1, 14841)}, 0.7766308651637104, 'baseline'), ({(27207, 1, 14841), (11642, 1, 14841), (14841, 1, 19445)}, 0.7694849238256223, 'baseline'), ({(14841, 1, 27207), (27207, 1, 14841), (19445, 1, 14841), (11642, 1, 14841)}, 0.7223344899938651, 'baseline'), ({(14841, 1, 27207), (27207, 1, 14841), (11642, 1, 14841)}, 0.6953646394774845, 'baseline'), ({(27207, 1, 14841), (19445, 1, 14841), (11642, 1, 14841), (14841, 1, 19445)}, 0.6909230204746134, 'baseline'), ({(14841, 1, 27207), (14841, 1, 19445), (19445, 1, 14841), (11642, 1, 14841)}, 0.6563138810095485, 'baseline'), ({(14841, 1, 27207), (14841, 1, 19445), (11642, 1, 14841)}, 0.3867681441735945, 'baseline'), ([(11642, 1, 14841)], 0.3636, 'xrule'), ({(14841, 1, 27207), (14841, 1, 19445), (11642, 1, 14841)}, 0.2995208314555855, 'baseline'), ([(14841, 1, 27207), (27207, 1, 14841), (11642, 0, 11643), (27207, 0, 11643)], 0.008300006, 'xrule'), ([(11642, 0, 11643), (14841, 1, 19445), (19445, 1, 14841), (19445, 0, 11643)], 9.998679e-05, 'xrule'), ({(14841, 1, 27207), (14841, 1, 19445)}, -0.05667640733276713, 'baseline')]",1,[0.00012006502220174298],"(14841, 1, 11642)","[(27207, 1, 14841), (27207, 0, 11643), (14841, 1, 19445), (14841, 1, 27207), (11642, 0, 11643), (19445, 1, 14841), (19445, 0, 11643), (11642, 1, 14841)]"
