prediction,original_score,new_rank,new_score,facts,new_ranks,exp,original_rank,new_scores,exp_length
"(8776, 1, 1347)",0.7884548306465149,3501.0,0.00015383234131149948,"[({(1347, 1, 8776)}, 0.8468910931611442, 'baseline'), ({(1347, 1, 8776)}, 0.8116713039823458, 'baseline'), ({(4276, 0, 8776)}, -0.03219457438164666, 'baseline')]",[3501],"[(1347, 1, 8776)]",1,[0.00015383234131149948],1
"(39499, 0, 292)",0.6023808717727661,3852.0,2.4777025828370824e-05,"[({(1864, 4, 39499)}, 0.5705938176424045, 'baseline')]",[3852],"[(2148, 0, 292), (1864, 4, 39499), (1864, 4, 2148)]",1,[2.4777025828370824e-05],3
"(28640, 2, 741)",0.6571306586265564,1.0,0.23351655900478363,"[({(193, 6, 28640)}, 0.2915313950535067, 'baseline'), ({(28640, 6, 4498)}, 0.10508197085724715, 'baseline')]",[1],"[(193, 6, 28640), (193, 6, 741)]",1,[0.23351655900478363],2
"(34777, 1, 14753)",0.9449015259742737,2129.0,0.00011934816575376317,"[({(14753, 1, 34777)}, 0.970992436519574, 'baseline')]",[2129],"[(14753, 1, 34777)]",1,[0.00011934816575376317],1
"(26770, 5, 6829)",0.45097658038139343,218.0,0.0005768849514424801,"[({(26770, 0, 7635)}, 0.05821247304984093, 'baseline'), ({(26770, 6, 26771)}, 0.022431637139735474, 'baseline')]",[218],"[(26770, 0, 7635), (24162, 0, 7635), (24162, 5, 6829)]",1,[0.0005768849514424801],3
"(11565, 1, 12441)",0.9488105773925781,1.0,0.9461496472358704,[],[1],[],1,[0.9461496472358704],0
"(903, 5, 5742)",0.4814486503601074,6.0,0.01572219654917717,"[({(34444, 1, 903), (903, 1, 34444)}, 0.0722296042378923, 'baseline'), ({(903, 1, 34444)}, 0.03955082869858168, 'baseline'), ({(903, 0, 904)}, -0.004140962873545168, 'baseline'), ({(34444, 1, 903)}, -0.07883612530364364, 'baseline')]",[6],"[(903, 1, 34444), (34444, 1, 903), (5211, 5, 5742), (5211, 6, 34444)]",1,[0.01572219654917717],4
"(14612, 1, 19739)",0.8138606548309326,4.0,0.019938750192523003,"[({(19739, 1, 14612), (14612, 1, 8884)}, 0.9206550612403758, 'baseline'), ({(14612, 1, 14613), (19739, 1, 14612), (14612, 1, 8884)}, 0.9174047602673786, 'baseline'), ({(14612, 1, 14613), (19739, 1, 14612), (14613, 1, 14612)}, 0.9016199599136175, 'baseline'), ({(19739, 1, 14612)}, 0.8674530271129263, 'baseline'), ({(14612, 1, 14613), (19739, 1, 14612)}, 0.7605327232196062, 'baseline'), ({(19739, 1, 14612)}, 0.653207942529261, 'baseline'), ({(19739, 1, 14612), (14613, 1, 14612)}, 0.37502906886573767, 'baseline'), ({(14612, 1, 14613)}, 0.013368646598127467, 'baseline'), ({(14612, 1, 14613)}, -0.012389202676038305, 'baseline'), ({(14612, 1, 14613), (14612, 1, 8884)}, -0.03581323198070539, 'baseline')]",[4],"[(19739, 1, 8883), (8884, 1, 8883), (19739, 1, 14612), (14612, 1, 8884)]",1,[0.019938750192523003],4
"(24146, 1, 36079)",0.8771597146987915,37440.0,7.122977422113763e-06,"[({(36079, 1, 24146)}, 0.9753263498926658, 'baseline'), ({(36079, 1, 24146)}, 0.9506536623372497, 'baseline')]",[37440],"[(36079, 1, 24146)]",1,[7.122977422113763e-06],1
"(31393, 0, 292)",0.512271523475647,4000.0,2.4448727344861254e-05,"[({(1864, 4, 31393)}, 0.027860355483242047, 'baseline')]",[4000],"[(2148, 0, 292), (1864, 4, 31393), (1864, 4, 2148)]",1,[2.4448727344861254e-05],3
"(14940, 1, 12227)",0.8385334610939026,6053.0,3.389537232578732e-05,"[({(14940, 1, 5927), (12227, 1, 14940), (5927, 1, 14940)}, 0.9585174821040501, 'baseline'), ({(14940, 1, 5927), (12227, 1, 14940)}, 0.6293803298055499, 'baseline'), ({(5927, 1, 14940), (12227, 1, 14940)}, 0.5435367060555616, 'baseline'), ({(12227, 1, 14940)}, 0.5336500239560265, 'baseline'), ({(12227, 1, 14940)}, 0.38882200103740666, 'baseline'), ({(5927, 1, 14940)}, 0.07463846636264092, 'baseline'), ({(5927, 1, 14940)}, 0.06848792264696545, 'baseline'), ({(14940, 1, 5927)}, -0.020690877974307836, 'baseline'), ({(14940, 1, 5927)}, -0.021562357469844085, 'baseline')]",[6053],"[(12227, 1, 14940), (13800, 1, 12227), (13800, 1, 5927), (5927, 1, 14940), (14940, 1, 5927)]",1,[3.389537232578732e-05],5
"(2949, 1, 8019)",0.8824633359909058,29.0,0.008166149258613586,"[({(2949, 1, 9188), (8019, 1, 2949)}, 0.9085259330157872, 'baseline'), ({(2949, 1, 9188), (8019, 1, 2949)}, 0.8461689828954374, 'baseline'), ({(2949, 1, 9188), (8019, 1, 2949)}, 0.828968631798329, 'baseline'), ({(2949, 1, 9188), (8019, 1, 2949)}, 0.7814109193780843, 'baseline'), ({(8019, 1, 2949)}, 0.7003346536415676, 'baseline'), ({(2949, 1, 9188), (8019, 1, 2949)}, 0.6403861488302841, 'baseline'), ({(8019, 1, 2949)}, 0.5951184470980366, 'baseline'), ({(2949, 1, 9188), (8019, 1, 2949)}, 0.5503031446570974, 'baseline'), ({(2949, 1, 9188)}, -0.015501637982353308, 'baseline'), ({(2949, 1, 9188)}, -0.028474469711011793, 'baseline')]",[29],"[(2949, 1, 9188), (8019, 1, 2949), (30805, 1, 8019), (9188, 1, 30805)]",1,[0.008166149258613586],4
"(15729, 1, 12999)",0.19728238880634308,10.0,0.010361310094594955,"[({(15729, 1, 16455), (15729, 1, 15730)}, 0.40167624938904567, 'baseline'), ({(16455, 1, 15729)}, 0.35115177585686547, 'baseline'), ({(15729, 1, 16455), (15729, 1, 31425)}, 0.3422938698898308, 'baseline'), ({(15729, 1, 31425)}, 0.31902484228410066, 'baseline'), ({(15729, 1, 16455), (15729, 1, 15730)}, 0.31311075016266554, 'baseline'), ({(15729, 1, 31425)}, 0.29761416831016185, 'baseline'), ({(15729, 1, 16455)}, 0.29691372427864965, 'baseline'), ({(15729, 1, 15730), (15729, 1, 31425)}, 0.2913569024702521, 'baseline'), ({(15729, 1, 15730)}, 0.2535644580020901, 'baseline')]",[10],"[(15730, 1, 15171), (15729, 1, 16455), (15171, 1, 16455), (15171, 1, 12999), (15729, 1, 15730)]",1,[0.010361310094594955],5
"(9536, 0, 265)",0.6587778329849243,10.0,0.0036445220466703176,"[({(9535, 4, 9536)}, 0.04544183517121596, 'baseline')]",[10],"[(9535, 4, 9536), (9535, 4, 25282), (25282, 0, 265)]",1,[0.0036445220466703176],3
"(20124, 1, 18592)",0.9615100622177124,30374.0,1.9076996977673844e-05,"[({(18592, 1, 20124)}, 0.993439069409135, 'baseline')]",[30374],"[(18592, 1, 20124)]",1,[1.9076996977673844e-05],1
"(23468, 1, 1116)",0.9318868517875671,2407.0,0.00020822646911256015,"[({(1116, 1, 23468)}, 0.8288152094848301, 'baseline'), ({(1116, 1, 23468)}, 0.8275247688514623, 'baseline'), ({(1116, 1, 23468)}, 0.7598528726358121, 'baseline'), ({(1116, 1, 23468)}, 0.6499774899527088, 'baseline'), ({(1116, 1, 23468)}, 0.6381550277565804, 'baseline'), ({(1116, 1, 23468)}, 0.6206558190757842, 'baseline'), ({(1116, 1, 23468)}, 0.5241420697255684, 'baseline')]",[2407],"[(1116, 1, 23468)]",1,[0.00020822646911256015],1
"(1419, 1, 22014)",0.8030797243118286,22853.0,3.346741141285747e-05,"[({(19671, 1, 1419), (1419, 1, 19671), (22014, 1, 1419)}, 0.8499506592853081, 'baseline'), ({(19671, 1, 1419), (1419, 1, 19671), (22014, 1, 1419)}, 0.8385891196668167, 'baseline'), ({(1419, 1, 19671), (22014, 1, 1419)}, 0.7298803189213426, 'baseline'), ({(1419, 1, 19671), (22014, 1, 1419)}, 0.49152342751257455, 'baseline'), ({(1419, 1, 19671), (22014, 1, 1419)}, 0.4896150357524035, 'baseline'), ({(1419, 1, 19671), (22014, 1, 1419)}, 0.35094003036103055, 'baseline'), ({(1419, 1, 19671), (22014, 1, 1419)}, 0.3060952834152233, 'baseline'), ({(1419, 1, 19671), (22014, 1, 1419)}, 0.28711168077988497, 'baseline'), ({(1419, 1, 19671), (19671, 1, 1419)}, 0.0681454939753974, 'baseline'), ({(1419, 1, 19671)}, -0.029431183882620643, 'baseline')]",[22853],"[(13051, 1, 22014), (1419, 1, 19671), (19671, 1, 1419), (19671, 1, 13051), (22014, 1, 1419)]",1,[3.346741141285747e-05],5
"(16918, 1, 2507)",0.9153757691383362,2.0,0.17151667177677155,"[({(16918, 1, 6789), (16918, 1, 16476), (2507, 1, 16918), (16476, 1, 16918)}, 0.910315264454406, 'baseline'), ({(16918, 1, 6789), (6789, 1, 16918), (2507, 1, 16918), (16918, 1, 16476)}, 0.8761153106693073, 'baseline'), ({(16918, 1, 20126), (16918, 1, 16476), (2507, 1, 16918), (16476, 1, 16918)}, 0.8375614759543812, 'baseline'), ({(16918, 1, 16919), (16918, 1, 16476), (2507, 1, 16918)}, 0.7975479831404294, 'baseline'), ({(16918, 1, 6789), (16918, 1, 16476), (2507, 1, 16918), (16918, 1, 20126)}, 0.7868572938977378, 'baseline'), ({(16918, 1, 16919), (16918, 1, 16476), (2507, 1, 16918), (16476, 1, 16918)}, 0.7146248078374817, 'baseline'), ({(16918, 1, 6789), (16918, 1, 16476), (2507, 1, 16918)}, 0.7063128207935297, 'baseline'), ({(16918, 1, 6789), (16918, 1, 16476), (2507, 1, 16918), (16919, 1, 16918)}, 0.7016249154555241, 'baseline'), ({(16918, 1, 16919), (16918, 1, 6789), (16918, 1, 16476), (2507, 1, 16918)}, 0.6916271301656828, 'baseline'), ({(16918, 1, 20126), (16918, 1, 16476), (2507, 1, 16918)}, 0.6840371938276011, 'baseline')]",[2],"[(2507, 3, 16476), (16476, 1, 16918), (2507, 9, 6789), (16918, 1, 6789), (2507, 1, 16918), (16918, 1, 16476)]",1,[0.17151667177677155],6
"(12356, 1, 20726)",0.8214631676673889,35353.0,8.010267265490256e-06,"[({(20726, 1, 12356)}, 0.9086143863019002, 'baseline'), ({(20726, 1, 12356)}, 0.9053586017167825, 'baseline'), ({(20726, 1, 12356)}, 0.8695691112460386, 'baseline'), ({(20726, 1, 12356)}, 0.8575177074794736, 'baseline'), ({(20726, 1, 12356)}, 0.8460606812574203, 'baseline'), ({(20726, 1, 12356)}, 0.8302779074434372, 'baseline'), ({(20726, 1, 12356)}, 0.8296113487038903, 'baseline'), ({(20726, 1, 12356)}, 0.8039399853710762, 'baseline'), ({(20726, 1, 12356)}, 0.758376882822058, 'baseline'), ({(20726, 1, 12356)}, 0.6611849514803906, 'baseline')]",[35353],"[(20726, 1, 12356)]",1,[8.010267265490256e-06],1
"(31721, 1, 24228)",0.8690681457519531,12111.0,5.9181500546401367e-05,"[({(24228, 1, 31721)}, 0.862727153564322, 'baseline'), ({(24228, 1, 31721)}, 0.759540365491851, 'baseline'), ({(7056, 1, 31721), (24228, 1, 31721)}, 0.737641559023134, 'baseline'), ({(31721, 1, 7056), (24228, 1, 31721)}, 0.7022560094327596, 'baseline'), ({(7056, 1, 31721)}, 0.04877338834814261, 'baseline'), ({(31721, 1, 7056)}, -0.08959217832422788, 'baseline'), ({(7056, 1, 31721), (31721, 1, 7056)}, -0.09041865629478087, 'baseline'), ({(31721, 1, 7056)}, -0.09877332015107854, 'baseline')]",[12111],"[(24228, 1, 31721)]",1,[5.9181500546401367e-05],1
"(7982, 1, 20572)",0.9877474308013916,2731.0,0.00010559467045823112,"[({(14618, 3, 7982), (20572, 1, 7982), (7982, 3, 14618)}, 0.9865751175653031, 'baseline'), ({(14618, 3, 7982), (20572, 1, 7982), (7982, 3, 7983)}, 0.978532185864425, 'baseline'), ({(20572, 1, 7982), (7982, 3, 7983)}, 0.9466757078460346, 'baseline'), ({(20572, 1, 7982), (7982, 3, 14618)}, 0.8392221806119212, 'baseline'), ({(14618, 3, 7982), (20572, 1, 7982)}, 0.6622134892750801, 'baseline'), ({(20572, 1, 7982)}, 0.4931937284789834, 'baseline'), ({(7982, 3, 14618), (7982, 3, 7983)}, 0.001492361477178404, 'baseline'), ({(14618, 3, 7982)}, -0.0001158314295726834, 'baseline'), ({(14618, 3, 7982), (7982, 3, 7983)}, -0.0004899101898525072, 'baseline'), ({(14618, 3, 7982), (7982, 3, 14618)}, -0.0006841021394116004, 'baseline')]",[2731],"[(20572, 1, 7983), (14618, 3, 7982), (20572, 1, 7982), (7982, 3, 14618), (7983, 3, 14618)]",1,[0.00010559467045823112],5
"(20097, 1, 39891)",0.9519976377487183,10690.0,7.687043398618698e-05,"[({(39891, 1, 20097)}, 0.7969897260133563, 'baseline'), ({(39891, 1, 20097)}, 0.7050040816118994, 'baseline'), ({(39891, 1, 20097)}, 0.7039341186020318, 'baseline'), ({(39891, 1, 20097)}, 0.645429893957505, 'baseline'), ({(39891, 1, 20097)}, 0.5872565943308405, 'baseline'), ({(39891, 1, 20097)}, 0.56230012929569, 'baseline'), ({(39891, 1, 20097)}, 0.4726325398446069, 'baseline'), ({(39891, 1, 20097)}, 0.449029964552458, 'baseline'), ({(39891, 1, 20097)}, 0.21784679167705123, 'baseline')]",[10690],"[(39891, 1, 20097)]",1,[7.687043398618698e-05],1
"(27089, 0, 25460)",0.5863993167877197,931.0,3.7276677176123485e-05,"[({(21273, 4, 27089)}, 0.32992209139831147, 'baseline')]",[931],"[(21273, 4, 27089), (21273, 4, 25460)]",1,[3.7276677176123485e-05],2
"(522, 1, 21041)",0.9422932267189026,10873.0,5.545068415813148e-05,"[({(21041, 1, 522)}, 0.6845484228386726, 'baseline'), ({(21041, 1, 522)}, 0.654845401371145, 'baseline'), ({(21041, 1, 522)}, 0.5809452968592007, 'baseline'), ({(17635, 0, 522)}, 0.06469235850690654, 'baseline')]",[10873],"[(21041, 1, 522)]",1,[5.545068415813148e-05],1
"(26856, 1, 26855)",0.9746934175491333,33147.0,1.1356089999026153e-05,"[({(26855, 1, 26856)}, 0.9669085646325088, 'baseline')]",[33147],"[(26855, 1, 26856)]",1,[1.1356089999026153e-05],1
"(29520, 1, 38175)",0.9498961567878723,29273.0,1.1238516890443861e-05,"[({(38175, 1, 29520)}, 0.9867889790622505, 'baseline'), ({(38175, 1, 29520)}, 0.7586768133698146, 'baseline')]",[29273],"[(38175, 1, 29520)]",1,[1.1238516890443861e-05],1
"(11856, 1, 2643)",0.9860931038856506,6456.0,9.276963828597218e-05,"[({(2643, 1, 11856)}, 0.9741773511709497, 'baseline'), ({(2643, 1, 11856)}, 0.5049376317709482, 'baseline')]",[6456],"[(2643, 1, 11856)]",1,[9.276963828597218e-05],1
"(6787, 1, 26217)",0.867676854133606,7431.0,0.00013456710439641029,"[({(26217, 1, 6787)}, 0.8946753034094346, 'baseline'), ({(26217, 1, 6787)}, 0.8520482659849047, 'baseline'), ({(26217, 1, 6787)}, 0.8346047875504781, 'baseline'), ({(26217, 1, 6787)}, 0.8324526425419856, 'baseline'), ({(26217, 1, 6787)}, 0.8246508116675703, 'baseline'), ({(26217, 1, 6787)}, 0.7862685192082263, 'baseline'), ({(26217, 1, 6787)}, 0.7780032025287853, 'baseline'), ({(26217, 1, 6787)}, 0.762393103425036, 'baseline'), ({(26217, 1, 6787)}, 0.7543272835792327, 'baseline'), ({(26217, 1, 6787)}, 0.720418200584485, 'baseline')]",[7431],"[(26217, 1, 6787)]",1,[0.00013456710439641029],1
"(3136, 1, 16161)",0.92377108335495,6876.0,8.991455979412422e-05,"[({(16161, 1, 3136), (3137, 1, 3136), (3136, 1, 3137)}, 0.9049340378458276, 'baseline'), ({(16161, 1, 3136), (3136, 1, 3137)}, 0.8330768820006557, 'baseline'), ({(16161, 1, 3136)}, 0.8269167418487418, 'baseline'), ({(16161, 1, 3136), (3136, 1, 3137)}, 0.7377620796322023, 'baseline'), ({(16161, 1, 3136), (3137, 1, 3136), (3136, 1, 3137)}, 0.730723665035948, 'baseline'), ({(16161, 1, 3136), (3136, 1, 3137)}, 0.6331642115241076, 'baseline'), ({(16161, 1, 3136), (3136, 1, 3137)}, 0.6060460647796518, 'baseline'), ({(16161, 1, 3136), (3136, 1, 3137)}, 0.4046962677898985, 'baseline'), ({(3136, 1, 3137)}, -0.04859199097604889, 'baseline'), ({(3136, 1, 3137)}, -0.05732860140919089, 'baseline')]",[6876],"[(16161, 0, 3005), (3137, 1, 3136), (3137, 0, 3005), (16161, 1, 3136), (3136, 1, 3137)]",1,[8.991455979412422e-05],5
"(22752, 1, 11603)",0.9543496966362,5.0,0.011829904280602932,"[({(22752, 1, 2392), (25306, 1, 22752), (11603, 1, 22752), (2392, 1, 22752)}, 0.8275384183234907, 'baseline'), ({(22752, 1, 2392), (11603, 1, 22752), (2392, 1, 22752), (22752, 1, 25306)}, 0.8023595085500249, 'baseline'), ({(22752, 1, 2392), (11603, 1, 22752), (2392, 1, 22752), (22752, 0, 7968)}, 0.7120998358596247, 'baseline'), ({(22752, 1, 2392), (11603, 1, 22752), (25306, 1, 22752)}, 0.6032146653054999, 'baseline'), ({(22752, 1, 2392), (11603, 1, 22752), (25306, 1, 22752), (22752, 1, 25306)}, 0.5039746591243415, 'baseline'), ({(22752, 1, 2392), (11603, 1, 22752), (22752, 1, 25306)}, 0.29132406028882074, 'baseline'), ({(22752, 1, 2392), (22752, 1, 25306), (11603, 1, 22752), (22752, 0, 7968)}, 0.1992546127727558, 'baseline'), ({(22752, 1, 2392), (11603, 1, 22752), (22752, 1, 25306)}, 0.1830237315267373, 'baseline'), ({(22752, 1, 2392), (22752, 1, 25306)}, -0.025165279430218002, 'baseline'), ({(22752, 1, 2392), (22752, 1, 25306), (22752, 0, 7968)}, -0.02888180783485873, 'baseline')]",[5],"[(22752, 1, 2392), (11603, 1, 7967), (25306, 1, 7967), (2392, 1, 22752), (28597, 1, 2392), (25306, 1, 22752), (11603, 1, 22752), (28597, 1, 11603)]",1,[0.011829904280602932],8
"(20944, 1, 2415)",0.8592720627784729,31236.0,1.3214566024544183e-05,"[({(2415, 1, 20944), (2994, 1, 20944), (20944, 1, 2994)}, 0.7333912113696976, 'baseline'), ({(2415, 1, 20944), (2994, 1, 20944)}, 0.6662757246808855, 'baseline'), ({(2415, 1, 20944)}, 0.652733728012256, 'baseline'), ({(2415, 1, 20944)}, 0.6172864876405173, 'baseline'), ({(2415, 1, 20944), (20944, 1, 2994)}, 0.5719662742460035, 'baseline'), ({(2415, 1, 20944), (20944, 1, 2994)}, 0.46843157459131696, 'baseline'), ({(2415, 1, 20944), (20944, 1, 2994)}, 0.43210355654710453, 'baseline'), ({(2415, 1, 20944), (20944, 1, 2994)}, 0.3269517832232276, 'baseline'), ({(2415, 1, 20944), (20944, 1, 2994)}, 0.2432389069392709, 'baseline'), ({(2415, 1, 20944), (20944, 1, 2994)}, 0.1883667514838428, 'baseline')]",[31236],"[(2415, 1, 20944), (2994, 1, 2993), (20944, 1, 2994), (2994, 1, 20944), (2415, 1, 2993)]",1,[1.3214566024544183e-05],5
"(8742, 1, 19068)",0.9776057600975037,265.0,0.0014870046870782971,"[({(8742, 1, 1897), (19068, 1, 8742)}, 0.6711247414154159, 'baseline'), ({(8742, 1, 1897), (19068, 1, 8742)}, 0.60231141648382, 'baseline'), ({(8742, 1, 1897), (19068, 1, 8742)}, 0.4366438212360028, 'baseline'), ({(8742, 1, 1897)}, 0.0459794802604142, 'baseline'), ({(8742, 1, 1897)}, 0.02334396071936415, 'baseline'), ({(8742, 1, 1897)}, 0.012256066246800881, 'baseline'), ({(8742, 1, 1897)}, 0.00864795869685217, 'baseline'), ({(8742, 1, 1897)}, 0.007732908195164432, 'baseline'), ({(8742, 1, 1897)}, 0.003563801699510959, 'baseline'), ({(8742, 1, 1897)}, 0.00026218122922429206, 'baseline')]",[265],"[(8742, 1, 1897), (5674, 1, 19068), (1897, 1, 5674), (19068, 1, 8742)]",1,[0.0014870046870782971],4
"(16624, 9, 15794)",0.9656851887702942,24570.0,9.771183613338508e-06,"[({(15794, 9, 16624)}, 0.9487658639779512, 'baseline'), ({(15793, 1, 16624)}, -0.004976113397231917, 'baseline'), ({(16624, 1, 15793)}, -0.01336952025327222, 'baseline')]",[24570],"[(15794, 9, 16624)]",1,[9.771183613338508e-06],1
"(15588, 1, 15587)",0.9287481307983398,7.0,0.02632097154855728,"[({(15587, 1, 15588), (15588, 1, 14064), (15588, 1, 31654), (15588, 1, 27163)}, 0.7114217137991015, 'baseline'), ({(15587, 1, 15588), (15588, 1, 31654), (15588, 1, 27163)}, 0.5412183238066899, 'baseline'), ({(15587, 1, 15588), (15588, 1, 31654), (15588, 1, 27163)}, 0.43958292628698403, 'baseline'), ({(15587, 1, 15588), (15588, 1, 14064), (15588, 1, 27163)}, 0.3640757020243283, 'baseline'), ({(15587, 1, 15588), (15588, 1, 14064), (15588, 1, 31654)}, 0.28865901739964916, 'baseline'), ({(31654, 1, 15588), (15588, 1, 27163), (15588, 1, 14064)}, 0.10106203988130723, 'baseline'), ({(27163, 1, 15588), (15588, 1, 14064), (15588, 1, 31654)}, 0.06214831301799065, 'baseline'), ({(31654, 1, 15588), (15588, 1, 27163), (15588, 1, 14064), (15588, 1, 31654)}, 0.060823361384900666, 'baseline'), ({(15588, 1, 27163), (15588, 1, 31654)}, 0.05227605530615071, 'baseline'), ({(15588, 1, 27163), (15588, 1, 14064), (15588, 1, 31654)}, -0.03013946584902612, 'baseline')]",[7],"[(15587, 1, 15588), (2739, 1, 31654), (15588, 1, 31654), (2739, 1, 27163), (15588, 1, 27163), (15587, 1, 2739), (2739, 1, 14064), (15588, 1, 14064)]",1,[0.02632097154855728],8
"(8754, 1, 4244)",0.957123875617981,294.0,0.001113981707021594,"[({(4244, 1, 8754)}, 0.8799584394297899, 'baseline'), ({(4244, 1, 8754)}, 0.7913089860559054, 'baseline'), ({(4244, 1, 8754)}, 0.7808248864819122, 'baseline'), ({(4244, 1, 8754)}, 0.7145371890601859, 'baseline'), ({(4244, 1, 8754)}, 0.6681104152951393, 'baseline'), ({(4244, 1, 8754)}, 0.6579412071025189, 'baseline'), ({(8754, 0, 1668), (4244, 1, 8754)}, 0.6390805090773315, 'baseline'), ({(4244, 1, 8754)}, 0.4898194201342185, 'baseline'), ({(4244, 1, 8754)}, 0.486052674768085, 'baseline'), ({(4244, 1, 8754)}, 0.2951168230670224, 'baseline')]",[294],"[(4244, 1, 8754)]",1,[0.001113981707021594],1
"(17578, 1, 8885)",0.8962762355804443,2942.0,0.00014028816076461226,"[({(3300, 1, 17578), (8885, 1, 17578), (17578, 1, 3300)}, 0.9092985880460193, 'baseline'), ({(8885, 1, 17578)}, 0.7548725468934289, 'baseline'), ({(8885, 1, 17578), (17578, 1, 3300)}, 0.6878228636794699, 'baseline'), ({(3300, 1, 17578), (8885, 1, 17578), (17578, 1, 3300)}, 0.6511794772823245, 'baseline'), ({(8885, 1, 17578), (17578, 1, 3300)}, 0.6453984226926841, 'baseline'), ({(8885, 1, 17578), (17578, 1, 3300)}, 0.34691886257831667, 'baseline'), ({(17578, 1, 3300)}, -0.060758014208210705, 'baseline'), ({(17578, 1, 3300)}, -0.06446619796134449, 'baseline'), ({(17578, 1, 3300)}, -0.06577887104660432, 'baseline'), ({(17578, 1, 3300)}, -0.07349230811919487, 'baseline')]",[2942],"[(8885, 1, 17578), (3300, 1, 17578), (26393, 1, 3300), (8885, 1, 26393), (17578, 1, 3300)]",1,[0.00014028816076461226],5
"(30007, 2, 121)",0.23917707800865173,1.0,0.14112697541713715,"[({(30007, 2, 916), (20016, 4, 30007), (13030, 6, 30007)}, 0.2732942213741177, 'baseline'), ({(20016, 4, 30007), (13030, 6, 30007)}, 0.24444527512277334, 'baseline'), ({(20016, 4, 30007), (30007, 2, 916)}, 0.1647640571429834, 'baseline'), ({(20016, 4, 30007)}, 0.14080971030880718, 'baseline'), ({(30007, 2, 916), (13030, 6, 30007)}, 0.023233990140873958, 'baseline'), ({(30007, 2, 916)}, 0.012464980531889339, 'baseline'), ({(13030, 6, 30007)}, -0.07296447919938193, 'baseline')]",[1],"[(20016, 4, 28966), (20016, 4, 30007), (28966, 2, 121), (27523, 2, 121), (30007, 2, 916), (13030, 6, 16669), (16669, 2, 121), (13030, 6, 30007), (27523, 2, 916)]",1,[0.14112697541713715],9
"(24115, 1, 18755)",0.970401406288147,76.0,0.0005470925243571401,"[({(18755, 1, 24115), (24115, 1, 2300), (2300, 1, 24115)}, 0.9535825750225595, 'baseline'), ({(18755, 1, 24115)}, 0.6948519799615445, 'baseline'), ({(18755, 1, 24115)}, 0.6819280834599722, 'baseline'), ({(18755, 1, 24115), (24115, 1, 2300)}, 0.6489099708065929, 'baseline'), ({(18755, 1, 24115), (2300, 1, 24115)}, 0.6458179797973188, 'baseline'), ({(2300, 1, 24115)}, 0.17075542664695095, 'baseline'), ({(2300, 1, 24115)}, 0.019133428978394887, 'baseline'), ({(24115, 1, 2300)}, -0.030959864190406194, 'baseline'), ({(24115, 1, 2300)}, -0.03422131114980978, 'baseline')]",[76],"[(24115, 1, 2300), (2300, 1, 9577), (2300, 1, 24115), (18755, 1, 9577), (18755, 1, 24115)]",1,[0.0005470925243571401],5
"(8574, 1, 8573)",0.8929891586303711,4.0,0.06148432195186615,"[({(814, 1, 8574), (8573, 1, 8574), (8574, 1, 814), (8574, 1, 12655)}, 0.7841381895654883, 'baseline'), ({(8574, 1, 814), (8573, 1, 8574), (8574, 1, 29585)}, 0.7484149199202029, 'baseline'), ({(814, 1, 8574), (8573, 1, 8574), (8574, 1, 814)}, 0.7437792282272787, 'baseline'), ({(8574, 1, 12655), (8573, 1, 8574), (8574, 1, 29585)}, 0.7062979196299783, 'baseline'), ({(8574, 1, 814), (8573, 1, 8574), (8574, 1, 12655), (8574, 1, 29585)}, 0.6658733933251729, 'baseline'), ({(8574, 1, 814), (8573, 1, 8574), (8574, 1, 12655)}, 0.3465583736496454, 'baseline'), ({(8574, 1, 814), (8573, 1, 8574), (8574, 1, 12655)}, 0.28613648920821105, 'baseline'), ({(8574, 1, 814), (8574, 1, 12655)}, 0.053291778073199854, 'baseline'), ({(8574, 1, 814), (8574, 1, 12655)}, 0.040469507633025696, 'baseline'), ({(8574, 1, 814), (8574, 1, 12655), (8574, 1, 29585)}, -0.007800360285348616, 'baseline')]",[4],"[(814, 1, 815), (8573, 1, 815), (814, 1, 8574), (8573, 1, 8574), (8574, 1, 814), (8574, 1, 12655), (815, 1, 12655)]",1,[0.06148432195186615],7
"(11590, 1, 29649)",0.8879063725471497,11609.0,6.913963443366811e-05,"[({(29649, 1, 11590)}, 0.8727078322713437, 'baseline'), ({(29649, 1, 11590)}, 0.7132839417292659, 'baseline'), ({(29649, 1, 11590)}, 0.6197888098543672, 'baseline'), ({(29649, 1, 11590)}, 0.6197634182784565, 'baseline'), ({(29649, 1, 11590)}, 0.5689852074908125, 'baseline'), ({(29649, 1, 11590)}, 0.37964169355301985, 'baseline'), ({(29649, 1, 11590)}, 0.22901944395759968, 'baseline')]",[11609],"[(29649, 1, 11590)]",1,[6.913963443366811e-05],1
"(15028, 1, 16314)",0.9558466672897339,4.0,0.06495437771081924,"[({(16314, 1, 15028), (21701, 1, 15028), (5116, 1, 15028), (15028, 1, 6422)}, 0.3599785383251425, 'baseline'), ({(16314, 1, 15028), (15028, 1, 21701)}, 0.32432017854581185, 'baseline'), ({(16314, 1, 15028), (15028, 1, 21701), (5116, 1, 15028), (15028, 1, 6422)}, 0.3056937865445801, 'baseline'), ({(16314, 1, 15028), (21701, 1, 15028), (15028, 1, 6422)}, 0.24699554929122616, 'baseline'), ({(16314, 1, 15028), (5116, 1, 15028), (15028, 1, 6422)}, 0.21734867568581612, 'baseline'), ({(16314, 1, 15028), (15028, 1, 21701)}, 0.14052401031973646, 'baseline'), ({(16314, 1, 15028), (15028, 1, 21701), (15028, 1, 6422)}, 0.04255340527739845, 'baseline'), ({(16314, 1, 15028), (15028, 1, 21701), (15028, 1, 6422)}, 0.03723559806351931, 'baseline'), ({(15028, 1, 21701), (5116, 1, 15028), (15028, 1, 6422)}, -0.0013482766408803265, 'baseline'), ({(15028, 1, 21701), (5116, 1, 15028), (15028, 1, 6422)}, -0.0036334591265921377, 'baseline')]",[4],"[(19324, 0, 21701), (5116, 1, 19324), (19324, 1, 16314), (15527, 1, 16314), (6422, 1, 15527), (15028, 1, 6422), (16314, 1, 15028), (5116, 1, 15028), (21701, 1, 15028)]",1,[0.06495437771081924],9
"(6572, 1, 6944)",0.8736011981964111,17.0,0.006997128948569298,"[({(6944, 1, 6572), (3377, 1, 6572), (6572, 1, 3377), (6572, 1, 11955)}, 0.7971071471936954, 'baseline'), ({(6944, 1, 6572), (3377, 1, 6572), (6572, 1, 3377)}, 0.7950193156238553, 'baseline'), ({(6944, 1, 6572), (6572, 1, 11955), (6572, 1, 3377), (11955, 1, 6572)}, 0.6673305480954771, 'baseline'), ({(6944, 1, 6572)}, 0.5893383462077644, 'baseline'), ({(6944, 1, 6572), (6572, 1, 3377)}, 0.5755211548773649, 'baseline'), ({(6944, 1, 6572), (6572, 1, 3377), (6572, 1, 11955)}, 0.5490080549317625, 'baseline'), ({(6944, 1, 6572), (6572, 1, 3377), (6572, 1, 11955)}, 0.3121430091351421, 'baseline'), ({(6572, 1, 3377), (6572, 1, 11955)}, 0.09458259778199278, 'baseline'), ({(6572, 1, 3377), (6572, 1, 11955)}, 0.025547365598998107, 'baseline'), ({(6572, 1, 3377), (6572, 1, 11955)}, -0.04559411573938625, 'baseline')]",[17],"[(2449, 1, 11955), (2449, 1, 6944), (3377, 1, 2449), (3377, 1, 6572), (6944, 1, 6572), (6572, 1, 3377), (6572, 1, 11955)]",1,[0.006997128948569298],7
"(21993, 1, 19504)",0.8004068732261658,108.0,0.003070709528401494,"[({(19504, 1, 21993)}, 0.6247727119215242, 'baseline'), ({(19504, 1, 21993)}, 0.5855524975117118, 'baseline'), ({(19504, 1, 21993)}, 0.5127374360634168, 'baseline'), ({(19504, 1, 21993)}, 0.4730641966629814, 'baseline'), ({(19504, 1, 21993)}, 0.4317216398008779, 'baseline'), ({(19504, 1, 21993)}, 0.4180854380914689, 'baseline'), ({(19504, 1, 21993)}, 0.4041559814596411, 'baseline'), ({(19504, 1, 21993)}, 0.3519471700201815, 'baseline'), ({(19504, 1, 21993)}, 0.3330908828683204, 'baseline')]",[108],"[(19504, 1, 21993)]",1,[0.003070709528401494],1
"(4185, 1, 13829)",0.8398572206497192,11998.0,6.328686868073419e-05,"[({(13829, 1, 4185)}, 0.9498223563638531, 'baseline'), ({(13829, 1, 4185)}, 0.8830779081837576, 'baseline'), ({(13829, 1, 4185)}, 0.8458592175599319, 'baseline'), ({(13829, 1, 4185)}, 0.8221592778610165, 'baseline'), ({(13829, 1, 4185)}, 0.808439957298452, 'baseline'), ({(13829, 1, 4185)}, 0.8042499891535403, 'baseline'), ({(13829, 1, 4185)}, 0.7962258925183572, 'baseline'), ({(13829, 1, 4185)}, 0.7857313024910936, 'baseline'), ({(13829, 1, 4185)}, 0.7726980910184709, 'baseline'), ({(13829, 1, 4185)}, 0.69876031614485, 'baseline')]",[11998],"[(13829, 1, 4185)]",1,[6.328686868073419e-05],1
"(18566, 1, 6657)",0.956963837146759,23393.0,2.361455699428916e-05,"[({(6657, 1, 18566)}, 0.9542317888940376, 'baseline'), ({(6657, 1, 18566)}, 0.7149641967197238, 'baseline')]",[23393],"[(6657, 1, 18566)]",1,[2.361455699428916e-05],1
"(29689, 1, 11565)",0.9941294193267822,12751.0,2.381456761213485e-05,"[({(11565, 1, 29689)}, 0.9978146464763958, 'baseline')]",[12751],"[(11565, 1, 29689)]",1,[2.381456761213485e-05],1
"(137, 1, 39790)",0.9594130516052246,14038.0,3.396817919565365e-05,"[({(39790, 1, 137)}, 0.9114368451155505, 'baseline'), ({(39790, 1, 137)}, 0.8869079239542499, 'baseline'), ({(39790, 1, 137)}, 0.8841894156004217, 'baseline'), ({(39790, 1, 137)}, 0.8110018245914637, 'baseline'), ({(39790, 1, 137)}, 0.8040507308294167, 'baseline'), ({(39790, 1, 137)}, 0.6960176680072633, 'baseline'), ({(39790, 1, 137)}, 0.6681325881956949, 'baseline'), ({(39790, 1, 137)}, 0.6507048454489336, 'baseline'), ({(39790, 1, 137)}, 0.6028309305738306, 'baseline'), ({(39790, 1, 137)}, 0.5978689630487607, 'baseline')]",[14038],"[(39790, 1, 137)]",1,[3.396817919565365e-05],1
"(3291, 1, 20544)",0.9723116159439087,1.0,0.9117134809494019,"[({(3291, 1, 25943), (25943, 1, 3291)}, 0.20714173783368586, 'baseline'), ({(3291, 1, 25943), (20544, 1, 3291)}, 0.18413464287341513, 'baseline'), ({(3291, 1, 25943)}, 0.05135391185565513, 'baseline'), ({(3291, 1, 25943)}, 0.047590116936789245, 'baseline'), ({(3291, 1, 25943)}, 0.042060355643999084, 'baseline'), ({(3291, 1, 25943)}, 0.03623066375570177, 'baseline'), ({(3291, 1, 25943)}, 0.03619627183668637, 'baseline'), ({(3291, 1, 25943), (2276, 0, 3291)}, 0.033903996417578616, 'baseline'), ({(3291, 1, 25943)}, 0.033795456356835195, 'baseline'), ({(3291, 1, 25943)}, 0.03331200312145865, 'baseline')]",[1],"[(28902, 1, 20544), (25943, 1, 3291), (3291, 1, 25943), (25943, 1, 28902)]",1,[0.9117134809494019],4
"(13298, 1, 26814)",0.9403150677680969,7680.0,7.35343128326349e-05,"[({(26814, 1, 13298), (13298, 1, 1848), (1848, 1, 13298)}, 0.8740956072848255, 'baseline'), ({(26814, 1, 13298), (1848, 1, 13298)}, 0.5306909513012616, 'baseline'), ({(26814, 1, 13298), (13298, 1, 1848)}, 0.5079518386633902, 'baseline'), ({(26814, 1, 13298)}, 0.330766301733401, 'baseline'), ({(26814, 1, 13298), (13298, 1, 1848)}, 0.29091487439321756, 'baseline'), ({(13298, 1, 1848)}, 0.05495778751514746, 'baseline'), ({(1848, 1, 13298)}, 0.005385140816942948, 'baseline'), ({(13298, 1, 1848)}, -0.0814317063903059, 'baseline'), ({(13298, 1, 1848)}, -0.09350510401388096, 'baseline')]",[7680],"[(2612, 1, 1848), (2612, 1, 26814), (13298, 1, 1848), (26814, 1, 13298), (1848, 1, 13298)]",1,[7.35343128326349e-05],5
"(2502, 1, 20104)",0.9245367050170898,2805.0,0.00025225814897567034,"[({(10452, 1, 2502), (20104, 1, 2502), (2502, 1, 10452)}, 0.7469264727329746, 'baseline'), ({(10452, 1, 2502), (20104, 1, 2502), (2502, 1, 10452)}, 0.6267909847905433, 'baseline'), ({(20104, 1, 2502), (2502, 1, 10452)}, 0.535034818663932, 'baseline'), ({(20104, 1, 2502), (2502, 1, 10452)}, 0.5199872682937212, 'baseline'), ({(20104, 1, 2502), (2502, 1, 10452)}, 0.5186664293751619, 'baseline'), ({(20104, 1, 2502), (2502, 1, 10452)}, 0.5173656175690052, 'baseline'), ({(20104, 1, 2502), (2502, 1, 10452)}, 0.3882474718626937, 'baseline'), ({(2502, 1, 10452)}, -0.01529129318205952, 'baseline'), ({(2502, 1, 10452)}, -0.02437003424850126, 'baseline'), ({(2502, 1, 10452)}, -0.030094702739996648, 'baseline')]",[2805],"[(5307, 1, 20104), (10452, 1, 5307), (2502, 1, 10452), (10452, 1, 2502), (20104, 1, 2502)]",1,[0.00025225814897567034],5
"(14834, 1, 5110)",0.41509827971458435,14.0,0.00839100033044815,"[({(1690, 1, 14834), (8390, 1, 14834)}, 0.2061075227268122, 'baseline'), ({(1690, 1, 14834), (8390, 1, 14834)}, 0.1909511194800508, 'baseline'), ({(1690, 1, 14834), (8390, 1, 14834)}, 0.18963630061287537, 'baseline'), ({(1690, 1, 14834), (8390, 1, 14834)}, 0.17581571201393548, 'baseline'), ({(1690, 1, 14834), (14834, 1, 1690)}, 0.17507458781379387, 'baseline'), ({(1690, 1, 14834), (8390, 1, 14834)}, 0.15218889268807761, 'baseline'), ({(1690, 1, 14834)}, 0.14375140815136375, 'baseline'), ({(1690, 1, 14834)}, 0.13371976759015752, 'baseline'), ({(1690, 1, 14834)}, 0.10196677135426133, 'baseline'), ({(1690, 1, 14834)}, 0.02543515984820118, 'baseline')]",[14],"[(8389, 1, 8390), (1690, 1, 14834), (8389, 1, 5110), (5110, 1, 28345), (28345, 1, 1690), (8390, 1, 14834)]",1,[0.00839100033044815],6
"(4225, 1, 13633)",0.9296045303344727,19288.0,4.2698255128925666e-05,"[({(13633, 1, 4225)}, 0.8380222198980052, 'baseline'), ({(13633, 1, 4225)}, 0.802702592906553, 'baseline'), ({(13633, 1, 4225)}, 0.7964762320114496, 'baseline'), ({(13633, 1, 4225)}, 0.7261877515005384, 'baseline'), ({(13633, 1, 4225)}, 0.6796865911010067, 'baseline')]",[19288],"[(13633, 1, 4225)]",1,[4.2698255128925666e-05],1
"(4747, 0, 22951)",0.09593500196933746,20250.0,1.4243877558328677e-05,"[({(4747, 5, 3149)}, 0.0008270113033104308, 'baseline')]",[20250],"[(4747, 5, 3149), (22951, 5, 3149)]",1,[1.4243877558328677e-05],2
"(25852, 1, 20593)",0.9246744513511658,15210.0,3.663877214421518e-05,"[({(20593, 1, 25852)}, 0.9639817976931593, 'baseline'), ({(20593, 1, 25852)}, 0.8871408588648882, 'baseline'), ({(20592, 6, 25852)}, -0.025764365738914285, 'baseline')]",[15210],"[(20593, 1, 25852)]",1,[3.663877214421518e-05],1
"(3453, 1, 18417)",0.9354263544082642,1.0,0.9221968650817871,[],[1],[],1,[0.9221968650817871],0
"(22848, 1, 33665)",0.8634375929832458,116.0,0.001127964467741549,"[({(33665, 1, 22848)}, 0.9638078116647357, 'baseline'), ({(33665, 1, 22848)}, 0.8707136396383476, 'baseline'), ({(33665, 1, 22848)}, 0.5873039204136224, 'baseline'), ({(33665, 1, 22848), (22848, 0, 239)}, 0.5662066177015536, 'baseline'), ({(33665, 1, 22848)}, 0.5368828011158779, 'baseline'), ({(33665, 1, 22848)}, 0.46661348393865265, 'baseline'), ({(22848, 0, 239)}, -0.01175471121963643, 'baseline')]",[116],"[(33665, 1, 22848)]",1,[0.001127964467741549],1
"(15028, 1, 5116)",0.9404630661010742,4.0,0.0675775557756424,"[({(16314, 1, 15028), (15028, 1, 21701), (5116, 1, 15028), (21701, 1, 15028)}, 0.8580107571228152, 'baseline'), ({(16314, 1, 15028), (15028, 1, 21701), (5116, 1, 15028)}, 0.6269053661082212, 'baseline'), ({(16314, 1, 15028), (15028, 1, 21701), (5116, 1, 15028), (6422, 1, 15028)}, 0.5312093925129252, 'baseline'), ({(15028, 1, 21701), (5116, 1, 15028), (21701, 1, 15028)}, 0.49985842189751456, 'baseline'), ({(15028, 1, 21701), (21701, 1, 15028), (5116, 1, 15028), (15028, 1, 6422)}, 0.38905630687681275, 'baseline'), ({(16314, 1, 15028), (15028, 1, 21701), (5116, 1, 15028), (15028, 1, 6422)}, 0.06930385063532649, 'baseline'), ({(15028, 1, 21701), (5116, 1, 15028), (15028, 1, 6422)}, 0.02780012316547494, 'baseline'), ({(15028, 1, 21701), (5116, 1, 15028), (15028, 1, 6422)}, 0.004763106751562669, 'baseline'), ({(16314, 1, 15028), (15028, 1, 21701), (15028, 1, 6422)}, -0.006386120842497441, 'baseline'), ({(15028, 1, 21701), (15028, 1, 6422)}, -0.009278734242319326, 'baseline')]",[4],"[(15028, 1, 21701), (19324, 0, 21701), (5116, 1, 19324), (19324, 1, 16314), (16314, 1, 15028), (5116, 1, 15028), (21701, 1, 15028)]",1,[0.0675775557756424],7
"(6144, 1, 19664)",0.9744139909744263,37449.0,4.980552148481365e-06,"[({(19664, 1, 6144)}, 0.994750014003815, 'baseline')]",[37449],"[(19664, 1, 6144)]",1,[4.980552148481365e-06],1
"(15107, 1, 15106)",0.9725252389907837,26604.0,1.5742094547022134e-05,"[({(15106, 1, 15107)}, 0.9755373503943132, 'baseline')]",[26604],"[(15106, 1, 15107)]",1,[1.5742094547022134e-05],1
"(758, 1, 10360)",0.9631841778755188,501.0,0.0006554067367687821,"[({(10360, 1, 758)}, 0.7849849927559883, 'baseline'), ({(10360, 1, 758)}, 0.697034523267337, 'baseline'), ({(10360, 1, 758)}, 0.6969457123122801, 'baseline'), ({(10360, 1, 758)}, 0.6765139550756488, 'baseline'), ({(10360, 1, 758)}, 0.6156358562077467, 'baseline'), ({(10360, 1, 758)}, 0.6153294287142431, 'baseline'), ({(10360, 1, 758)}, 0.6130487165430196, 'baseline'), ({(10360, 1, 758)}, 0.6062585553115019, 'baseline'), ({(10360, 1, 758)}, 0.6047942480296413, 'baseline'), ({(10360, 1, 758)}, 0.564802332293711, 'baseline')]",[501],"[(10360, 1, 758)]",1,[0.0006554067367687821],1
"(24179, 1, 10508)",0.9073452353477478,31009.0,1.8526678104535677e-05,"[({(10508, 1, 24179)}, 0.9528754851452746, 'baseline'), ({(10508, 1, 24179)}, 0.8744142537051195, 'baseline'), ({(10508, 1, 24179)}, 0.7930164207134609, 'baseline'), ({(10508, 1, 24179)}, 0.6890446992999573, 'baseline'), ({(10508, 1, 24179)}, 0.6738572567522283, 'baseline'), ({(10508, 1, 24179)}, 0.5544407203314327, 'baseline')]",[31009],"[(10508, 1, 24179)]",1,[1.8526678104535677e-05],1
"(9303, 9, 21981)",0.9587638974189758,21060.0,1.6416421203757636e-05,"[({(9303, 1, 26071), (9303, 0, 6139), (21981, 9, 9303)}, 0.9400066035979889, 'baseline'), ({(9303, 0, 6139), (21981, 9, 9303)}, 0.8749515299938745, 'baseline'), ({(9303, 1, 26071), (21981, 9, 9303)}, 0.8461291074139944, 'baseline'), ({(9303, 0, 6139), (21981, 9, 9303)}, 0.8394060609608053, 'baseline'), ({(21981, 9, 9303)}, 0.7866908180894289, 'baseline'), ({(21981, 9, 9303)}, 0.7756351099945437, 'baseline'), ({(9303, 0, 6139), (21981, 9, 9303)}, 0.7660814389470872, 'baseline'), ({(21981, 9, 9303)}, 0.6963095519723934, 'baseline'), ({(9303, 0, 6139), (21981, 9, 9303)}, 0.6315391505218001, 'baseline'), ({(21981, 9, 9303)}, 0.5397737456323491, 'baseline')]",[21060],"[(9303, 1, 26071), (21981, 1, 26071), (21981, 0, 6139), (9303, 0, 6139), (21981, 9, 9303)]",1,[1.6416421203757636e-05],5
"(33711, 5, 19257)",0.28957507014274597,1.0,0.4773784577846527,"[({(33711, 5, 9528)}, 0.24280966404938628, 'baseline'), ({(33711, 0, 21113)}, -0.013029207495687544, 'baseline')]",[1],"[(22365, 5, 19257), (33711, 5, 9528), (22365, 5, 9528)]",1,[0.4773784577846527],3
"(18247, 1, 33545)",0.9478031992912292,18700.0,2.7096291887573898e-05,"[({(33545, 1, 18247)}, 0.9802640584437202, 'baseline')]",[18700],"[(33545, 1, 18247)]",1,[2.7096291887573898e-05],1
"(20115, 2, 2580)",0.19860407710075378,313.0,0.0002846440766006708,"[({(20114, 6, 20115)}, 0.3045519403470859, 'baseline')]",[313],"[(39563, 2, 2580), (20114, 6, 20115), (20114, 6, 39563)]",1,[0.0002846440766006708],3
"(23239, 1, 15927)",0.9537962079048157,2345.0,0.00016546570986974984,"[({(15927, 1, 23239), (23239, 1, 1786)}, 0.8972563037420211, 'baseline'), ({(15927, 1, 23239), (23239, 0, 708)}, 0.832731055874228, 'baseline'), ({(15927, 1, 23239)}, 0.8230543608070929, 'baseline'), ({(15927, 1, 23239)}, 0.7840483056998441, 'baseline'), ({(15927, 1, 23239), (1786, 1, 23239)}, 0.7341392496600502, 'baseline'), ({(15927, 1, 23239)}, 0.7267901160779563, 'baseline'), ({(15927, 1, 23239), (23239, 1, 1786)}, 0.7196366048727804, 'baseline'), ({(23239, 1, 1786)}, -0.0028542476412367337, 'baseline'), ({(23239, 1, 1786)}, -0.019897242133371327, 'baseline'), ({(23239, 0, 708), (23239, 1, 1786)}, -0.023493309549854013, 'baseline')]",[2345],"[(15927, 1, 23239), (15927, 0, 1786), (23239, 1, 1786)]",1,[0.00016546570986974984],3
"(13338, 1, 18054)",0.926688015460968,4854.0,0.00015353311027865857,"[({(18054, 1, 13338)}, 0.9248681560367965, 'baseline'), ({(18054, 1, 13338)}, 0.9008569012301368, 'baseline'), ({(18054, 1, 13338)}, 0.8920126446246603, 'baseline'), ({(18054, 1, 13338), (14307, 0, 13338)}, 0.8809555655409768, 'baseline'), ({(18054, 1, 13338)}, 0.8779718165616719, 'baseline'), ({(18054, 1, 13338), (14307, 0, 13338)}, 0.8242798323162287, 'baseline'), ({(18054, 1, 13338)}, 0.8195546144270224, 'baseline'), ({(18054, 1, 13338), (35743, 0, 13338)}, 0.7341260770255836, 'baseline'), ({(18054, 1, 13338)}, 0.7149757004013061, 'baseline')]",[4854],"[(18054, 1, 13338)]",1,[0.00015353311027865857],1
"(865, 1, 17946)",0.8343851566314697,1.0,0.9802788496017456,[],[1],[],1,[0.9802788496017456],0
"(12141, 1, 2443)",0.9717803597450256,9.0,0.0012424066662788391,"[({(2443, 1, 12141)}, 0.9919258863009673, 'baseline'), ({(12141, 0, 3556)}, -0.0022627907102215606, 'baseline')]",[9],"[(2443, 1, 12141)]",1,[0.0012424066662788391],1
"(27198, 1, 6242)",0.9874051213264465,40424.0,5.892932222195668e-07,"[({(19791, 9, 27198), (27198, 9, 19791), (6242, 1, 27198)}, 0.9959562928250613, 'baseline'), ({(27198, 9, 19791), (6242, 1, 27198)}, 0.9180558218075562, 'baseline'), ({(6242, 1, 27198)}, 0.8991598973275643, 'baseline'), ({(19791, 9, 27198), (6242, 1, 27198)}, 0.570885940034153, 'baseline'), ({(19791, 9, 27198)}, -0.0015026526911388076, 'baseline'), ({(19791, 9, 27198), (27198, 9, 19791)}, -0.0031779604472124807, 'baseline'), ({(27198, 9, 19791)}, -0.003355820716233676, 'baseline')]",[40424],"[(19791, 9, 27198), (6242, 1, 19791), (27198, 9, 19791), (6242, 1, 27198)]",1,[5.892932222195668e-07],4
"(33234, 2, 2524)",0.04805701971054077,31.0,0.0005943555734120309,"[({(33234, 2, 4090)}, 0.12055367522593653, 'baseline')]",[31],"[(33234, 2, 4090), (28149, 2, 4090), (28149, 2, 2524)]",1,[0.0005943555734120309],3
"(18272, 1, 19427)",0.9453070163726807,1234.0,0.0002588954521343112,"[({(19427, 1, 18272), (18272, 1, 170), (170, 1, 18272)}, 0.9301291600966102, 'baseline'), ({(19427, 1, 18272), (18272, 1, 170), (18272, 1, 23137), (170, 1, 18272)}, 0.919321168839454, 'baseline'), ({(170, 1, 18272), (19427, 1, 18272), (18272, 1, 170), (23137, 1, 18272)}, 0.8833196646117808, 'baseline'), ({(19427, 1, 18272), (18272, 1, 170), (170, 1, 18272)}, 0.8751444702358165, 'baseline'), ({(19427, 1, 18272), (18272, 1, 170), (23137, 1, 18272)}, 0.5775111155655254, 'baseline'), ({(19427, 1, 18272), (18272, 1, 170)}, 0.4837354845737045, 'baseline'), ({(19427, 1, 18272), (18272, 1, 170)}, 0.46015049259567475, 'baseline'), ({(19427, 1, 18272), (18272, 1, 23137)}, 0.3143535666206791, 'baseline'), ({(19427, 1, 18272), (18272, 1, 170), (18272, 1, 23137)}, 0.11503950796639843, 'baseline'), ({(18272, 1, 170), (18272, 1, 23137)}, -0.03502019220062646, 'baseline')]",[1234],"[(169, 1, 170), (169, 1, 19427), (170, 1, 18272), (19427, 1, 18272), (18272, 1, 170)]",1,[0.0002588954521343112],5
"(23961, 0, 6776)",0.72646164894104,39940.0,5.026661710871849e-06,"[({(23961, 5, 6776)}, 0.8191590183816566, 'baseline')]",[39940],"[(23961, 5, 6776)]",1,[5.026661710871849e-06],1
"(3072, 1, 15159)",0.8955927491188049,7528.0,0.00010021612251875922,"[({(15159, 1, 3072)}, 0.6671805827786292, 'baseline'), ({(15159, 1, 3072)}, 0.4664811019750238, 'baseline')]",[7528],"[(15159, 1, 3072)]",1,[0.00010021612251875922],1
"(7117, 1, 8643)",0.94145667552948,14.0,0.0036831204779446125,"[({(8643, 1, 7117), (7118, 9, 7117), (7117, 1, 25743), (25743, 1, 7117)}, 0.9239141836428617, 'baseline'), ({(8643, 1, 7117), (25743, 1, 7117), (7117, 1, 25743)}, 0.8449675320296817, 'baseline'), ({(8643, 1, 7117), (7117, 9, 7118), (7049, 1, 7117), (25743, 1, 7117)}, 0.735465453009662, 'baseline'), ({(8643, 1, 7117), (7117, 9, 7118), (7049, 1, 7117)}, 0.7270937421168097, 'baseline'), ({(7118, 9, 7117), (8643, 1, 7117), (7117, 9, 7118), (7049, 1, 7117)}, 0.6776487083073659, 'baseline'), ({(8643, 1, 7117), (25743, 1, 7117)}, 0.6312240803421647, 'baseline'), ({(8643, 1, 7117), (7049, 1, 7117)}, 0.624522968442141, 'baseline'), ({(8643, 1, 7117), (7117, 9, 7118), (25743, 1, 7117)}, 0.567794783537605, 'baseline'), ({(8643, 1, 7117), (7118, 9, 7117), (7049, 1, 7117), (25743, 1, 7117)}, 0.5265925954749038, 'baseline'), ({(7117, 1, 25743), (8643, 1, 7117), (7118, 9, 7117), (7049, 1, 7117)}, 0.5180376599551713, 'baseline')]",[14],"[(8643, 1, 7117), (7118, 1, 8643), (25743, 1, 7117), (7118, 1, 25743), (7118, 9, 7117), (7117, 1, 25743)]",1,[0.0036831204779446125],6
"(6813, 1, 5175)",0.9172292351722717,12091.0,6.705917621729895e-05,"[({(32633, 1, 6813), (6813, 1, 32633), (5175, 1, 6813)}, 0.7171152687944303, 'baseline'), ({(32633, 1, 6813), (6813, 1, 32633), (5175, 1, 6813)}, 0.6766862124759007, 'baseline'), ({(6813, 1, 32633), (5175, 1, 6813)}, 0.41868160370917085, 'baseline'), ({(6813, 1, 32633), (5175, 1, 6813)}, 0.2928782514274506, 'baseline'), ({(5176, 1, 6813), (6813, 1, 32633), (5175, 1, 6813)}, 0.28835747746975915, 'baseline'), ({(32633, 1, 6813), (6813, 1, 32633)}, 0.2040165470642101, 'baseline'), ({(32633, 1, 6813), (6813, 1, 32633)}, 0.1754181191974778, 'baseline'), ({(6813, 1, 32633), (5175, 1, 6813)}, 0.16454205965061172, 'baseline'), ({(6813, 1, 32633), (5175, 1, 6813)}, 0.11246554097941269, 'baseline'), ({(5176, 1, 6813), (6813, 1, 32633)}, -0.017484744097006236, 'baseline')]",[12091],"[(5175, 0, 5176), (5175, 1, 6813), (32633, 0, 5176), (6813, 1, 32633), (32633, 1, 6813)]",1,[6.705917621729895e-05],5
"(4666, 1, 4665)",0.9331414699554443,3877.0,0.00021263376402202994,"[({(4665, 1, 4666)}, 0.8468649863501742, 'baseline'), ({(4665, 1, 4666)}, 0.7686896786192149, 'baseline'), ({(4665, 1, 4666)}, 0.7093235707046797, 'baseline'), ({(4665, 1, 4666)}, 0.6744800060914171, 'baseline'), ({(4665, 1, 4666)}, 0.6370820249172381, 'baseline'), ({(4665, 1, 4666)}, 0.6040498455568525, 'baseline'), ({(4665, 1, 4666)}, 0.5668735937116374, 'baseline'), ({(4665, 1, 4666)}, 0.5378250313544802, 'baseline'), ({(4665, 1, 4666)}, 0.44247586752083873, 'baseline')]",[3877],"[(4665, 1, 4666)]",1,[0.00021263376402202994],1
"(11813, 1, 30361)",0.9786085486412048,1.0,0.906939685344696,[],[1],[],1,[0.906939685344696],0
"(11366, 1, 26527)",0.8748989105224609,4.0,0.031260475516319275,"[({(26527, 1, 11366), (11366, 1, 42)}, 0.713849351453286, 'baseline'), ({(26527, 1, 11366), (11366, 1, 42)}, 0.6961430761566406, 'baseline'), ({(26527, 1, 11366), (4958, 1, 11366), (11366, 1, 42)}, 0.6938181969470409, 'baseline'), ({(26527, 1, 11366), (11366, 1, 4958)}, 0.6349342311257127, 'baseline'), ({(26527, 1, 11366), (11366, 1, 4958), (11366, 1, 42)}, 0.46533320596203365, 'baseline'), ({(11366, 1, 4958), (11366, 1, 42)}, 0.0424318713936524, 'baseline'), ({(11366, 1, 4958), (11366, 1, 42)}, 0.006804685066579881, 'baseline'), ({(11366, 1, 4958), (11366, 1, 42)}, 0.0017783445798817872, 'baseline'), ({(11366, 1, 4958), (11366, 1, 42)}, -0.01548739249038655, 'baseline'), ({(11366, 1, 4958), (11366, 1, 42)}, -0.05167718700349544, 'baseline')]",[4],"[(26527, 1, 11366), (10271, 1, 42), (10271, 1, 26527), (11366, 1, 42)]",1,[0.031260475516319275],4
"(699, 1, 22618)",0.9501182436943054,16048.0,2.753763328655623e-05,"[({(22618, 1, 699)}, 0.9624935888237712, 'baseline')]",[16048],"[(22618, 1, 699)]",1,[2.753763328655623e-05],1
"(28826, 1, 3712)",0.9186691641807556,2.0,0.02333803102374077,"[({(28826, 1, 274), (3712, 1, 28826), (274, 1, 28826)}, 0.9672567749275477, 'baseline'), ({(3712, 1, 28826), (274, 1, 28826)}, 0.9009753952771783, 'baseline'), ({(28826, 1, 274), (3712, 1, 28826)}, 0.7263612010468826, 'baseline'), ({(3712, 1, 28826)}, 0.7172503328784497, 'baseline'), ({(6595, 1, 28826), (3712, 1, 28826)}, 0.5746210055543092, 'baseline'), ({(274, 1, 28826)}, 0.014397065119942525, 'baseline'), ({(6595, 1, 28826), (274, 1, 28826)}, -0.0033335881797609285, 'baseline'), ({(6595, 1, 28826)}, -0.018477995932207197, 'baseline'), ({(28826, 1, 274), (274, 1, 28826)}, -0.027149220042259146, 'baseline'), ({(28826, 1, 274)}, -0.028059084922822865, 'baseline')]",[2],"[(274, 1, 14534), (28826, 1, 274), (3712, 1, 28826), (274, 1, 28826), (14534, 1, 3712)]",1,[0.02333803102374077],5
"(22728, 1, 16506)",0.978472113609314,10987.0,9.0894154709531e-06,"[({(16506, 1, 22728), (22728, 9, 34810)}, 0.9930124789061324, 'baseline'), ({(16506, 1, 22728)}, 0.9712073112551335, 'baseline'), ({(22728, 9, 34810)}, -0.004771192633835885, 'baseline')]",[10987],"[(34810, 1, 16506), (16506, 1, 22728), (22728, 9, 34810)]",1,[9.0894154709531e-06],3
"(22584, 1, 12684)",0.969196081161499,15102.0,3.95672868762631e-05,"[({(12684, 1, 22584), (22584, 9, 22585)}, 0.9873364477503556, 'baseline'), ({(12684, 1, 22584)}, 0.8808097129831376, 'baseline'), ({(22584, 9, 22585)}, 0.004613022246220596, 'baseline'), ({(22585, 9, 22584)}, -0.0006236630231446796, 'baseline')]",[15102],"[(12684, 1, 22584), (22585, 1, 12684), (22584, 9, 22585)]",1,[3.95672868762631e-05],3
"(4547, 1, 21674)",0.9718466401100159,2.0,0.9166464805603027,"[({(4547, 1, 14510)}, 0.10979155735137987, 'baseline'), ({(4547, 1, 14510)}, 0.07525978519523562, 'baseline'), ({(4547, 1, 14510)}, 0.043653885792460025, 'baseline'), ({(4547, 1, 14510)}, 0.03001425692051732, 'baseline'), ({(4547, 1, 14510)}, 0.025514583057889728, 'baseline'), ({(4547, 1, 14510)}, 0.025237540660402506, 'baseline'), ({(4547, 1, 14510)}, 0.015379170867885823, 'baseline')]",[2],"[(4547, 1, 14510), (14509, 1, 21674), (14509, 1, 14510)]",1,[0.9166464805603027],3
"(8310, 6, 12531)",0.4837391674518585,16.0,0.08409043401479721,"[({(8310, 6, 22600), (8310, 6, 8984)}, 0.4427244486991357, 'baseline'), ({(8310, 6, 22600)}, 0.34428457563974646, 'baseline'), ({(8310, 6, 8984)}, 0.3304798120116943, 'baseline'), ({(8310, 6, 2349)}, 0.3156546466142608, 'baseline'), ({(8310, 6, 26961)}, 0.054646174405293485, 'baseline'), ({(8310, 6, 11942)}, -0.07821043300244777, 'baseline')]",[16],"[(11942, 6, 12531), (8310, 6, 22600), (8310, 6, 8984), (11942, 6, 22600), (11942, 6, 8984)]",1,[0.08409043401479721],5
"(19459, 1, 8641)",0.974579930305481,40743.0,5.060244347987464e-07,"[({(8641, 1, 19459)}, 0.9968641312277707, 'baseline')]",[40743],"[(8641, 1, 19459)]",1,[5.060244347987464e-07],1
"(17190, 1, 757)",0.8933057188987732,12106.0,5.3588948503602296e-05,"[({(17190, 1, 8831), (757, 1, 17190)}, 0.4602403466281629, 'baseline'), ({(17190, 1, 8831), (757, 1, 17190), (8831, 1, 17190)}, 0.3718969043625577, 'baseline'), ({(17190, 1, 8831), (757, 1, 17190)}, 0.23875246528785543, 'baseline'), ({(17190, 1, 8831), (757, 1, 17190)}, 0.2330289888417646, 'baseline'), ({(17190, 1, 8831), (8831, 1, 17190)}, 0.17552808975581982, 'baseline'), ({(17190, 1, 8831), (8831, 1, 17190)}, 0.1543302342580246, 'baseline'), ({(17190, 1, 8831), (757, 1, 17190)}, 0.1496975227943074, 'baseline'), ({(17190, 1, 8831), (757, 1, 17190)}, 0.12020472723411983, 'baseline'), ({(17190, 1, 8831), (757, 1, 17190)}, 0.11968378268357638, 'baseline'), ({(17190, 1, 8831), (757, 1, 17190)}, 0.10781965690234595, 'baseline')]",[12106],"[(17190, 1, 8831), (757, 1, 17190), (757, 0, 758), (8831, 0, 758)]",1,[5.3588948503602296e-05],4
"(6067, 1, 28605)",0.8763036727905273,6526.0,3.299815216450952e-05,"[({(28605, 1, 6067)}, 0.9806931522886413, 'baseline')]",[6526],"[(28605, 1, 6067)]",1,[3.299815216450952e-05],1
"(3929, 1, 27247)",0.9612560868263245,19226.0,2.802368726406712e-05,"[({(27247, 1, 3929)}, 0.3746117767392668, 'baseline'), ({(27247, 1, 3929)}, 0.27654103543177666, 'baseline'), ({(27247, 1, 3929)}, 0.2682030012155011, 'baseline'), ({(27247, 1, 3929)}, 0.2343991804235643, 'baseline')]",[19226],"[(27247, 1, 3929)]",1,[2.802368726406712e-05],1
"(2887, 1, 7436)",0.9470379948616028,28843.0,2.410219531157054e-05,"[({(7436, 1, 2887)}, 0.9399167198162506, 'baseline'), ({(7436, 1, 2887)}, 0.9105654251947894, 'baseline'), ({(7436, 1, 2887)}, 0.8673787000778107, 'baseline'), ({(7436, 1, 2887)}, 0.7936845888007059, 'baseline'), ({(7436, 1, 2887)}, 0.771469877696991, 'baseline'), ({(7436, 1, 2887)}, 0.7408541302182947, 'baseline'), ({(7436, 1, 2887)}, 0.7340186098622976, 'baseline'), ({(7436, 1, 2887)}, 0.4422553601410817, 'baseline')]",[28843],"[(7436, 1, 2887)]",1,[2.410219531157054e-05],1
"(8734, 1, 1538)",0.9375073909759521,58.0,0.004075388889759779,"[({(1538, 1, 8734), (2613, 1, 8734), (8734, 1, 2613)}, 0.41299394963823405, 'baseline'), ({(1538, 1, 8734), (8734, 1, 2613)}, 0.3824304756930879, 'baseline'), ({(1538, 1, 8734), (8734, 1, 2613)}, 0.3225671463597884, 'baseline'), ({(8718, 0, 8734), (8734, 1, 2613)}, -0.019916255977772926, 'baseline'), ({(8733, 0, 8734), (8734, 1, 2613)}, -0.03141589932050239, 'baseline'), ({(25180, 0, 8734), (8734, 1, 2613)}, -0.036492128904041944, 'baseline'), ({(9950, 0, 8734), (8734, 1, 2613)}, -0.039249976186224056, 'baseline'), ({(8734, 1, 2613)}, -0.0418166118129805, 'baseline'), ({(8734, 1, 2613)}, -0.04315241150890166, 'baseline'), ({(8734, 1, 2613), (16818, 0, 8734)}, -0.04323597718756335, 'baseline')]",[58],"[(2613, 1, 8734), (8734, 1, 2613), (1538, 1, 8734), (36536, 0, 1538), (2613, 1, 36536)]",1,[0.004075388889759779],5
"(17492, 1, 20700)",0.8671815395355225,3646.0,0.00017079409735742956,"[({(20700, 1, 17492)}, 0.8862212784032175, 'baseline'), ({(20700, 1, 17492)}, 0.5784552531727339, 'baseline'), ({(20700, 1, 17492)}, 0.38568113423921524, 'baseline'), ({(20700, 1, 17492)}, 0.3743718680602169, 'baseline'), ({(20700, 1, 17492)}, 0.3495881969908619, 'baseline'), ({(20700, 1, 17492)}, 0.31264201925909757, 'baseline'), ({(20700, 1, 17492)}, 0.3057346157498515, 'baseline')]",[3646],"[(20700, 1, 17492)]",1,[0.00017079409735742956],1
"(3648, 1, 3647)",0.9578153491020203,33707.0,7.750791155558545e-06,"[({(3648, 1, 8714), (3647, 1, 3648), (8714, 1, 3648)}, 0.9421294827278696, 'baseline'), ({(3647, 1, 3648)}, 0.48554520076277186, 'baseline'), ({(3647, 1, 3648), (8714, 1, 3648)}, 0.43946878338257994, 'baseline'), ({(3647, 1, 3648)}, 0.3060922436135225, 'baseline'), ({(3648, 1, 8714), (3647, 1, 3648)}, 0.23494432451996963, 'baseline'), ({(8714, 1, 3648)}, -0.022173603126059423, 'baseline'), ({(8714, 1, 3648)}, -0.024571915190755203, 'baseline'), ({(3648, 1, 8714)}, -0.053614397574831336, 'baseline'), ({(3648, 1, 8714)}, -0.055065413002616505, 'baseline')]",[33707],"[(3647, 1, 3648), (3648, 1, 8714), (3647, 1, 23848), (8714, 1, 23848), (8714, 1, 3648)]",1,[7.750791155558545e-06],5
"(15168, 1, 35514)",0.949526846408844,27584.0,1.6790758309070952e-05,"[({(35514, 1, 15168)}, 0.9763018992112468, 'baseline')]",[27584],"[(35514, 1, 15168)]",1,[1.6790758309070952e-05],1
"(36622, 2, 2580)",0.673927366733551,3.0,0.03675367683172226,"[({(4502, 6, 36622)}, 0.026146653074860124, 'baseline'), ({(637, 8, 36622)}, 0.014272157985388759, 'baseline')]",[3],"[(4502, 6, 36622), (4503, 2, 2580), (4502, 6, 4503)]",1,[0.03675367683172226],3
"(3447, 1, 9780)",0.9036061763763428,7.0,0.018626142293214798,"[({(9780, 1, 3447), (3447, 1, 2835), (3447, 1, 7044)}, 0.6406596149501428, 'baseline'), ({(9780, 1, 3447), (3447, 1, 2835), (3447, 1, 7044)}, 0.5347800088070853, 'baseline'), ({(9780, 1, 3447), (3447, 1, 2835)}, 0.407272440153127, 'baseline'), ({(9780, 1, 3447), (3447, 1, 2835)}, 0.25200108780230285, 'baseline'), ({(3447, 1, 2835), (3447, 1, 7044), (2835, 1, 3447)}, 0.20685897337757914, 'baseline'), ({(3447, 1, 2835), (3447, 1, 7044)}, 0.16125033354077556, 'baseline'), ({(3447, 1, 2835), (7044, 1, 3447), (3447, 1, 7044)}, 0.13028661455234536, 'baseline'), ({(3447, 1, 2835), (3447, 1, 7044)}, 0.12466088972764433, 'baseline'), ({(3447, 1, 2835), (3447, 1, 7044)}, 0.09832553106441604, 'baseline'), ({(3447, 1, 2835), (3447, 1, 7044)}, 0.04935507006612704, 'baseline')]",[7],"[(2834, 1, 2835), (7044, 1, 2834), (3447, 1, 7044), (2834, 1, 9780), (9780, 1, 3447), (3447, 1, 2835)]",1,[0.018626142293214798],6
"(34310, 0, 184)",0.5521760582923889,2801.0,0.00016218725068029016,"[({(1038, 4, 34310)}, 0.13608289806642984, 'baseline')]",[2801],"[(20385, 0, 184), (1038, 4, 20385), (1038, 4, 34310)]",1,[0.00016218725068029016],3
"(4697, 1, 3858)",0.8556263446807861,31076.0,1.2477778909669723e-05,"[({(4697, 1, 3857), (3858, 1, 4697)}, 0.8964031228394201, 'baseline'), ({(3858, 1, 4697), (3857, 1, 4697)}, 0.8736720566377968, 'baseline'), ({(3858, 1, 4697)}, 0.8689901712935268, 'baseline'), ({(3858, 1, 4697)}, 0.8657756331241792, 'baseline'), ({(3857, 1, 4697)}, 0.0030470294700932704, 'baseline'), ({(4697, 1, 3857)}, -0.03317781261992741, 'baseline')]",[31076],"[(4697, 1, 3857), (3858, 1, 3857), (3858, 1, 4697)]",1,[1.2477778909669723e-05],3
"(624, 1, 34337)",0.9748260378837585,28446.0,1.7934860807145014e-05,"[({(34337, 1, 624)}, 0.5746753053393695, 'baseline'), ({(34337, 1, 624)}, 0.4889560766273583, 'baseline'), ({(34337, 1, 624)}, 0.4286459507257296, 'baseline'), ({(34337, 1, 624)}, 0.3316951805099713, 'baseline')]",[28446],"[(34337, 1, 624)]",1,[1.7934860807145014e-05],1
"(14841, 1, 11642)",0.9237152934074402,7617.0,7.923431985545903e-05,"[({(14841, 1, 27207), (27207, 1, 14841), (11642, 1, 14841), (14841, 1, 19445)}, 0.8861452228951537, 'baseline'), ({(14841, 1, 27207), (27207, 1, 14841), (11642, 1, 14841)}, 0.7766308651637104, 'baseline'), ({(27207, 1, 14841), (11642, 1, 14841), (14841, 1, 19445)}, 0.7694849238256223, 'baseline'), ({(14841, 1, 27207), (27207, 1, 14841), (19445, 1, 14841), (11642, 1, 14841)}, 0.7223344899938651, 'baseline'), ({(14841, 1, 27207), (27207, 1, 14841), (11642, 1, 14841)}, 0.6953646394774845, 'baseline'), ({(27207, 1, 14841), (19445, 1, 14841), (11642, 1, 14841), (14841, 1, 19445)}, 0.6909230204746134, 'baseline'), ({(14841, 1, 27207), (14841, 1, 19445), (19445, 1, 14841), (11642, 1, 14841)}, 0.6563138810095485, 'baseline'), ({(14841, 1, 27207), (14841, 1, 19445), (11642, 1, 14841)}, 0.3867681441735945, 'baseline'), ({(14841, 1, 27207), (14841, 1, 19445), (11642, 1, 14841)}, 0.2995208314555855, 'baseline'), ({(14841, 1, 27207), (14841, 1, 19445)}, -0.05667640733276713, 'baseline')]",[7617],"[(27207, 1, 14841), (27207, 0, 11643), (14841, 1, 19445), (14841, 1, 27207), (11642, 0, 11643), (19445, 0, 11643), (11642, 1, 14841)]",1,[7.923431985545903e-05],7
