original_score,original_rank,#facts,new_scores,new_score,prediction,facts,new_ranks,new_rank
0.393696665763855,1,6,"[0.30188947916030884, 0.5164439082145691]",0.40916669368743896,"(11761, 113, 5770)","[([(4413, 63, 11761), (11761, 199, 9277)], 0.07422760411904376, 'kelpie'), ([(11761, 150, 32), (4413, 63, 11761), (11761, 199, 9277)], 0.07047012727856787, 'kelpie'), ([(11761, 172, 5721), (11761, 113, 737)], 0.06933625322226357, 'kelpie'), ([(3529, 150, 32), (11761, 150, 32), (3529, 113, 5770)], 0.048899997, 'xrule'), ([(6451, 13, 32), (11761, 150, 32), (6451, 26, 5770)], 0.032499995, 'xrule'), ([(11761, 129, 90), (3529, 208, 90), (11761, 213, 90), (3529, 113, 5770), (3529, 213, 90)], 0.030799996, 'xrule')]","[3, 2]",2.5
0.987588107585907,1,6,"[0.9312883615493774, 0.8927194476127625]",0.91200390458107,"(5914, 137, 9633)","[([(5914, 137, 7372), (5914, 137, 10608), (5914, 137, 5101)], 0.07374457547690677, 'kelpie'), ([(5914, 137, 7372), (5914, 137, 5178)], 0.022601882888451736, 'kelpie'), ([(5914, 137, 7372), (5914, 137, 5101), (5914, 137, 1074)], 0.016088287329304486, 'kelpie'), ([(5100, 137, 4738), (5914, 137, 4738), (5100, 137, 9633)], 0.0056000003, 'xrule'), ([(5914, 137, 9084), (1073, 137, 9633), (1073, 137, 9084)], 0.0038000005, 'xrule'), ([(7439, 137, 9633), (7439, 137, 7440), (5914, 137, 7440)], 0.0037000002, 'xrule')]","[1, 8]",4.5
0.9600799083709717,1,6,"[0.9121456146240234, 0.7769562005996704]",0.8445509076118469,"(2937, 48, 32)","[([(2937, 6, 941), (1174, 8, 2937), (2279, 71, 2937), (1892, 12, 2937)], 0.24036524776348733, 'kelpie'), ([(1892, 12, 2937)], 0.20310703979020844, 'kelpie'), ([(2937, 6, 941), (1174, 8, 2937), (1892, 12, 2937)], 0.1950394915226632, 'kelpie'), ([(4353, 15, 13460), (32, 15, 13460), (2937, 143, 4353)], 0.07960001, 'xrule'), ([(5900, 28, 32), (2960, 7, 5900), (2937, 19, 2960), (5900, 30, 2960)], 0.07370001, 'xrule'), ([(7642, 48, 32), (7642, 19, 559), (2937, 19, 559)], 0.05770001, 'xrule')]","[1, 1]",1.0
0.947867214679718,1,3,"[0.992979109287262, 0.9918009638786316]",0.9923900365829468,"(8617, 60, 90)","[([(8617, 6, 4174), (8617, 38, 12110), (2222, 119, 8617), (8617, 6, 4262)], 0.03575722406927317, 'kelpie'), ([(8617, 6, 4262)], 0.02015839047018669, 'kelpie'), ([(2222, 119, 8617), (8617, 6, 4262)], 0.01965806910149123, 'kelpie')]","[1, 1]",1.0
0.9039296507835388,1,6,"[0.9401139616966248, 0.970490038394928]",0.9553020000457764,"(1803, 156, 6317)","[([(846, 106, 1803), (9674, 163, 1803), (5963, 66, 1803), (1803, 127, 855)], 0.5255195330858831, 'kelpie'), ([(9674, 163, 1803), (5963, 66, 1803), (1803, 156, 4922)], 0.35476655913396793, 'kelpie'), ([(9674, 163, 1803), (1803, 156, 4922)], 0.09048334790947417, 'kelpie'), ([(1803, 156, 1503), (1652, 156, 6317), (1652, 156, 1503)], 0.012200001, 'xrule'), ([(1803, 156, 4922), (4994, 156, 6317), (4994, 156, 4922)], 0.0112000005, 'xrule'), ([(1803, 156, 1503), (2635, 156, 6317), (2635, 156, 1503)], 0.010800001, 'xrule')]","[3, 1]",2.0
0.9906078577041626,1,4,"[0.9682970643043518, 0.8364313244819641]",0.902364194393158,"(434, 161, 5949)","[([(4925, 85, 434), (3166, 85, 434), (2187, 85, 434)], 0.01364735788352586, 'kelpie'), ([(2810, 85, 434), (4925, 85, 434), (3166, 85, 434), (383, 85, 434)], 0.00742522902360315, 'kelpie'), ([(9201, 85, 434), (4925, 85, 434), (3032, 85, 434)], 0.005600194425894236, 'kelpie'), ([(5949, 122, 4359), (4027, 8, 4359), (4359, 8, 4027), (4027, 85, 434)], -0.0025000002, 'xrule')]","[1, 13]",7.0
0.7389125823974609,1,6,"[0.25365063548088074, 0.30385053157806396]",0.27875058352947235,"(2592, 17, 2123)","[([(1627, 196, 2592)], 0.14590256959927575, 'kelpie'), ([(3876, 21, 2592)], 0.13818230771305354, 'kelpie'), ([(2202, 27, 2592)], 0.133119533889366, 'kelpie'), ([(5933, 20, 10154), (10154, 17, 2123), (5933, 20, 2592)], 0.066900015, 'xrule'), ([(6013, 17, 1415), (2592, 17, 1415), (6013, 17, 2123)], 0.018900007, 'xrule'), ([(2592, 17, 1415), (198, 17, 2123), (198, 17, 1415)], -0.0038000047, 'xrule')]","[3, 1]",2.0
0.9868510365486145,1,6,"[0.9869057536125183, 0.9303618669509888]",0.9586338102817535,"(6054, 14, 160)","[([(1792, 97, 6054), (3596, 38, 6054), (6054, 31, 1211)], 0.16922996496923032, 'kelpie'), ([(6054, 97, 1792), (3596, 38, 6054), (2146, 6, 6054), (6054, 97, 3969)], 0.13854150025600723, 'kelpie'), ([(7025, 97, 6054), (6054, 97, 1792), (3596, 38, 6054), (6054, 97, 3969)], 0.11490486104102195, 'kelpie'), ([(2573, 34, 90), (2573, 14, 160), (6054, 34, 90)], -0.0022999942, 'xrule'), ([(2030, 34, 90), (2030, 14, 160), (6054, 34, 90)], -0.0031999946, 'xrule'), ([(268, 32, 6054), (268, 32, 2573), (2573, 86, 268), (2573, 14, 160)], -0.0075999945, 'xrule')]","[1, 1]",1.0
0.846180260181427,1,6,"[0.9203083515167236, 0.92215895652771]",0.9212336540222168,"(5839, 48, 32)","[([(5839, 38, 2538), (1060, 47, 5839)], 0.34125934189390655, 'kelpie'), ([(5839, 39, 150), (5840, 8, 5839), (5839, 19, 1060)], 0.28257022406582866, 'kelpie'), ([(5840, 8, 5839), (1060, 47, 5839), (5839, 17, 2044)], 0.23938016181526406, 'kelpie'), ([(32, 139, 90), (2538, 183, 5839), (2538, 34, 90), (32, 206, 90), (32, 234, 90), (5839, 38, 2538)], 0.11649999, 'xrule'), ([(10512, 48, 32), (5839, 38, 2538), (2538, 183, 5839), (10512, 6, 2538)], 0.10949999, 'xrule'), ([(3825, 133, 32), (6838, 24, 3825), (5839, 8, 6838)], 0.0952, 'xrule')]","[1, 1]",1.0
0.9179816246032715,1,6,"[0.8205999732017517, 0.8416601419448853]",0.8311300575733185,"(7681, 48, 32)","[([(7681, 202, 1669), (7681, 43, 141)], 0.4177610099958241, 'kelpie'), ([(7681, 102, 3044), (7681, 17, 818), (7681, 43, 141)], 0.36760352219479575, 'kelpie'), ([(7681, 102, 3044), (7681, 202, 1669), (7681, 43, 141)], 0.3636671122086167, 'kelpie'), ([(13860, 43, 141), (7681, 43, 141), (13860, 48, 32)], 0.08709997, 'xrule'), ([(7681, 17, 818), (9934, 48, 32), (9934, 17, 818)], 0.032999992, 'xrule'), ([(7337, 17, 393), (7337, 48, 32), (7681, 17, 393)], 0.031199992, 'xrule')]","[1, 1]",1.0
0.9878473281860352,1,6,"[0.9969785213470459, 0.9942574501037598]",0.9956179857254028,"(7268, 120, 791)","[([(9607, 120, 791), (7268, 33, 90), (9607, 33, 90)], 0.13010001, 'xrule'), ([(10375, 120, 791), (7268, 33, 90), (10375, 33, 90)], 0.1067, 'xrule'), ([(11950, 120, 791), (7268, 33, 90), (11950, 33, 90)], 0.09570001, 'xrule'), ([(7268, 154, 2438), (7268, 15, 3684), (1234, 15, 7268), (9731, 39, 7268)], 0.00654443350386397, 'kelpie'), ([(7268, 154, 2438), (7268, 15, 3684)], 0.0060762241114439685, 'kelpie'), ([(7268, 154, 2438)], 0.004213737749221958, 'kelpie')]","[1, 1]",1.0
0.9906631708145142,1,6,"[0.9958815574645996, 0.992266833782196]",0.9940741956233978,"(5818, 34, 90)","[([(6631, 102, 5818), (5818, 14, 6473), (5818, 31, 1211)], 0.02848039100237314, 'kelpie'), ([(5818, 13, 32), (3249, 13, 32), (3249, 34, 90), (3249, 28, 32)], 0.02760002, 'xrule'), ([(6631, 38, 5818), (5818, 223, 4624), (4624, 38, 5818), (2477, 173, 5818)], 0.02059863038821163, 'kelpie'), ([(5818, 106, 592), (6631, 102, 5818), (5818, 14, 6473), (2477, 173, 5818)], 0.0159808201159077, 'kelpie'), ([(3249, 34, 90), (5818, 11, 23), (3249, 11, 23)], -0.062000006, 'xrule'), ([(226, 219, 90), (5818, 13, 32), (226, 62, 32), (226, 135, 32), (226, 133, 32), (32, 15, 226)], -0.08249998, 'xrule')]","[1, 1]",1.0
0.6412914395332336,1,6,"[0.8605605363845825, 0.9233489036560059]",0.8919547200202942,"(9201, 48, 32)","[([(9201, 224, 5949), (8357, 53, 9201), (10937, 45, 9201), (9201, 77, 10522)], 0.5321893525218805, 'kelpie'), ([(9201, 224, 5949), (9201, 45, 10937)], 0.3423569614492223, 'kelpie'), ([(8357, 77, 9201), (9201, 45, 10937)], 0.32889310652214404, 'kelpie'), ([(9201, 85, 434), (3261, 48, 32), (3261, 85, 434)], 0.016900003, 'xrule'), ([(9201, 85, 434), (8914, 48, 32), (8914, 85, 434)], 0.0065999925, 'xrule'), ([(4677, 48, 32), (4677, 85, 1665), (9201, 85, 1665)], 0.004799992, 'xrule')]","[1, 1]",1.0
0.8457817435264587,1,6,"[0.16463430225849152, 0.6231290102005005]",0.393881656229496,"(2062, 43, 384)","[([(266, 8, 2062), (2062, 8, 5846)], 0.52663723938379, 'kelpie'), ([(2327, 8, 2062), (266, 8, 2062), (6906, 8, 2062), (361, 8, 2062)], 0.41659058336792637, 'kelpie'), ([(6906, 8, 2062)], 0.3807071861842703, 'kelpie'), ([(2062, 8, 8285), (8285, 8, 2062), (2788, 8, 8285), (2788, 43, 384)], 0.18809998, 'xrule'), ([(1039, 8, 2788), (2788, 8, 1039), (2062, 8, 1039), (2788, 43, 384)], 0.045699984, 'xrule'), ([(1352, 8, 2788), (2062, 8, 1352), (2788, 43, 384)], -0.0099000335, 'xrule')]","[2, 2]",2.0
0.9844846725463867,1,4,"[0.957630455493927, 0.9717817902565002]",0.9647061228752136,"(409, 100, 160)","[([(409, 6, 7056), (409, 19, 2248)], 0.15857688635074665, 'kelpie'), ([(409, 6, 7056), (7056, 13, 158), (160, 70, 158)], 0.07889998, 'xrule'), ([(409, 19, 2248), (409, 66, 6680), (409, 6, 3892)], 0.056869785288174345, 'kelpie'), ([(409, 19, 2248)], 0.05258737037135598, 'kelpie')]","[1, 1]",1.0
0.8271660208702087,1,3,"[0.9365814328193665, 0.9151038527488708]",0.9258426427841187,"(7739, 48, 32)","[([(7739, 6, 7849), (7739, 45, 920)], 0.19845024812456952, 'kelpie'), ([(3330, 71, 7739), (7739, 45, 8804)], 0.15425888747945976, 'kelpie'), ([(7739, 6, 7849), (7739, 45, 8804), (7739, 45, 920)], 0.1515241071457361, 'kelpie')]","[1, 1]",1.0
0.9874509572982788,1,4,"[0.9898619651794434, 0.9941322207450867]",0.991997092962265,"(8557, 25, 62)","[([(8139, 15, 8557)], 0.006781677641096266, 'kelpie'), ([(8139, 15, 8557), (7670, 25, 62), (7670, 160, 8139)], -0.4666, 'xrule'), ([(8139, 15, 8557), (8139, 15, 11478), (11478, 25, 62)], -0.49589998, 'xrule'), ([(8139, 15, 8557), (57, 25, 62), (8139, 23, 57)], -0.49799997, 'xrule')]","[1, 1]",1.0
0.9217239618301392,1,6,"[0.7827232480049133, 0.6535436511039734]",0.7181334495544434,"(6678, 43, 384)","[([(6678, 19, 601), (6678, 17, 862), (7027, 12, 6678)], 0.402052682570657, 'kelpie'), ([(6678, 19, 601)], 0.3816138920583076, 'kelpie'), ([(6678, 17, 862), (6678, 191, 10948)], 0.35501421647720094, 'kelpie'), ([(6678, 19, 1062), (4967, 43, 384), (1062, 47, 4967)], 0.07369995, 'xrule'), ([(6678, 19, 1062), (3860, 19, 1062), (3860, 43, 384)], 0.022799969, 'xrule'), ([(4269, 77, 4130), (4130, 164, 4269), (4269, 43, 384), (4269, 164, 4130), (4130, 77, 4269), (4130, 77, 6678)], 0.017099977, 'xrule')]","[2, 2]",2.0
0.9894706010818481,1,6,"[0.9943904280662537, 0.9938986301422119]",0.9941445291042328,"(9774, 25, 62)","[([(9774, 43, 141), (9774, 85, 434), (9774, 66, 2607), (9774, 24, 592)], 0.051915506820444636, 'kelpie'), ([(9774, 17, 243), (9774, 85, 434), (9774, 24, 592), (3086, 47, 9774)], 0.03459320495829218, 'kelpie'), ([(9774, 17, 243), (9774, 85, 434), (13930, 47, 9774), (9774, 66, 2607)], 0.03422282169601372, 'kelpie'), ([(3140, 43, 141), (3140, 25, 62), (9774, 43, 141)], 0.026700005, 'xrule'), ([(9774, 85, 434), (3140, 25, 62), (3140, 85, 434)], 0.014000006, 'xrule'), ([(6669, 43, 141), (6669, 25, 62), (9774, 43, 141)], 0.00500001, 'xrule')]","[1, 1]",1.0
0.6285704970359802,1,3,"[0.6196393370628357, 0.678626537322998]",0.6491329371929169,"(5361, 177, 1271)","[([(1756, 42, 5361), (5361, 85, 434), (2028, 20, 5361)], 0.3931279896157198, 'kelpie'), ([(2085, 42, 5361), (2028, 20, 5361)], 0.32407031591819496, 'kelpie'), ([(5361, 41, 138), (2028, 20, 5361)], 0.24779262730031526, 'kelpie')]","[1, 1]",1.0
0.988152801990509,1,3,"[0.9916524291038513, 0.9971303343772888]",0.9943913817405701,"(3039, 85, 434)","[([(4311, 8, 3039), (3039, 8, 3778), (1061, 8, 3039)], 0.26627783078230294, 'kelpie'), ([(3039, 8, 1440), (4311, 8, 3039)], 0.21940885060832122, 'kelpie'), ([(3039, 8, 1440), (4311, 8, 3039), (6036, 8, 3039), (1061, 8, 3039)], 0.178705911401164, 'kelpie')]","[1, 1]",1.0
0.1647690385580063,1,6,"[0.22166621685028076, 0.0764641985297203]",0.14906520769000053,"(4878, 39, 592)","[([(4860, 3, 4878)], 0.36222795802232544, 'kelpie'), ([(6121, 3, 4878)], 0.2981093040621258, 'kelpie'), ([(6121, 8, 4878), (4878, 3, 4860), (7799, 3, 4878)], 0.28121701983707015, 'kelpie'), ([(4878, 25, 62), (11544, 24, 592), (11544, 25, 62)], 0.005900003, 'xrule'), ([(879, 71, 4878), (7665, 66, 592), (879, 71, 7665)], -0.009499997, 'xrule'), ([(879, 71, 4878), (4269, 24, 592), (879, 71, 4269)], -0.010699999, 'xrule')]","[1, 6]",3.5
0.9964919686317444,1,6,"[0.9892836809158325, 0.9831314086914062]",0.9862075448036194,"(7614, 91, 494)","[([(7614, 30, 4569), (3248, 2, 7614)], 0.11770759065190378, 'kelpie'), ([(7614, 31, 1313)], 0.04616181084292599, 'kelpie'), ([(7614, 30, 4569)], 0.02605585286911681, 'kelpie'), ([(4, 2, 7614), (7773, 31, 4), (7773, 26, 494)], 0.015700005, 'xrule'), ([(4491, 103, 7614), (4491, 27, 1230), (1230, 110, 494)], -0.0075000003, 'xrule'), ([(1395, 110, 494), (4491, 103, 7614), (4491, 27, 1395)], -0.0189, 'xrule')]","[1, 1]",1.0
0.9722623825073242,1,3,"[0.8523860573768616, 0.9656897783279419]",0.9090379178524017,"(13452, 212, 4563)","[([(13452, 85, 434), (13452, 48, 8725)], 0.2576171864392703, 'kelpie'), ([(13452, 39, 1327), (13452, 48, 8725), (13452, 202, 11044)], 0.25216270577235406, 'kelpie'), ([(13452, 85, 434), (13452, 202, 11044)], 0.2199783432109506, 'kelpie')]","[1, 1]",1.0
0.9863195419311523,1,6,"[0.9947848916053772, 0.9954767823219299]",0.9951308369636536,"(7417, 33, 90)","[([(552, 34, 90), (552, 28, 32), (32, 15, 7417), (7417, 133, 32), (32, 87, 7417)], 0.0941, 'xrule'), ([(7417, 58, 10419), (961, 15, 7417)], 0.07542399597228686, 'kelpie'), ([(7417, 25, 62), (961, 144, 7417), (961, 15, 7417)], 0.05363295507749326, 'kelpie'), ([(7417, 25, 62), (32, 87, 7417), (961, 144, 7417)], 0.031714837013321985, 'kelpie'), ([(3443, 60, 90), (32, 15, 7417), (7417, 133, 32), (32, 87, 7417), (3443, 48, 32)], 0.026600003, 'xrule'), ([(32, 15, 7417), (32, 87, 7417), (11275, 129, 90), (7417, 133, 32), (11275, 150, 32)], 0.022599995, 'xrule')]","[1, 1]",1.0
0.902134120464325,1,6,"[0.6122068762779236, 0.6297504901885986]",0.6209786832332611,"(5912, 100, 1672)","[([(4390, 50, 5912)], 0.023839979377813885, 'kelpie'), ([(5912, 100, 160)], 0.02194411021483342, 'kelpie'), ([(5912, 17, 215)], 0.0204473463109781, 'kelpie'), ([(11921, 100, 1672), (5912, 48, 1928), (11921, 48, 1928)], 0.0063999966, 'xrule'), ([(12631, 17, 862), (5912, 17, 862), (12631, 100, 1672)], 0.0031999946, 'xrule'), ([(5912, 43, 141), (11921, 43, 141), (11921, 100, 1672)], -0.010000005, 'xrule')]","[2, 2]",2.0
0.9950908422470093,1,6,"[0.9896557331085205, 0.9889588356018066]",0.9893072843551636,"(4550, 60, 90)","[([(8328, 8, 4550), (4550, 192, 3289), (4550, 38, 4551), (4472, 164, 4550)], 0.06105534264913867, 'kelpie'), ([(4550, 48, 32), (4550, 192, 3289)], 0.05011866521606503, 'kelpie'), ([(4550, 123, 10558), (8328, 8, 4550)], 0.04115949102082206, 'kelpie'), ([(4550, 48, 32), (1357, 60, 90), (1357, 48, 32)], 0.0029999912, 'xrule'), ([(4616, 28, 32), (4550, 48, 32), (4616, 34, 90)], -0.017400011, 'xrule'), ([(4550, 48, 32), (3098, 33, 90), (32, 87, 3098)], -0.022, 'xrule')]","[1, 1]",1.0
0.5538073182106018,1,3,"[0.5378897786140442, 0.16624237596988678]",0.3520660772919655,"(1504, 14, 5334)","[([(1504, 13, 637), (1504, 13, 2046), (4346, 230, 1504)], 0.4313590349651269, 'kelpie'), ([(1504, 13, 637), (1504, 13, 2046)], 0.40898625254250504, 'kelpie'), ([(1504, 13, 622), (1504, 13, 637), (4019, 6, 1504), (4346, 230, 1504)], 0.402372580676302, 'kelpie')]","[2, 1]",1.5
0.8372358083724976,1,6,"[0.8639926910400391, 0.7509164810180664]",0.8074545860290527,"(7494, 67, 259)","[([(7455, 30, 7494), (7494, 67, 6480), (7494, 7, 1581), (1670, 19, 7494)], 0.40654556152589993, 'kelpie'), ([(7455, 30, 7494), (403, 30, 7494), (7494, 7, 1581)], 0.36700121727081414, 'kelpie'), ([(7455, 30, 7494), (7494, 67, 6480)], 0.3305454963307089, 'kelpie'), ([(7494, 67, 6480), (3169, 101, 259), (3169, 101, 6480)], 0.035600007, 'xrule'), ([(2053, 19, 7494), (2053, 19, 2996), (2996, 67, 259)], 0.019300044, 'xrule'), ([(7494, 67, 6480), (3565, 67, 6480), (3565, 67, 259)], -0.054399967, 'xrule')]","[1, 1]",1.0
0.9535616040229797,1,3,"[0.9400131702423096, 0.9322217106819153]",0.9361174404621124,"(805, 115, 747)","[([(4651, 6, 805), (805, 12, 5387), (805, 109, 3178)], 0.21492820552581926, 'kelpie'), ([(502, 7, 805), (805, 13, 474), (805, 13, 419), (805, 109, 3178)], 0.18430389027169097, 'kelpie'), ([(502, 7, 805), (805, 109, 3178)], 0.17073307489328357, 'kelpie')]","[1, 1]",1.0
0.9564436674118042,1,6,"[0.9086083173751831, 0.813212513923645]",0.8609104156494141,"(2600, 23, 57)","[([(9534, 58, 2600), (6481, 13, 2600)], 0.641180678736364, 'kelpie'), ([(2600, 152, 9534), (8168, 58, 2600), (2600, 58, 449), (6481, 13, 2600)], 0.5591868594489935, 'kelpie'), ([(2769, 29, 2600), (6481, 13, 2600)], 0.5360482168672784, 'kelpie'), ([(1303, 13, 1934), (1934, 23, 57), (1303, 13, 2600)], 0.017299995, 'xrule'), ([(2600, 23, 209), (8168, 23, 57), (8168, 23, 209)], 0.0159, 'xrule'), ([(3782, 13, 235), (235, 23, 57), (3782, 13, 2600)], -0.0047999993, 'xrule')]","[2, 2]",2.0
0.9161665439605713,1,6,"[0.9173727631568909, 0.8776403665542603]",0.8975065648555756,"(5400, 31, 4)","[([(5400, 31, 3352)], 0.13554448929828877, 'kelpie'), ([(5400, 31, 3352), (5399, 59, 5400), (5622, 38, 5400), (5010, 38, 5400)], 0.13247155688519394, 'kelpie'), ([(5400, 28, 32), (5400, 13, 32), (9364, 28, 32), (9364, 31, 4)], -0.007399991, 'xrule'), ([(5400, 28, 32), (3583, 185, 32), (5400, 13, 32), (3583, 107, 4)], -0.0167, 'xrule'), ([(5400, 28, 32), (5400, 13, 32), (1295, 13, 32), (4, 2, 1295)], -0.023599997, 'xrule'), ([(5400, 31, 3352), (5622, 38, 5400), (5400, 12, 394)], -0.05243552201314022, 'kelpie')]","[1, 1]",1.0
0.5090774893760681,1,6,"[0.6903001070022583, 0.5405843257904053]",0.6154422163963318,"(1454, 92, 5562)","[([(1271, 9, 3702), (3702, 92, 5562), (1454, 9, 1271), (1271, 9, 1454)], 0.051799998, 'xrule'), ([(1454, 75, 2556)], 0.04140731226410691, 'kelpie'), ([(1546, 9, 1454)], 0.04119444172057138, 'kelpie'), ([(1454, 75, 138)], 0.039306587525988215, 'kelpie'), ([(3702, 75, 3726), (1454, 75, 3726), (3726, 75, 3702), (3702, 92, 5562)], 0.035099998, 'xrule'), ([(212, 9, 1300), (212, 92, 5562), (212, 75, 1300), (1300, 75, 212), (1454, 9, 1300), (1300, 9, 1454)], 0.034999996, 'xrule')]","[1, 2]",1.5
0.9932956099510193,1,6,"[0.9852206707000732, 0.9922524094581604]",0.9887365400791168,"(1429, 120, 791)","[([(1429, 111, 9953), (1429, 194, 5775)], 0.03581166542408043, 'kelpie'), ([(1429, 194, 5775)], 0.025967731123847607, 'kelpie'), ([(95, 15, 1429)], 0.02117247969905939, 'kelpie'), ([(95, 15, 1429), (95, 15, 11312), (11312, 120, 791)], 0.0015000105, 'xrule'), ([(10243, 120, 791), (10243, 25, 62), (1429, 25, 62)], -0.033199996, 'xrule'), ([(13398, 25, 62), (1429, 25, 62), (13398, 120, 791)], -0.058799997, 'xrule')]","[1, 1]",1.0
0.9276204109191895,1,6,"[0.7866121530532837, 0.8372396230697632]",0.8119258880615234,"(6848, 28, 32)","[([(6848, 84, 8210), (8976, 6, 6848), (5137, 6, 6848)], 0.12725744685617502, 'kelpie'), ([(1617, 28, 32), (1617, 11, 23), (6848, 11, 23), (1617, 13, 32)], 0.09289999, 'xrule'), ([(7785, 6, 6848), (1657, 8, 7785), (7785, 8, 1657), (1657, 48, 32)], 0.0846, 'xrule'), ([(10739, 31, 4), (10739, 13, 32), (6848, 31, 4), (4, 2, 10739), (4, 2, 6848)], 0.0803, 'xrule'), ([(8976, 6, 6848)], 0.042478064963865074, 'kelpie'), ([(7785, 6, 6848), (6848, 31, 13184)], 0.03692571348003918, 'kelpie')]","[1, 1]",1.0
0.7165725827217102,1,6,"[0.730984628200531, 0.6624109745025635]",0.6966978013515472,"(11021, 46, 152)","[([(4350, 46, 152), (4350, 150, 32), (11021, 16, 32)], 0.047499992, 'xrule'), ([(4413, 63, 11021)], 0.005609608191996022, 'kelpie'), ([(11021, 83, 1457)], 0.004504321086588069, 'kelpie'), ([(11021, 83, 6319)], 0.0043019894032782285, 'kelpie'), ([(11020, 46, 152), (11020, 83, 1457), (11021, 83, 1457)], 0.004099995, 'xrule'), ([(4350, 25, 62), (11021, 25, 62), (4350, 46, 152)], -0.016600013, 'xrule')]","[1, 1]",1.0
0.9416294097900391,1,6,"[0.838493287563324, 0.9015123844146729]",0.8700028359889984,"(5, 90, 1885)","[([(5, 31, 470), (5, 34, 90), (4, 2, 5)], 0.08054147194385046, 'kelpie'), ([(5, 31, 136), (4726, 90, 1885), (4726, 31, 136)], 0.0012999999, 'xrule'), ([(5, 31, 136), (40, 90, 1885), (40, 31, 136)], 0.0011999998, 'xrule'), ([(5, 31, 136), (746, 90, 1885), (746, 31, 136)], 0.0011, 'xrule'), ([(475, 32, 5), (5, 28, 32), (5, 34, 90), (4, 2, 5)], 0.0008568120593726591, 'kelpie'), ([(4, 2, 5)], -0.0832779007043511, 'kelpie')]","[1, 1]",1.0
0.9909408688545227,1,6,"[0.9929637312889099, 0.9917823076248169]",0.9923730194568634,"(1569, 85, 434)","[([(1569, 43, 384), (1569, 102, 2825), (5665, 22, 1569)], 0.3912696061512779, 'kelpie'), ([(1569, 102, 1132)], 0.29724071535730145, 'kelpie'), ([(5665, 22, 1569)], 0.2706447054846887, 'kelpie'), ([(3563, 17, 393), (3563, 85, 434), (1569, 17, 393)], 0.042000003, 'xrule'), ([(620, 17, 862), (620, 85, 434), (1569, 17, 862)], 0.031200007, 'xrule'), ([(1569, 43, 384), (5077, 43, 384), (5077, 85, 434)], 0.027100004, 'xrule')]","[1, 1]",1.0
0.3568492531776428,1,6,"[0.1465386599302292, 0.03508664295077324]",0.09081265144050121,"(7889, 46, 3115)","[([(7889, 76, 2564)], 0.13745733644787708, 'kelpie'), ([(7889, 76, 12542)], 0.12959284627017711, 'kelpie'), ([(7889, 76, 2926)], 0.12723294934709212, 'kelpie'), ([(7246, 46, 3115), (7889, 46, 259), (7246, 46, 259)], 0.0143, 'xrule'), ([(5392, 46, 3115), (5392, 46, 8400), (7889, 46, 8400)], 0.0092, 'xrule'), ([(3622, 46, 8400), (3622, 46, 3115), (7889, 46, 8400)], 0.008300001, 'xrule')]","[3, 5]",4.0
0.7856136560440063,1,3,"[0.930060088634491, 0.8721816539764404]",0.9011208713054657,"(6149, 26, 64)","[([(7551, 6, 6149)], 0.3858864126221338, 'kelpie'), ([(6149, 12, 7551), (6149, 30, 8849)], 0.35871319131129764, 'kelpie'), ([(1759, 7, 6149), (7551, 6, 6149), (6149, 30, 8849)], 0.31035680693258744, 'kelpie')]","[1, 1]",1.0
0.9920915365219116,1,6,"[0.996845543384552, 0.9878318905830383]",0.9923387169837952,"(7278, 118, 774)","[([(226, 15, 592), (592, 127, 226), (592, 62, 226), (226, 118, 774), (7278, 66, 592)], 0.014400002, 'xrule'), ([(7278, 82, 1424), (773, 18, 1424), (773, 118, 774)], 0.013700001, 'xrule'), ([(1088, 18, 1424), (7278, 82, 1424), (1088, 118, 774)], 0.012200002, 'xrule'), ([(11705, 88, 7278), (7278, 17, 9732), (5467, 71, 7278), (7278, 179, 236)], 0.011984388310092771, 'kelpie'), ([(7278, 85, 434), (7278, 82, 1424), (7278, 17, 9732)], 0.009136716785817681, 'kelpie'), ([(7278, 159, 32), (7278, 17, 9732), (5467, 71, 7278)], 0.008956055136514905, 'kelpie')]","[1, 1]",1.0
0.664778470993042,1,6,"[0.5793911218643188, 0.7590901851654053]",0.6692406535148621,"(6260, 8, 3691)","[([(1912, 8, 3691), (1912, 3, 3691), (3691, 8, 1912), (6260, 8, 8095), (3691, 3, 1912), (8095, 8, 1912)], 0.09290001, 'xrule'), ([(6260, 8, 8095), (3691, 232, 160), (8095, 100, 160)], 0.06290001, 'xrule'), ([(6260, 8, 6571), (1912, 8, 6571), (1912, 8, 3691), (1912, 3, 3691), (6571, 45, 1912), (3691, 8, 1912), (6571, 8, 1912), (6571, 8, 6260), (3691, 3, 1912), (6571, 3, 1912), (1912, 45, 6571)], 0.0519, 'xrule'), ([(6571, 8, 6260)], 0.023268694920619365, 'kelpie'), ([(6260, 48, 32)], 0.02260548523860417, 'kelpie'), ([(8465, 8, 6260)], 0.016604169200110836, 'kelpie')]","[3, 3]",3.0
0.9898172616958618,1,6,"[0.8614333868026733, 0.8705857992172241]",0.8660095930099487,"(6045, 210, 3202)","[([(7872, 10, 6045), (574, 10, 6045), (1137, 10, 6045), (6045, 27, 636)], 0.14301186347633946, 'kelpie'), ([(7872, 10, 6045), (574, 10, 6045), (6045, 27, 3225)], 0.10683625477669068, 'kelpie'), ([(1990, 10, 6946), (6946, 210, 3202), (1990, 10, 6045)], 0.051100016, 'xrule'), ([(356, 10, 6045), (7872, 10, 6045), (574, 10, 6045), (3356, 10, 6045)], -0.002381523206297092, 'kelpie'), ([(7734, 210, 3202), (6045, 27, 2197), (7734, 27, 2197)], -0.0069999695, 'xrule'), ([(6045, 27, 1949), (457, 182, 3202), (1949, 19, 457)], -0.009599984, 'xrule')]","[1, 1]",1.0
0.9913109540939331,1,6,"[0.9948052763938904, 0.9935696125030518]",0.9941874444484711,"(8790, 25, 62)","[([(236, 63, 5048), (236, 44, 8790), (236, 63, 8790), (5048, 25, 62)], 0.036000013, 'xrule'), ([(4709, 89, 8790), (3181, 89, 8790)], 0.011811952081802676, 'kelpie'), ([(8790, 217, 4081), (3181, 89, 8790), (8790, 16, 32)], 0.010531763521892609, 'kelpie'), ([(8790, 217, 4081), (4709, 89, 8790), (8790, 61, 12393)], 0.009627024616782104, 'kelpie'), ([(3139, 129, 90), (8790, 129, 90), (3139, 25, 62), (8790, 166, 90), (8790, 128, 90), (3139, 128, 90), (3139, 208, 90), (8790, 213, 90), (3139, 108, 90), (3139, 166, 90)], 0.004999995, 'xrule'), ([(236, 44, 8790), (236, 63, 8790), (236, 63, 9105), (9105, 25, 62)], -0.028400004, 'xrule')]","[1, 1]",1.0
0.990455687046051,1,6,"[0.9938534498214722, 0.99470055103302]",0.9942770004272461,"(6791, 25, 62)","[([(7538, 25, 62), (6791, 61, 3111), (7538, 61, 3111)], 0.0959, 'xrule'), ([(484, 89, 10578), (10578, 25, 62), (484, 89, 6791)], 0.0909, 'xrule'), ([(32, 15, 6791), (987, 25, 62), (987, 16, 32)], 0.0894, 'xrule'), ([(6791, 143, 3514), (3181, 89, 6791)], 0.01245985456624384, 'kelpie'), ([(6791, 217, 3433), (3181, 89, 6791), (6791, 22, 7711), (6791, 146, 6791)], 0.009455780474763614, 'kelpie'), ([(3181, 89, 6791), (6791, 22, 7711), (8261, 79, 6791), (32, 15, 6791)], 0.009100417559303946, 'kelpie')]","[1, 1]",1.0
0.4746376872062683,1,6,"[0.9624534845352173, 0.18752244114875793]",0.5749879628419876,"(8194, 154, 2620)","[([(119, 15, 8194), (3028, 154, 2620), (119, 58, 3028), (3028, 58, 119)], 0.029299999, 'xrule'), ([(119, 15, 8194), (119, 15, 13101), (13101, 154, 2620)], 0.010699999, 'xrule'), ([(8319, 159, 8194), (8319, 66, 8675), (8675, 154, 2620)], 0.008099999, 'xrule'), ([(8194, 83, 8675)], 0.003153349219662235, 'kelpie'), ([(8194, 101, 19)], 0.0014644244040191, 'kelpie'), ([(119, 15, 8194)], 0.0012812583710784251, 'kelpie')]","[1, 3]",2.0
0.6236992478370667,1,6,"[0.44385015964508057, 0.42479753494262695]",0.43432384729385376,"(2154, 26, 1960)","[([(839, 7, 2154)], 0.06686284673182968, 'kelpie'), ([(2154, 26, 1098)], 0.046521767015602684, 'kelpie'), ([(2154, 28, 382)], 0.01840739971735947, 'kelpie'), ([(3138, 26, 64), (2154, 26, 64), (3138, 26, 1960)], 0.013300002, 'xrule'), ([(3138, 26, 1960), (3138, 26, 990), (2154, 26, 990)], -0.0014000013, 'xrule'), ([(738, 14, 160), (738, 26, 1960), (2154, 14, 160)], -0.0053000003, 'xrule')]","[4, 4]",4.0
0.9680300951004028,1,3,"[0.9535692930221558, 0.9714508056640625]",0.9625100493431091,"(5263, 48, 32)","[([(5263, 45, 2702), (5263, 85, 434), (2109, 8, 5263)], 0.27963332440148736, 'kelpie'), ([(6021, 12, 5263), (5263, 85, 434), (5263, 8, 1025), (66, 45, 5263)], 0.262886564890913, 'kelpie'), ([(5263, 85, 434), (5263, 45, 66), (5991, 8, 5263)], 0.21031973832871437, 'kelpie')]","[1, 1]",1.0
0.8547556400299072,1,6,"[0.807406485080719, 0.8737246990203857]",0.8405655920505524,"(7200, 28, 32)","[([(7200, 26, 1877)], 0.2339784908571996, 'kelpie'), ([(7200, 34, 90), (2037, 6, 7200), (7200, 26, 1877), (7200, 14, 160)], 0.17495588518113916, 'kelpie'), ([(7200, 14, 585), (7200, 26, 1877)], 0.16243008825829153, 'kelpie'), ([(6258, 28, 32), (6258, 31, 466), (7200, 31, 466)], 0.025700003, 'xrule'), ([(7200, 26, 1098), (9800, 13, 32), (9800, 26, 1098)], 0.016499996, 'xrule'), ([(8274, 13, 32), (8274, 26, 1098), (7200, 26, 1098)], 0.00030000508, 'xrule')]","[1, 1]",1.0
0.9954941272735596,1,6,"[0.9814382791519165, 0.9790956974029541]",0.9802669882774353,"(4433, 17, 862)","[([(5090, 8, 4433), (4433, 8, 2422), (4433, 3, 8423), (8423, 8, 4433)], 0.567554517165963, 'kelpie'), ([(4433, 3, 8423)], 0.44666661051771556, 'kelpie'), ([(4222, 8, 4433), (4433, 3, 8423)], 0.3789185103792609, 'kelpie'), ([(4433, 17, 393), (801, 17, 393), (801, 17, 862)], -0.022400007, 'xrule'), ([(4433, 19, 46), (801, 19, 46), (801, 17, 862)], -0.039800003, 'xrule'), ([(784, 17, 862), (784, 77, 783), (783, 119, 784), (783, 77, 784), (783, 8, 4433), (784, 119, 783)], -0.05350001, 'xrule')]","[1, 1]",1.0
0.9838512539863586,1,3,"[0.9974461793899536, 0.9965560436248779]",0.9970011115074158,"(9711, 11, 23)","[([(5962, 38, 9711), (2820, 7, 9711)], 0.46129126591944486, 'kelpie'), ([(9711, 172, 2759), (2820, 7, 9711)], 0.30254624406566094, 'kelpie'), ([(9711, 172, 2759)], 0.299716632761846, 'kelpie')]","[1, 1]",1.0
0.8518562912940979,1,6,"[0.44640570878982544, 0.36777475476264954]",0.4070902317762375,"(8105, 52, 1374)","[([(1374, 20, 951), (8105, 52, 529), (529, 20, 951)], 0.3507, 'xrule'), ([(8105, 52, 529), (529, 20, 7301), (1374, 20, 7301)], 0.25039998, 'xrule'), ([(529, 20, 1308), (8105, 52, 529), (1374, 20, 1308)], 0.24709997, 'xrule'), ([(8105, 20, 2880)], 0.0009027503109562319, 'kelpie'), ([(8105, 20, 3490)], 0.0008787227658415632, 'kelpie'), ([(8105, 20, 7290)], 0.0004989721563542622, 'kelpie')]","[1, 1]",1.0
0.9694784283638,1,6,"[0.9075183868408203, 0.9610311388969421]",0.9342747628688812,"(746, 13, 1682)","[([(746, 13, 1302)], 0.1388322218891198, 'kelpie'), ([(746, 13, 834)], 0.11057608860497763, 'kelpie'), ([(2755, 193, 27), (2755, 13, 1682), (746, 13, 27), (2755, 13, 27)], 0.02790004, 'xrule'), ([(746, 13, 1260)], 0.02042188769710426, 'kelpie'), ([(8011, 13, 27), (8011, 13, 1682), (746, 13, 27)], -0.008299947, 'xrule'), ([(2755, 13, 1682), (746, 13, 75), (2755, 13, 75)], -0.015299976, 'xrule')]","[4, 2]",3.0
0.8317307829856873,1,6,"[0.14569759368896484, 0.5812615156173706]",0.3634795546531677,"(10740, 20, 1366)","[([(10740, 20, 52)], 0.0935359849077042, 'kelpie'), ([(10740, 20, 2459)], 0.09073653352356095, 'kelpie'), ([(10740, 20, 3125)], 0.0809914944995035, 'kelpie'), ([(2459, 19, 11195), (1366, 19, 11195), (10740, 20, 2459), (11195, 47, 2459), (11195, 47, 1366)], 0.036000013, 'xrule'), ([(10740, 20, 3125), (1366, 19, 2329), (2329, 47, 3125)], 0.034400046, 'xrule'), ([(5709, 20, 2459), (10740, 20, 2459), (5709, 20, 1366)], 0.03150004, 'xrule')]","[9, 1]",5.0
0.886987566947937,1,6,"[0.786749005317688, 0.7567623257637024]",0.7717556655406952,"(6998, 101, 1467)","[([(3181, 89, 6998)], 0.07516058812428365, 'kelpie'), ([(1177, 89, 6998)], 0.07222093175420985, 'kelpie'), ([(236, 63, 3557), (3557, 101, 1467), (236, 44, 6998), (236, 44, 3557)], 0.0029000007, 'xrule'), ([(587, 89, 6998), (6614, 101, 1467), (587, 89, 6614)], 0.0029000007, 'xrule'), ([(587, 89, 6998), (1467, 188, 1800), (587, 112, 1800), (1800, 188, 1467)], 0.0021000002, 'xrule'), ([(6998, 101, 594)], -0.03943777553453916, 'kelpie')]","[2, 2]",2.0
0.9474917650222778,1,6,"[0.7160179018974304, 0.8199809193611145]",0.7679994106292725,"(6543, 98, 8248)","[([(6543, 98, 3175), (6543, 98, 8236), (6543, 98, 11218)], 0.15675936195975668, 'kelpie'), ([(6543, 96, 3083), (6543, 98, 8236), (6543, 68, 6544), (6543, 98, 11218)], 0.1383077605875261, 'kelpie'), ([(6543, 98, 8236), (6543, 95, 7990), (6543, 98, 8986), (6543, 98, 11218)], 0.13312969649637915, 'kelpie'), ([(555, 98, 8248), (555, 98, 11218), (6543, 98, 11218)], 0.025300004, 'xrule'), ([(11078, 98, 8248), (6543, 96, 10317), (11078, 96, 10317)], 0.025000006, 'xrule'), ([(8714, 98, 8248), (8714, 96, 10317), (6543, 96, 10317)], 0.024400003, 'xrule')]","[6, 3]",4.5
0.8892365097999573,1,6,"[0.8682615160942078, 0.7347072958946228]",0.8014844059944153,"(7535, 17, 215)","[([(2984, 47, 7535), (7535, 24, 12372)], 0.05276858337942968, 'kelpie'), ([(3487, 19, 999), (999, 47, 3487), (7535, 19, 999), (3487, 17, 215)], 0.027200043, 'xrule'), ([(2575, 17, 215), (2575, 17, 818), (7535, 17, 818)], 0.014100015, 'xrule'), ([(2575, 17, 215), (7535, 100, 160), (2575, 100, 160)], 0.012600005, 'xrule'), ([(4584, 8, 7535), (7535, 24, 12372)], -0.0015476244217754174, 'kelpie'), ([(2984, 47, 7535), (7535, 24, 12372), (5125, 47, 7535)], -0.1112725706129689, 'kelpie')]","[1, 2]",1.5
0.9222087264060974,1,6,"[0.9301018118858337, 0.8703938722610474]",0.9002478420734406,"(8285, 17, 862)","[([(5181, 8, 8285)], 0.5411076975991321, 'kelpie'), ([(1878, 21, 8285)], 0.2930686882470923, 'kelpie'), ([(266, 8, 8285)], 0.2792377879584527, 'kelpie'), ([(361, 17, 862), (8285, 8, 1039), (1039, 8, 361), (1039, 8, 8285), (361, 8, 1039)], 0.2484, 'xrule'), ([(2788, 8, 361), (361, 17, 862), (2788, 8, 8285), (361, 8, 2788)], 0.2024, 'xrule'), ([(8285, 48, 1124), (3532, 17, 862), (3532, 48, 1124)], 0.1532, 'xrule')]","[1, 1]",1.0
0.9883594512939453,1,6,"[0.9955623149871826, 0.9964337348937988]",0.9959980249404907,"(6350, 43, 141)","[([(6350, 17, 6351)], 0.4851933247779843, 'kelpie'), ([(882, 47, 6350), (2970, 109, 6350)], 0.3945471165984293, 'kelpie'), ([(6350, 17, 6351), (5563, 12, 6350), (2970, 109, 6350)], 0.3763953861668751, 'kelpie'), ([(6402, 43, 141), (6402, 19, 467), (6350, 19, 467)], 0.0011, 'xrule'), ([(6402, 43, 141), (2467, 47, 6350), (6350, 19, 2467), (6402, 19, 2467)], -0.0016999999, 'xrule'), ([(820, 19, 3179), (6350, 19, 3179), (820, 43, 141)], -0.0027, 'xrule')]","[1, 1]",1.0
0.8010475039482117,1,6,"[0.4536064863204956, 0.640861988067627]",0.5472342371940613,"(6183, 17, 1002)","[([(6183, 19, 1284)], 0.3087517730954523, 'kelpie'), ([(6183, 19, 1198)], 0.29986975708989, 'kelpie'), ([(6183, 45, 3490)], 0.296474646673309, 'kelpie'), ([(6183, 19, 1198), (11406, 17, 1002), (11406, 19, 1198)], 0.144, 'xrule'), ([(8298, 17, 1002), (1756, 42, 6183), (1756, 42, 8298)], 0.1354, 'xrule'), ([(8298, 17, 2424), (8298, 17, 1002), (6183, 17, 2424)], 0.09899999, 'xrule')]","[2, 1]",1.5
0.9645830988883972,1,6,"[0.856476902961731, 0.8986586332321167]",0.8775677680969238,"(8377, 26, 64)","[([(8377, 26, 2948), (8377, 109, 6826), (8377, 26, 342), (8377, 86, 441)], 0.23943295664447695, 'kelpie'), ([(8377, 26, 342), (8377, 86, 441), (8377, 31, 1313)], 0.19859487877735998, 'kelpie'), ([(8377, 26, 342), (8377, 31, 4)], 0.07826174334148021, 'kelpie'), ([(70, 26, 64), (70, 26, 342), (8377, 26, 342)], 0.036700003, 'xrule'), ([(5802, 26, 64), (5802, 26, 342), (8377, 26, 342)], 0.034900002, 'xrule'), ([(4419, 26, 342), (4419, 26, 64), (8377, 26, 342)], 0.034, 'xrule')]","[2, 1]",1.5
0.44494742155075073,1,6,"[0.17358505725860596, 0.4195645749568939]",0.29657481610774994,"(8706, 86, 1630)","[([(1147, 3, 6810), (6810, 8, 1147), (6810, 3, 1147), (6810, 159, 1630), (8706, 136, 1147), (1147, 38, 8706), (1147, 6, 8706), (1147, 8, 6810)], 0.078400016, 'xrule'), ([(1147, 159, 1630), (1147, 226, 1630), (1147, 38, 8706), (1147, 6, 8706), (8706, 136, 1147)], 0.07820001, 'xrule'), ([(8706, 26, 2948), (5968, 26, 2948), (5968, 86, 1630)], 0.07800001, 'xrule'), ([(1147, 38, 8706)], 0.007663805946683059, 'kelpie'), ([(8706, 31, 163)], 0.006476836696575495, 'kelpie'), ([(1147, 6, 8706)], 0.004647980848811492, 'kelpie')]","[2, 1]",1.5
0.9936367273330688,1,6,"[0.9911069273948669, 0.9946796298027039]",0.9928932785987854,"(2664, 25, 62)","[([(8458, 8, 2664)], 0.09401689009767211, 'kelpie'), ([(291, 25, 62), (2664, 77, 2016), (2016, 38, 291), (2016, 77, 2664)], 0.09019998, 'xrule'), ([(1300, 42, 8024), (2664, 41, 1300), (8024, 25, 62)], 0.08429998, 'xrule'), ([(2664, 17, 1415), (7965, 17, 1415), (7965, 25, 62)], 0.0422, 'xrule'), ([(2664, 164, 2053), (8458, 8, 2664), (2379, 8, 2664)], 0.04111609882166225, 'kelpie'), ([(2664, 164, 2053), (8458, 8, 2664), (2664, 77, 2016), (2664, 8, 8458)], 0.04093054957489196, 'kelpie')]","[1, 1]",1.0
0.154959037899971,1,6,"[0.04295984283089638, 0.01446234155446291]",0.028711092192679644,"(1888, 14, 2272)","[([(744, 38, 1888)], 0.0495726605818879, 'kelpie'), ([(1888, 28, 32)], 0.03615235440240195, 'kelpie'), ([(4826, 26, 1098), (1888, 26, 1098), (4826, 14, 2272)], -0.006699994, 'xrule'), ([(10205, 6, 1888)], -0.02017445588180402, 'kelpie'), ([(4826, 30, 285), (285, 7, 1888), (4826, 14, 2272), (285, 7, 4826)], -0.0233, 'xrule'), ([(5335, 26, 1098), (1888, 26, 1098), (5335, 14, 2272)], -0.033099994, 'xrule')]","[10, 9]",9.5
0.8042064309120178,1,6,"[0.15679046511650085, 0.06786783039569855]",0.1123291477560997,"(10130, 131, 181)","[([(10130, 131, 1928), (181, 219, 90), (181, 139, 90), (1928, 206, 90), (181, 234, 90), (1928, 234, 90), (1928, 219, 90), (181, 206, 90)], 0.10459995, 'xrule'), ([(181, 219, 90), (181, 139, 90), (181, 234, 90), (637, 206, 90), (10130, 131, 637), (637, 234, 90), (637, 219, 90), (181, 206, 90)], 0.052599967, 'xrule'), ([(2881, 29, 274), (10130, 131, 274), (2881, 29, 181)], 0.032899976, 'xrule'), ([(10130, 88, 2895)], 0.009475271164510557, 'kelpie'), ([(10130, 131, 637)], -0.01746799519358093, 'kelpie'), ([(10130, 131, 6129)], -0.017917235400142395, 'kelpie')]","[10, 17]",13.5
0.9066410064697266,1,6,"[0.7529818415641785, 0.8296501636505127]",0.7913160026073456,"(6087, 26, 1098)","[([(9986, 26, 1098), (6087, 26, 990), (9986, 26, 990)], 0.093599975, 'xrule'), ([(3124, 26, 1936), (3124, 26, 1098), (6087, 26, 1936)], 0.09219998, 'xrule'), ([(906, 26, 1098), (6087, 26, 990), (906, 26, 990)], 0.08100003, 'xrule'), ([(6087, 116, 3754)], 0.017966392430430096, 'kelpie'), ([(6087, 11, 23)], -0.02120389514086351, 'kelpie'), ([(6087, 26, 1936), (6087, 116, 3754), (6087, 86, 742), (6087, 28, 32)], -0.06948830650991267, 'kelpie')]","[3, 1]",2.0
0.08467242866754532,1,6,"[0.05731643736362457, 0.09023778885602951]",0.07377711310982704,"(12195, 66, 592)","[([(12195, 48, 32), (12195, 85, 434)], 0.21602509491931537, 'kelpie'), ([(12195, 48, 32)], 0.06594113538609019, 'kelpie'), ([(1674, 22, 12195), (12195, 17, 7343)], 0.011358271296019297, 'kelpie'), ([(12195, 48, 32), (724, 48, 32), (724, 66, 592)], -0.027300008, 'xrule'), ([(3846, 13, 592), (12195, 48, 32), (3846, 13, 32)], -0.0384, 'xrule'), ([(10600, 39, 592), (12195, 48, 32), (10600, 48, 32), (10600, 66, 592)], -0.0436, 'xrule')]","[1, 1]",1.0
0.8979125618934631,1,6,"[0.630786120891571, 0.09990455210208893]",0.36534533649683,"(3381, 52, 2028)","[([(3381, 52, 7528), (10650, 52, 7528), (10650, 52, 2028)], 0.0034999999, 'xrule'), ([(3381, 52, 7528), (7528, 20, 9824), (2028, 20, 9824)], 0.0016000001, 'xrule'), ([(2028, 20, 11344), (3381, 52, 7528), (7528, 20, 11344)], 0.0014, 'xrule'), ([(3381, 20, 355)], 0.000898316865356298, 'kelpie'), ([(3381, 52, 831)], 0.0008754324607604449, 'kelpie'), ([(6235, 52, 3381)], 0.0006233113550971117, 'kelpie')]","[1, 6]",3.5
0.9951258301734924,1,6,"[0.9956609606742859, 0.9957548379898071]",0.9957078993320465,"(13370, 120, 791)","[([(13377, 15, 13370)], 0.04359814802967799, 'kelpie'), ([(3408, 15, 13370), (13370, 58, 9345)], -0.017288078610951926, 'kelpie'), ([(3098, 58, 13370)], -0.039515127439025285, 'kelpie'), ([(32, 87, 13370), (7635, 120, 791), (32, 87, 7635)], -0.05759999, 'xrule'), ([(32, 87, 13370), (5176, 120, 791), (32, 87, 5176), (32, 15, 5176)], -0.06130001, 'xrule'), ([(32, 87, 13370), (5771, 133, 32), (5771, 120, 791), (32, 15, 5771)], -0.068100005, 'xrule')]","[1, 1]",1.0
0.8706680536270142,1,6,"[0.6256758570671082, 0.7582443356513977]",0.6919600963592529,"(889, 19, 7255)","[([(358, 27, 889), (358, 27, 2565), (2565, 19, 7255)], 0.100499995, 'xrule'), ([(579, 27, 889), (2565, 19, 7255), (579, 27, 2565)], 0.092999995, 'xrule'), ([(9150, 27, 889), (2565, 19, 7255), (9150, 27, 2565)], 0.07969999, 'xrule'), ([(2169, 8, 889)], 0.07867601048706913, 'kelpie'), ([(358, 27, 889)], 0.05414059288172486, 'kelpie'), ([(2991, 76, 889)], 0.05264848750865907, 'kelpie')]","[2, 1]",1.5
0.9801432490348816,1,6,"[0.17004461586475372, 0.26696622371673584]",0.21850541979074478,"(8623, 43, 384)","[([(8623, 19, 9874), (9794, 192, 8623)], 0.47717173156417286, 'kelpie'), ([(8623, 19, 9874), (9874, 47, 8623)], 0.35343466357520753, 'kelpie'), ([(8623, 19, 9874), (9874, 47, 8623), (9794, 192, 8623)], 0.31318108367872455, 'kelpie'), ([(6906, 17, 862), (8623, 17, 862), (6906, 43, 384)], 0.0051000006, 'xrule'), ([(4222, 43, 384), (4222, 17, 862), (8623, 17, 862)], 0.0023999996, 'xrule'), ([(4269, 17, 862), (8623, 17, 862), (4269, 43, 384)], -0.0045000017, 'xrule')]","[2, 2]",2.0
0.8807279467582703,1,6,"[0.8344675898551941, 0.7241160869598389]",0.7792918384075165,"(535, 48, 32)","[([(2815, 20, 535)], 0.26424632566905365, 'kelpie'), ([(9783, 20, 535)], 0.23634139779879573, 'kelpie'), ([(535, 123, 2458), (9783, 20, 535), (2815, 20, 535)], 0.1860331700177523, 'kelpie'), ([(1508, 43, 141), (1508, 48, 32), (535, 43, 141)], 0.0036999881, 'xrule'), ([(8267, 43, 141), (8267, 48, 32), (535, 43, 141)], 0.0022999942, 'xrule'), ([(3941, 43, 141), (3941, 48, 32), (535, 43, 141)], -0.018399999, 'xrule')]","[1, 1]",1.0
0.828163743019104,1,6,"[0.931708037853241, 0.9415553212165833]",0.9366316795349121,"(3120, 220, 6386)","[([(3120, 133, 32), (3120, 120, 791), (3120, 148, 7018), (4508, 24, 3120)], 0.12537334404192543, 'kelpie'), ([(3120, 148, 7018), (3120, 148, 4558)], 0.11289981296838614, 'kelpie'), ([(3120, 148, 7018), (3120, 220, 4005)], 0.10751465993692495, 'kelpie'), ([(3120, 220, 4005), (866, 220, 4005), (866, 220, 6386)], 0.010700002, 'xrule'), ([(3120, 220, 4005), (2806, 220, 4005), (2806, 220, 6386)], 0.0099, 'xrule'), ([(3120, 156, 11080), (6423, 220, 6386), (6423, 156, 11080)], 0.007100001, 'xrule')]","[1, 1]",1.0
0.9856534600257874,1,6,"[0.8662953972816467, 0.9138233065605164]",0.8900593519210815,"(2539, 19, 536)","[([(2539, 8, 6283)], 0.2538181353932168, 'kelpie'), ([(4928, 8, 2539)], 0.24912042505597778, 'kelpie'), ([(1691, 3, 2539)], 0.22065692717130292, 'kelpie'), ([(4928, 3, 667), (4928, 8, 667), (667, 8, 4928), (667, 3, 4928), (667, 8, 2539), (667, 3, 2539), (2539, 8, 667), (536, 47, 4928), (4928, 19, 536)], 0.12919998, 'xrule'), ([(1691, 3, 2539), (4928, 8, 1691), (1691, 8, 2539), (1691, 3, 4928), (536, 47, 4928), (4928, 19, 536), (2539, 8, 1691)], 0.07789999, 'xrule'), ([(1619, 8, 4928), (1619, 3, 4928), (4928, 8, 1619), (4928, 3, 1619), (1619, 8, 2539), (2539, 8, 1619), (536, 47, 4928), (4928, 19, 536)], 0.058699965, 'xrule')]","[1, 1]",1.0
0.5459656119346619,1,6,"[0.2227098047733307, 0.26665690541267395]",0.24468335509300232,"(1707, 86, 10402)","[([(1707, 31, 205), (4381, 31, 205), (205, 2, 1707), (205, 2, 4381), (4381, 86, 10402)], 0.16289997, 'xrule'), ([(3655, 2, 1707), (4381, 86, 10402), (3655, 2, 4381)], 0.03729999, 'xrule'), ([(10402, 38, 1075), (1707, 13, 2091), (1075, 12, 10402), (1075, 13, 2091)], 0.026600003, 'xrule'), ([(3655, 2, 1707)], 0.004967419877403189, 'kelpie'), ([(1707, 86, 1938)], 0.004440804918599464, 'kelpie'), ([(1314, 2, 1707)], 0.004195656565388401, 'kelpie')]","[3, 3]",3.0
0.8808958530426025,1,6,"[0.8982611894607544, 0.894612729549408]",0.8964369595050812,"(7870, 17, 862)","[([(10441, 8, 7870)], 0.15414635388690756, 'kelpie'), ([(7870, 192, 11150)], 0.12503301644539955, 'kelpie'), ([(10441, 8, 7870), (7870, 192, 11150), (10441, 3, 7870), (7870, 48, 32)], 0.1026488869192484, 'kelpie'), ([(497, 17, 862), (7870, 17, 393), (497, 17, 393)], 0.0011, 'xrule'), ([(7870, 85, 434), (2824, 85, 434), (2824, 17, 862)], -0.0056999996, 'xrule'), ([(7870, 85, 434), (11819, 85, 434), (11819, 17, 862)], -0.006000001, 'xrule')]","[1, 1]",1.0
0.9029479622840881,1,6,"[0.9216858148574829, 0.9338070154190063]",0.9277464151382446,"(5606, 48, 32)","[([(5606, 77, 5868)], 0.2691964318581209, 'kelpie'), ([(5868, 53, 5606)], 0.16415617917018943, 'kelpie'), ([(2008, 45, 5606), (5606, 77, 5868), (10069, 76, 5606), (5868, 53, 5606)], 0.15659038275602172, 'kelpie'), ([(11843, 25, 62), (5606, 25, 62), (32, 15, 11843)], -0.048299998, 'xrule'), ([(12466, 17, 789), (12466, 48, 32), (5606, 17, 789)], -0.051500008, 'xrule'), ([(4362, 25, 62), (4362, 48, 32), (5606, 25, 62)], -0.05430001, 'xrule')]","[1, 1]",1.0
0.9848781228065491,1,6,"[0.9918819069862366, 0.9931541681289673]",0.9925180375576019,"(7388, 25, 62)","[([(5913, 43, 141), (7388, 43, 141), (5913, 25, 62)], 0.10769999, 'xrule'), ([(7388, 85, 434), (4898, 25, 62), (4898, 85, 434)], 0.050000012, 'xrule'), ([(7388, 19, 6725), (7388, 41, 138), (7388, 43, 141), (7388, 19, 4213)], 0.04872284362806221, 'kelpie'), ([(1715, 20, 7388), (7388, 38, 2609)], 0.03990469403223687, 'kelpie'), ([(268, 76, 7388), (1741, 76, 7388)], 0.03778539129407547, 'kelpie'), ([(5766, 17, 60), (7388, 17, 60), (5766, 25, 62)], 0.03370002, 'xrule')]","[1, 1]",1.0
0.9854287505149841,1,6,"[0.98580002784729, 0.9850752353668213]",0.9854376316070557,"(1886, 60, 90)","[([(1886, 66, 954), (3078, 8, 1886), (879, 71, 1886), (1886, 3, 3078)], 0.0400800509125721, 'kelpie'), ([(1886, 48, 32), (1886, 6, 5105), (1886, 8, 3078)], 0.03514073318747483, 'kelpie'), ([(593, 108, 90), (1886, 100, 160), (593, 166, 90), (593, 101, 160)], 0.03489998, 'xrule'), ([(1886, 77, 4140), (4140, 77, 1886)], 0.03288571067358537, 'kelpie'), ([(1992, 34, 90), (1886, 48, 32), (1992, 28, 32), (1992, 13, 32)], 0.03129998, 'xrule'), ([(3078, 8, 1886), (32, 139, 90), (3078, 3, 1886), (32, 206, 90), (32, 234, 90), (1886, 8, 3078), (1886, 3, 3078), (3078, 48, 32)], 0.019499987, 'xrule')]","[1, 1]",1.0
0.9959683418273926,1,6,"[0.9963818788528442, 0.9942126870155334]",0.9952972829341888,"(5617, 25, 62)","[([(5617, 194, 5616), (5617, 56, 5617)], 0.04116646474889132, 'kelpie'), ([(10413, 66, 5617), (5617, 156, 1503)], 0.027445237118050365, 'kelpie'), ([(5617, 156, 2849), (5617, 56, 5617), (5617, 156, 1503)], 0.025544921817353072, 'kelpie'), ([(11683, 127, 1044), (1044, 144, 5617), (5617, 127, 1044), (1044, 15, 11683), (11683, 25, 62), (5617, 194, 1044)], 0.01730001, 'xrule'), ([(5617, 133, 32), (984, 48, 32), (32, 15, 5617), (984, 25, 62)], -0.008899987, 'xrule'), ([(5617, 133, 32), (12863, 16, 32), (32, 15, 5617), (12863, 25, 62)], -0.009900004, 'xrule')]","[1, 1]",1.0
0.9408588409423828,1,6,"[0.950773298740387, 0.6656915545463562]",0.8082324266433716,"(1014, 37, 2033)","[([(1014, 37, 2055)], 0.20454303489272818, 'kelpie'), ([(1014, 37, 4464)], 0.10821298796611727, 'kelpie'), ([(1014, 37, 352)], 0.0960348053141335, 'kelpie'), ([(1652, 156, 2849), (2033, 156, 2849), (1014, 37, 1652)], -0.01820001, 'xrule'), ([(2832, 24, 2033), (1014, 37, 2780), (2832, 66, 2033), (2832, 224, 2780)], -0.01969999, 'xrule'), ([(2780, 148, 2034), (1014, 37, 2780), (2033, 148, 2034)], -0.061399996, 'xrule')]","[6, 20]",13.0
0.7034265398979187,1,3,"[0.5550200939178467, 0.6273645162582397]",0.5911923050880432,"(5632, 46, 259)","[([(699, 86, 5632), (6728, 207, 5632)], 0.8381899473749224, 'kelpie'), ([(7246, 207, 5632), (699, 86, 5632), (5632, 16, 32)], 0.7603756054090002, 'kelpie'), ([(6865, 86, 5632), (6728, 207, 5632), (5632, 16, 32)], 0.7147669649290831, 'kelpie')]","[1, 1]",1.0
0.7779244184494019,1,6,"[0.7428060173988342, 0.6761531233787537]",0.709479570388794,"(3894, 31, 163)","[([(2193, 6, 3894)], 0.07822729180043646, 'kelpie'), ([(3894, 13, 32)], 0.0753302974508551, 'kelpie'), ([(1232, 38, 3894)], 0.07367730421891697, 'kelpie'), ([(3894, 28, 32), (1107, 13, 32), (1107, 31, 163), (3894, 13, 32), (1107, 28, 32)], -0.015899993, 'xrule'), ([(135, 34, 90), (3894, 34, 90), (135, 31, 163)], -0.026599996, 'xrule'), ([(1047, 28, 32), (3894, 28, 32), (1047, 13, 32), (1047, 31, 163), (3894, 13, 32)], -0.032299995, 'xrule')]","[1, 1]",1.0
0.9944069385528564,1,5,"[0.9820375442504883, 0.9887340068817139]",0.9853857755661011,"(12309, 43, 141)","[([(12309, 82, 6851)], 0.24352155217564278, 'kelpie'), ([(12309, 196, 1444), (12309, 48, 1080), (12309, 82, 6851), (12309, 99, 10323)], 0.24330244550149155, 'kelpie'), ([(9828, 196, 12309), (12309, 82, 6851), (6541, 50, 12309), (12309, 99, 10323)], 0.22315547938425548, 'kelpie'), ([(3401, 21, 4643), (12309, 21, 4643), (3401, 43, 141)], 0.049899995, 'xrule'), ([(12281, 48, 1080), (12281, 43, 141), (12309, 48, 1080)], 0.0036999881, 'xrule')]","[1, 1]",1.0
0.9085858464241028,1,6,"[0.7125632166862488, 0.8242971301078796]",0.7684301733970642,"(2091, 23, 3486)","[([(4179, 13, 2091), (1179, 13, 2091), (3723, 13, 2091)], 0.3925081311033748, 'kelpie'), ([(4179, 13, 2091)], 0.2800024559813028, 'kelpie'), ([(1301, 13, 2091), (4179, 13, 2091), (2968, 13, 2091), (3723, 13, 2091)], 0.26812247534846784, 'kelpie'), ([(8299, 13, 2091), (8299, 13, 202), (202, 23, 3486)], 0.07259998, 'xrule'), ([(8299, 13, 2091), (8299, 13, 2015), (2015, 23, 3486)], 0.0711, 'xrule'), ([(2649, 13, 2091), (419, 23, 3486), (2649, 13, 419)], 0.057199985, 'xrule')]","[1, 1]",1.0
0.9577904939651489,1,6,"[0.7828881144523621, 0.8334439396858215]",0.8081660270690918,"(3407, 35, 7238)","[([(3407, 35, 1562), (3407, 35, 6615)], 0.04578987783255702, 'kelpie'), ([(4979, 64, 3407), (7692, 64, 3407), (5745, 64, 3407), (3407, 35, 6615)], 0.03920350501446585, 'kelpie'), ([(3407, 35, 4507), (471, 35, 4507), (471, 35, 7238)], 0.017300002, 'xrule'), ([(3407, 35, 1806), (513, 35, 1806), (513, 35, 7238)], 0.015000001, 'xrule'), ([(688, 35, 611), (688, 35, 7238), (3407, 35, 611)], 0.012400001, 'xrule'), ([(3407, 64, 4734), (3407, 35, 6615)], 0.0057278675512813845, 'kelpie')]","[7, 5]",6.0
0.962796151638031,1,6,"[0.6666993498802185, 0.6804479956626892]",0.6735736727714539,"(6482, 26, 990)","[([(6482, 28, 32), (486, 13, 32), (486, 26, 990)], 0.049100004, 'xrule'), ([(6482, 28, 32), (5827, 28, 32), (5827, 26, 990)], 0.045500003, 'xrule'), ([(6482, 28, 32), (4883, 28, 32), (4883, 26, 990), (4883, 13, 32)], 0.0427, 'xrule'), ([(6482, 26, 342), (6482, 84, 9099), (6482, 26, 1098), (6482, 26, 1936)], 0.0308234774984563, 'kelpie'), ([(6482, 14, 160), (6482, 28, 32), (6482, 26, 1936)], 0.009242425643160088, 'kelpie'), ([(6482, 26, 342)], -0.0030393982889896387, 'kelpie')]","[3, 2]",2.5
0.9962792992591858,1,6,"[0.9918352365493774, 0.9916577935218811]",0.9917465150356293,"(5628, 25, 62)","[([(3663, 20, 4406), (3663, 20, 5628), (4406, 25, 62)], 0.11559999, 'xrule'), ([(2077, 76, 4406), (4406, 25, 62), (2077, 76, 5628)], 0.09200001, 'xrule'), ([(6105, 19, 1049), (6105, 25, 62), (1049, 47, 5628), (1049, 47, 6105), (5628, 19, 1049)], 0.076900005, 'xrule'), ([(5628, 8, 2379), (5628, 8, 3234), (5628, 66, 954)], 0.06436399650226894, 'kelpie'), ([(5628, 8, 3732), (5628, 8, 3234), (5628, 66, 954), (5628, 3, 7643)], 0.037693480926106936, 'kelpie'), ([(2379, 8, 5628), (5628, 8, 3234), (5628, 66, 954), (5027, 20, 5628)], 0.024761478375659576, 'kelpie')]","[1, 1]",1.0
0.9204357266426086,1,6,"[0.7832738161087036, 0.9588980674743652]",0.8710859417915344,"(1501, 10, 11145)","[([(1501, 10, 6820)], 0.0690728826396149, 'kelpie'), ([(1501, 7, 3247)], 0.04720077940248787, 'kelpie'), ([(1501, 7, 1041), (1501, 10, 6820)], 0.019839326803227152, 'kelpie'), ([(1062, 10, 11145), (1062, 10, 5449), (1501, 10, 5449)], -0.0024999976, 'xrule'), ([(3356, 10, 11145), (3356, 10, 6045), (1501, 10, 6045)], -0.03210002, 'xrule'), ([(3356, 10, 11145), (1501, 10, 5449), (3356, 10, 5449)], -0.03820002, 'xrule')]","[2, 2]",2.0
0.9756770730018616,1,6,"[0.9874770641326904, 0.9805952310562134]",0.9840361475944519,"(2051, 85, 434)","[([(3732, 175, 2051), (5600, 20, 2051), (11982, 1, 2051)], 0.2050968216647856, 'kelpie'), ([(3732, 175, 2051), (11982, 1, 2051), (2051, 17, 1002)], 0.17552570557716984, 'kelpie'), ([(3732, 175, 2051), (11982, 1, 2051), (2051, 19, 435)], 0.1404180928695534, 'kelpie'), ([(4269, 85, 434), (1972, 76, 4269), (1972, 76, 2051)], 0.0636, 'xrule'), ([(8740, 17, 1002), (8740, 85, 434), (2051, 17, 1002)], 0.0582, 'xrule'), ([(2051, 17, 1415), (7625, 85, 434), (7625, 17, 1415)], 0.0582, 'xrule')]","[1, 1]",1.0
0.931495726108551,1,6,"[0.8733770251274109, 0.8163565993309021]",0.8448668122291565,"(3715, 17, 862)","[([(3715, 192, 8453), (3715, 66, 1124)], 0.1060553594352763, 'kelpie'), ([(3715, 192, 8453), (3715, 19, 721)], 0.10444694300053009, 'kelpie'), ([(3715, 19, 999), (11422, 19, 999), (11422, 17, 862)], 0.013699979, 'xrule'), ([(3715, 19, 999), (3715, 19, 721)], 0.012260059791599257, 'kelpie'), ([(12008, 232, 160), (12008, 17, 862), (3715, 100, 160)], -0.023800015, 'xrule'), ([(11721, 100, 160), (3715, 100, 160), (11721, 17, 862)], -0.055000007, 'xrule')]","[1, 1]",1.0
0.5944116115570068,1,6,"[0.3774759769439697, 0.4986942708492279]",0.4380851238965988,"(11844, 61, 2940)","[([(11844, 16, 32)], 0.005801423379031159, 'kelpie'), ([(484, 89, 11844), (4783, 61, 2940), (484, 89, 4783)], 0.0057999995, 'xrule'), ([(11844, 101, 3231)], 0.0035624149557957688, 'kelpie'), ([(10995, 61, 2940), (10995, 124, 3103), (11844, 124, 3103)], 0.0033, 'xrule'), ([(484, 89, 11844), (484, 89, 8146), (8146, 61, 2940)], 0.0030999994, 'xrule'), ([(2578, 68, 11844)], 0.0007451567092865838, 'kelpie')]","[2, 3]",2.5
0.8733823895454407,1,6,"[0.5341594815254211, 0.7514373660087585]",0.6427984237670898,"(10860, 154, 5054)","[([(382, 87, 10860), (10860, 205, 3955), (3788, 24, 10860)], 0.07380178103380171, 'kelpie'), ([(10860, 205, 3955)], 0.05634419900344946, 'kelpie'), ([(10860, 205, 3955), (10860, 25, 62)], 0.011525290956035964, 'kelpie'), ([(382, 87, 10860), (8283, 154, 5054), (8283, 133, 382), (382, 15, 10860), (10860, 135, 382), (8283, 135, 382), (382, 15, 8283)], -0.0042999983, 'xrule'), ([(382, 87, 10860), (3765, 135, 382), (382, 87, 3765), (3765, 133, 382), (382, 15, 10860), (10860, 135, 382), (382, 15, 3765), (3765, 154, 5054)], -0.0255, 'xrule'), ([(382, 87, 10860), (382, 15, 6622), (382, 15, 10860), (6622, 154, 5054), (10860, 135, 382), (6622, 135, 382)], -0.03189999, 'xrule')]","[1, 2]",1.5
0.9143084287643433,1,6,"[0.7338446974754333, 0.6590461134910583]",0.6964454054832458,"(1685, 17, 60)","[([(1685, 123, 5630)], 0.16042659731883802, 'kelpie'), ([(1685, 8, 5183)], 0.15740681737857243, 'kelpie'), ([(1685, 17, 131), (2541, 17, 131), (2541, 17, 60)], 0.0334, 'xrule'), ([(1685, 17, 131), (12376, 17, 131), (12376, 17, 60)], 0.02819997, 'xrule'), ([(1685, 123, 5630), (3797, 8, 1685), (1685, 21, 4688), (1685, 8, 5183)], 0.027642915925684148, 'kelpie'), ([(919, 17, 60), (919, 134, 138), (138, 42, 919), (919, 41, 138), (138, 42, 1685)], 0.010599971, 'xrule')]","[2, 1]",1.5
0.9237578511238098,1,6,"[0.9357696771621704, 0.956655740737915]",0.9462127089500427,"(3794, 23, 57)","[([(1585, 58, 3794), (6157, 58, 3794)], 0.5306091141251761, 'kelpie'), ([(1585, 58, 3794), (2734, 58, 3794)], 0.5260897706809394, 'kelpie'), ([(1585, 58, 3794)], 0.43804786824386227, 'kelpie'), ([(3782, 13, 235), (235, 23, 57), (3782, 13, 3794)], 0.058300003, 'xrule'), ([(3782, 13, 834), (834, 23, 57), (3782, 13, 3794)], 0.055700004, 'xrule'), ([(6249, 13, 1361), (1361, 23, 57), (6249, 13, 3794)], 0.051500008, 'xrule')]","[1, 1]",1.0
0.9941210150718689,1,6,"[0.9698768854141235, 0.991117000579834]",0.9804969429969788,"(1567, 167, 1768)","[([(1567, 101, 782), (3408, 15, 1567), (1567, 25, 62), (1567, 61, 521)], 0.15639508812288483, 'kelpie'), ([(1567, 101, 782), (1567, 208, 90), (3408, 15, 1567)], 0.14403426199712083, 'kelpie'), ([(1567, 143, 3408), (1567, 61, 521)], 0.14277110544232696, 'kelpie'), ([(5033, 167, 1768), (1566, 89, 1567), (1566, 89, 5033)], -0.0005000001, 'xrule'), ([(4143, 167, 1768), (1566, 89, 1567), (1566, 89, 4143)], -0.0016999999, 'xrule'), ([(5033, 167, 1768), (1177, 89, 1567), (1177, 89, 5033)], -0.0028999997, 'xrule')]","[1, 1]",1.0
0.9531452059745789,1,6,"[0.9439855813980103, 0.9459503293037415]",0.9449679553508759,"(6412, 48, 32)","[([(6412, 66, 95), (3324, 71, 6412), (8644, 140, 6412)], 0.5216067860916357, 'kelpie'), ([(6412, 21, 9819), (8644, 140, 6412)], 0.4270691693979958, 'kelpie'), ([(6412, 21, 2698), (8644, 140, 6412)], 0.25545940885992774, 'kelpie'), ([(465, 14, 160), (465, 28, 32), (6412, 100, 160)], -0.0247, 'xrule'), ([(6412, 43, 141), (10460, 43, 141), (10460, 48, 32)], -0.02610001, 'xrule'), ([(3965, 13, 32), (3965, 14, 160), (6412, 100, 160)], -0.0361, 'xrule')]","[1, 1]",1.0
0.6916261315345764,1,6,"[0.818612813949585, 0.5931556820869446]",0.7058842480182648,"(13805, 17, 862)","[([(13805, 24, 2015), (13805, 85, 434)], 0.32812712722181236, 'kelpie'), ([(13805, 85, 434)], 0.17922658779394932, 'kelpie'), ([(13805, 24, 2015)], 0.12258930049264462, 'kelpie'), ([(7783, 85, 434), (7783, 17, 862), (13805, 85, 434)], 0.0405, 'xrule'), ([(9173, 17, 862), (9173, 85, 434), (13805, 85, 434)], 0.026300002, 'xrule'), ([(4337, 17, 862), (13805, 85, 434), (4337, 85, 434)], 0.024999999, 'xrule')]","[1, 1]",1.0
0.8698863387107849,1,6,"[0.7374122142791748, 0.6114938259124756]",0.6744530200958252,"(7843, 17, 862)","[([(5987, 8, 7843)], 0.014477024726283682, 'kelpie'), ([(8880, 43, 141), (8880, 17, 862), (7843, 43, 141)], 0.006500001, 'xrule'), ([(7166, 43, 141), (7166, 17, 862), (7843, 43, 141)], 0.006500001, 'xrule'), ([(10135, 43, 141), (10135, 17, 862), (7843, 43, 141)], 0.004800001, 'xrule'), ([(7843, 3, 4206), (7843, 17, 14263)], -0.03390382702014859, 'kelpie'), ([(5987, 8, 7843), (7842, 20, 7843), (7843, 8, 10144), (2465, 27, 7843)], -0.04260036815812416, 'kelpie')]","[2, 1]",1.5
0.9901472926139832,1,4,"[0.9898720383644104, 0.9941256046295166]",0.9919988214969635,"(14357, 25, 62)","[([(14357, 52, 1374)], 0.0035801929709011115, 'kelpie'), ([(14357, 52, 1374), (1374, 20, 1105), (1105, 25, 62)], -0.5244, 'xrule'), ([(14357, 52, 1374), (1374, 20, 1272), (1272, 25, 62)], -0.5317, 'xrule'), ([(14357, 52, 1374), (1374, 20, 2719), (2719, 25, 62)], -0.5372, 'xrule')]","[1, 1]",1.0
