original_score,prediction,new_ranks,facts,new_scores,exp,exp_length,new_score,new_rank,original_rank
5.7034483,"(7744, 13, 2046)",[7],"[([(236, 37, 2046), (1303, 13, 2046), (236, 44, 2046), (7744, 13, 331), (6026, 15, 2046)], 0.190201758, 'xrule'), ([(7744, 13, 4474), (1229, 13, 2046), (932, 13, 2046), (11033, 37, 2046)], 0.097702027, 'xrule'), ([(1303, 13, 2046), (840, 28, 2046), (6026, 15, 2046), (7744, 13, 816)], 0.060400962999999995, 'xrule'), ([(7274, 13, 2046), (9766, 13, 2046), (7744, 13, 2091), (1129, 13, 2046)], 0.0223016737, 'xrule'), ([(7744, 13, 1304), (6026, 15, 2046), (4338, 13, 2046)], 0.0188007353, 'xrule')]",[5.558844],"[(7744, 13, 2091), (932, 13, 2046), (236, 37, 2046), (7744, 13, 1304), (1303, 13, 2046), (236, 44, 2046), (7744, 13, 816), (1129, 13, 2046), (7274, 13, 2046), (9766, 13, 2046), (7744, 13, 331), (6026, 15, 2046), (1229, 13, 2046), (840, 28, 2046), (7744, 13, 4474), (4338, 13, 2046), (11033, 37, 2046)]",17,5.558844,7.0,1
6.1483426,"(457, 10, 7869)",[9],"[([(7869, 210, 3202), (457, 182, 3202), (4304, 10, 7869), (2820, 10, 7869)], 0.9309997600000001, 'xrule'), ([(7869, 27, 6381), (1127, 10, 7869), (1121, 10, 7869), (457, 7, 1731), (1731, 30, 457)], 0.59719945, 'xrule'), ([(2003, 10, 7869), (1127, 10, 7869), (1759, 10, 7869), (2820, 10, 7869), (457, 7, 4013)], 0.43909931, 'xrule'), ([(1654, 10, 7869), (7869, 27, 6381), (7869, 210, 3202), (5136, 10, 7869), (457, 10, 6327)], 0.387000088, 'xrule'), ([(7869, 103, 1692), (7869, 27, 6381), (1062, 10, 7869), (457, 7, 1692), (7869, 27, 4978)], 0.31569958400000003, 'xrule')]",[4.660131],"[(2003, 10, 7869), (7869, 103, 1692), (1121, 10, 7869), (2820, 10, 7869), (5136, 10, 7869), (457, 7, 4013), (457, 7, 1731), (7869, 210, 3202), (457, 10, 6327), (7869, 27, 4978), (1731, 30, 457), (457, 182, 3202), (7869, 27, 6381), (1127, 10, 7869), (4304, 10, 7869), (1654, 10, 7869), (1759, 10, 7869), (1062, 10, 7869), (457, 7, 1692)]",19,4.660131,9.0,1
7.944553,"(4819, 85, 434)",[1],"[([(4819, 43, 141), (145, 85, 434), (12394, 85, 434)], 0.91940022, 'xrule'), ([(4819, 48, 1124), (434, 161, 1124), (434, 161, 9883), (434, 161, 11303), (3754, 85, 434)], 0.74850178, 'xrule'), ([(7194, 85, 434), (3532, 85, 434), (4819, 17, 243)], 0.36940098, 'xrule'), ([(434, 161, 32), (434, 161, 308), (4278, 85, 434), (4819, 82, 2456)], 0.2634019863, 'xrule'), ([(4819, 82, 7859), (647, 85, 434)], 0.029800415, 'xrule')]",[6.2679076],"[(434, 161, 32), (4819, 43, 141), (434, 161, 308), (647, 85, 434), (4819, 48, 1124), (434, 161, 1124), (434, 161, 9883), (3532, 85, 434), (4819, 82, 7859), (4819, 17, 243), (434, 161, 11303), (4819, 82, 2456), (3754, 85, 434), (4278, 85, 434), (7194, 85, 434), (145, 85, 434), (12394, 85, 434)]",17,6.2679076,1.0,1
6.122799,"(1759, 10, 6825)",[4],"[([(1759, 7, 5031), (6825, 103, 5031), (6825, 27, 2222), (1060, 10, 6825), (6825, 27, 3709)], 0.6645021499999999, 'xrule'), ([(1501, 10, 6825), (1127, 10, 6825), (6825, 27, 7453), (1759, 7, 3828), (6825, 103, 3828)], 0.5656013500000001, 'xrule'), ([(1501, 10, 6825), (6580, 10, 6825), (1759, 7, 2670), (1060, 10, 6825), (356, 10, 6825)], 0.533101084, 'xrule'), ([(1759, 7, 7641), (1654, 10, 6825), (6825, 27, 2934), (1121, 10, 6825), (7641, 30, 1759)], 0.39430237, 'xrule'), ([(1759, 10, 1256), (3201, 10, 6825), (1127, 10, 6825)], 0.37130164000000004, 'xrule')]",[5.0594063],"[(6825, 103, 5031), (1759, 7, 7641), (1654, 10, 6825), (3201, 10, 6825), (6825, 27, 2222), (1060, 10, 6825), (1121, 10, 6825), (6825, 103, 3828), (1759, 7, 2670), (1759, 10, 1256), (356, 10, 6825), (7641, 30, 1759), (1759, 7, 5031), (6825, 27, 7453), (6825, 27, 3709), (1501, 10, 6825), (6825, 27, 2934), (1127, 10, 6825), (1759, 7, 3828), (6580, 10, 6825)]",20,5.0594063,4.0,1
7.0566077,"(9376, 25, 62)",[1],"[([(501, 25, 62), (5601, 25, 62), (2271, 25, 62), (9376, 166, 5422), (9376, 108, 5422)], 0.76119995, 'xrule'), ([(9376, 124, 2846), (9128, 25, 62), (12908, 25, 62)], 0.43530082000000003, 'xrule'), ([(2715, 25, 62), (9756, 25, 62), (9376, 61, 2940), (11756, 25, 62), (272, 25, 62)], 0.207700728, 'xrule'), ([(1480, 25, 62), (3181, 89, 9376), (10224, 25, 62)], 0.11720085, 'xrule'), ([(9406, 25, 62), (11993, 25, 62), (11570, 25, 62), (4123, 25, 62), (3830, 63, 9376)], 0.082300185, 'xrule')]",[7.1128597],"[(11993, 25, 62), (2715, 25, 62), (11756, 25, 62), (12908, 25, 62), (9376, 166, 5422), (501, 25, 62), (5601, 25, 62), (2271, 25, 62), (9756, 25, 62), (9376, 108, 5422), (1480, 25, 62), (9406, 25, 62), (11570, 25, 62), (10224, 25, 62), (9376, 61, 2940), (9376, 124, 2846), (272, 25, 62), (3181, 89, 9376), (9128, 25, 62), (4123, 25, 62), (3830, 63, 9376)]",21,7.1128597,1.0,1
5.8621564,"(3306, 13, 1682)",[4],"[([(4196, 13, 1682), (3306, 31, 1211), (7013, 13, 1682)], 0.56299878, 'xrule'), ([(1682, 72, 3989), (3989, 157, 1682), (1129, 147, 1682), (3306, 13, 202), (1682, 69, 3989)], 0.21039963, 'xrule'), ([(8398, 28, 1682), (1682, 58, 1405), (1129, 147, 1682), (3177, 193, 1682), (3306, 13, 2282)], 0.201598166, 'xrule'), ([(1682, 72, 299), (3306, 13, 92), (3700, 28, 1682), (1129, 147, 1682), (1682, 69, 299)], 0.136299135, 'xrule'), ([(1682, 58, 1405), (1129, 147, 1682), (1682, 58, 2282), (3306, 13, 1405), (2282, 58, 1682)], 0.049798964999999994, 'xrule')]",[5.870621],"[(1682, 58, 2282), (3306, 13, 202), (4196, 13, 1682), (1682, 69, 299), (1682, 72, 3989), (3306, 13, 92), (3700, 28, 1682), (3306, 31, 1211), (2282, 58, 1682), (3306, 13, 2282), (7013, 13, 1682), (8398, 28, 1682), (3989, 157, 1682), (1682, 58, 1405), (1129, 147, 1682), (3177, 193, 1682), (1682, 69, 3989), (1682, 72, 299), (3306, 13, 1405)]",19,5.870621,4.0,1
7.3106804,"(3660, 31, 136)",[1],"[([(3660, 28, 32), (4660, 107, 136), (3660, 13, 32), (2642, 31, 136), (5105, 31, 136)], 1.01729774, 'xrule'), ([(3660, 74, 524), (6151, 31, 136), (7202, 31, 136), (4883, 31, 136), (10459, 31, 136)], 0.7883987399999999, 'xrule'), ([(1201, 31, 136), (1013, 6, 3660), (3725, 31, 136), (805, 31, 136)], 0.286798474, 'xrule'), ([(1326, 6, 3660), (10172, 31, 136), (6336, 31, 136)], 0.20099926, 'xrule'), ([(3660, 11, 23), (7933, 31, 136), (4352, 31, 136), (8471, 31, 136), (10459, 31, 136)], 0.1836977, 'xrule')]",[7.147957],"[(3660, 11, 23), (1326, 6, 3660), (2642, 31, 136), (5105, 31, 136), (4660, 107, 136), (3660, 74, 524), (3660, 13, 32), (7933, 31, 136), (6151, 31, 136), (4883, 31, 136), (1013, 6, 3660), (10459, 31, 136), (3660, 28, 32), (10172, 31, 136), (7202, 31, 136), (6336, 31, 136), (4352, 31, 136), (3725, 31, 136), (1201, 31, 136), (805, 31, 136), (8471, 31, 136)]",21,7.147957,1.0,1
6.9488297,"(1658, 26, 990)",[1],"[([(1443, 26, 990), (7597, 26, 990), (1658, 28, 32), (182, 26, 990), (1658, 13, 32)], 1.0121994, 'xrule'), ([(4092, 26, 990), (1658, 31, 4), (6004, 26, 990), (11266, 26, 990), (4, 2, 1658)], 0.8213997, 'xrule'), ([(982, 7, 1658), (3782, 26, 990), (271, 26, 990), (9151, 26, 990), (3742, 26, 990)], 0.7216987699999999, 'xrule'), ([(1658, 31, 657), (7636, 26, 990), (1322, 26, 990), (4333, 26, 990), (1992, 26, 990)], 0.34029865, 'xrule')]",[6.476414],"[(1658, 31, 657), (7636, 26, 990), (1658, 31, 4), (271, 26, 990), (1992, 26, 990), (7597, 26, 990), (1658, 28, 32), (11266, 26, 990), (982, 7, 1658), (4092, 26, 990), (1322, 26, 990), (3782, 26, 990), (1443, 26, 990), (9151, 26, 990), (182, 26, 990), (3742, 26, 990), (4333, 26, 990), (6004, 26, 990), (1658, 13, 32), (4, 2, 1658)]",20,6.476414,1.0,1
6.1353326,"(740, 37, 1577)",[5],"[([(1577, 18, 7968), (740, 37, 1562), (1577, 118, 774), (1577, 18, 1172), (1577, 25, 62)], 0.50489998, 'xrule'), ([(1577, 58, 854), (740, 37, 854), (2737, 58, 1577), (1577, 25, 62), (1577, 18, 1424)], 0.369798662, 'xrule'), ([(1577, 18, 7968), (1577, 18, 1172), (2737, 58, 1577), (740, 37, 2840), (7979, 15, 1577)], 0.35249996399999994, 'xrule'), ([(740, 37, 4353), (1577, 18, 2528), (1577, 25, 62), (7979, 15, 1577), (1577, 18, 1424)], 0.296798701, 'xrule'), ([(1577, 18, 1771), (1577, 18, 6851), (740, 37, 773), (2737, 58, 1577), (7979, 15, 1577)], 0.215298653, 'xrule')]",[5.580207],"[(740, 37, 4353), (1577, 18, 7968), (1577, 58, 854), (1577, 18, 1771), (740, 37, 1562), (1577, 118, 774), (1577, 18, 1172), (740, 37, 854), (1577, 18, 2528), (1577, 18, 6851), (2737, 58, 1577), (740, 37, 773), (740, 37, 2840), (1577, 25, 62), (7979, 15, 1577), (1577, 18, 1424)]",16,5.580207,5.0,1
6.4988165,"(2016, 17, 60)",[2],"[([(1920, 21, 2016), (1920, 17, 60), (4199, 17, 60), (4324, 17, 60), (4305, 17, 60)], 3.8341011400000005, 'xrule'), ([(3797, 17, 60), (792, 8, 2016), (4371, 17, 60), (792, 17, 60)], 1.20190048, 'xrule'), ([(4325, 8, 2016), (4325, 3, 2016), (2016, 8, 4325), (2016, 3, 4325), (4324, 17, 60)], 0.9587002, 'xrule')]",[6.404321],"[(1920, 21, 2016), (3797, 17, 60), (792, 17, 60), (1920, 17, 60), (4199, 17, 60), (792, 8, 2016), (4371, 17, 60), (4325, 8, 2016), (4325, 3, 2016), (4324, 17, 60), (4305, 17, 60), (2016, 8, 4325), (2016, 3, 4325)]",13,6.404321,2.0,1
8.100234,"(2348, 82, 1771)",[1],"[([(3774, 82, 1771), (9771, 82, 1771), (5338, 82, 1771), (2348, 66, 1327), (3043, 82, 1771)], 0.8154993100000001, 'xrule'), ([(1307, 82, 1771), (8037, 149, 2348), (8512, 82, 1771)], 0.7064991, 'xrule'), ([(5895, 82, 1771), (3981, 82, 1771), (8004, 82, 1771), (2348, 100, 160), (3056, 82, 1771)], 0.69699954, 'xrule'), ([(8074, 82, 1771), (11554, 82, 1771), (2348, 48, 32), (43, 18, 1771), (10805, 82, 1771)], 0.47319888499999996, 'xrule'), ([(11702, 82, 1771), (295, 82, 1771), (2348, 17, 862)], 0.38229942, 'xrule')]",[6.9528837],"[(11702, 82, 1771), (2348, 100, 160), (295, 82, 1771), (10805, 82, 1771), (1307, 82, 1771), (5895, 82, 1771), (3981, 82, 1771), (8074, 82, 1771), (5338, 82, 1771), (8037, 149, 2348), (2348, 17, 862), (8004, 82, 1771), (11554, 82, 1771), (2348, 48, 32), (3774, 82, 1771), (9771, 82, 1771), (3056, 82, 1771), (43, 18, 1771), (8512, 82, 1771), (2348, 66, 1327), (3043, 82, 1771)]",21,6.9528837,1.0,1
6.9333644,"(8128, 10, 1968)",[6],"[([(8128, 10, 358), (1198, 10, 1968), (1968, 27, 6105), (1968, 27, 6960), (1962, 10, 1968)], 0.315099726, 'xrule'), ([(1968, 27, 2719), (10273, 10, 1968), (8128, 10, 1171), (1968, 210, 2192), (1968, 27, 2459)], 0.29889965, 'xrule'), ([(1968, 27, 671), (3747, 10, 1968), (8128, 10, 2875), (1968, 210, 2192), (1968, 27, 5025)], 0.184200288, 'xrule'), ([(9181, 10, 1968), (8128, 10, 65), (1968, 210, 2192), (1968, 27, 6960), (1968, 27, 2910)], 0.17640018600000001, 'xrule'), ([(232, 10, 1968), (8128, 10, 1840), (1968, 27, 5485), (1968, 210, 2192), (1968, 27, 1055)], 0.15509891699999998, 'xrule')]",[6.406186],"[(1198, 10, 1968), (10273, 10, 1968), (3747, 10, 1968), (8128, 10, 1840), (1968, 27, 6960), (1962, 10, 1968), (1968, 27, 2719), (232, 10, 1968), (8128, 10, 1171), (1968, 27, 5025), (1968, 27, 6105), (1968, 27, 2459), (1968, 27, 671), (9181, 10, 1968), (1968, 27, 5485), (1968, 27, 2910), (1968, 27, 1055), (8128, 10, 358), (8128, 10, 2875), (8128, 10, 65), (1968, 210, 2192)]",21,6.406186,6.0,1
8.902128,"(7412, 14, 160)",[1],"[([(7412, 34, 90), (3781, 100, 160), (9433, 14, 160), (1058, 221, 160), (160, 70, 640)], 1.1002006500000001, 'xrule'), ([(7412, 12, 1917), (4187, 14, 160), (7412, 136, 1917), (7252, 14, 160), (2240, 14, 160)], 0.53460026, 'xrule'), ([(160, 70, 1124), (478, 221, 160), (6093, 221, 160), (160, 70, 419), (7412, 13, 382)], 0.50770092, 'xrule'), ([(371, 7, 7412), (5021, 14, 160), (8488, 14, 160)], 0.23910045600000002, 'xrule'), ([(1335, 14, 160), (2193, 232, 160), (1654, 7, 7412), (2193, 100, 160)], 0.125000004, 'xrule')]",[8.7440195],"[(7412, 34, 90), (1335, 14, 160), (1654, 7, 7412), (3781, 100, 160), (371, 7, 7412), (9433, 14, 160), (2193, 232, 160), (478, 221, 160), (2193, 100, 160), (7412, 12, 1917), (4187, 14, 160), (1058, 221, 160), (160, 70, 640), (7252, 14, 160), (8488, 14, 160), (160, 70, 1124), (6093, 221, 160), (7412, 136, 1917), (160, 70, 419), (7412, 13, 382), (2240, 14, 160), (5021, 14, 160)]",22,8.7440195,1.0,1
6.9822993,"(7435, 35, 7238)",[4],"[([(7435, 64, 7434), (4543, 35, 7238), (7434, 64, 7435), (7434, 35, 7238), (1550, 35, 7238)], 0.287899969, 'xrule'), ([(7435, 35, 7125), (4543, 35, 7238), (7238, 18, 2528), (12020, 37, 7238), (7238, 18, 11269)], 0.159198764, 'xrule'), ([(6615, 58, 7238), (7435, 35, 3408), (7238, 18, 1771), (7238, 18, 1424), (7238, 58, 6615)], 0.14309978599999998, 'xrule'), ([(9811, 37, 7238), (7238, 18, 6851), (7238, 18, 2357), (7238, 154, 2438), (7435, 35, 611)], 0.132699967, 'xrule'), ([(7238, 18, 1424), (7238, 154, 2438), (7435, 35, 6615)], 0.072099685, 'xrule')]",[6.039446],"[(9811, 37, 7238), (7434, 35, 7238), (7435, 35, 7125), (7434, 64, 7435), (7238, 154, 2438), (7435, 35, 611), (7435, 35, 6615), (12020, 37, 7238), (7435, 35, 3408), (7238, 18, 1424), (7238, 18, 11269), (7435, 64, 7434), (6615, 58, 7238), (4543, 35, 7238), (7238, 18, 2528), (7238, 18, 6851), (7238, 18, 2357), (7238, 18, 1771), (1550, 35, 7238), (7238, 58, 6615)]",20,6.039446,4.0,1
7.751161,"(166, 19, 559)",[1],"[([(7785, 19, 559), (559, 7, 1301), (4658, 19, 559), (166, 38, 1301), (166, 6, 1301)], 0.45649910000000005, 'xrule'), ([(1040, 19, 559), (559, 47, 1039), (1040, 8, 166), (559, 47, 1040), (166, 8, 1040)], 0.151899336, 'xrule'), ([(7057, 8, 166), (166, 8, 7057), (7057, 3, 166), (166, 3, 7057), (7057, 19, 559)], 0.0984993, 'xrule'), ([(1193, 19, 559), (559, 47, 1193), (166, 8, 1193), (1193, 8, 166), (559, 47, 1663)], 0.038199423999999996, 'xrule')]",[7.3568273],"[(7057, 3, 166), (559, 47, 1193), (1193, 8, 166), (559, 47, 1040), (1040, 8, 166), (4658, 19, 559), (166, 8, 7057), (1040, 19, 559), (559, 47, 1039), (1193, 19, 559), (7785, 19, 559), (166, 8, 1193), (166, 6, 1301), (166, 38, 1301), (7057, 8, 166), (166, 3, 7057), (166, 8, 1040), (559, 7, 1301), (7057, 19, 559), (559, 47, 1663)]",20,7.3568273,1.0,1
6.509813,"(5605, 17, 862)",[1],"[([(1192, 181, 862), (1040, 17, 862), (8871, 17, 862), (5605, 17, 1192)], 1.57180024, 'xrule'), ([(8512, 17, 862), (8617, 17, 862), (7550, 17, 862), (5605, 45, 7550), (10487, 17, 862)], 0.433200836, 'xrule'), ([(5605, 77, 1686), (5881, 17, 862), (1147, 17, 862), (11833, 17, 862), (3441, 17, 862)], 0.312400819, 'xrule'), ([(5293, 164, 5605), (5605, 45, 5293), (5605, 77, 5293), (5293, 77, 5605), (5605, 164, 5293), (7993, 17, 862)], 0.15010071, 'xrule'), ([(3444, 17, 862), (5194, 17, 862), (7866, 17, 862), (5605, 45, 5194), (5194, 45, 5605)], 0.083001137, 'xrule')]",[6.3696294],"[(8871, 17, 862), (5881, 17, 862), (5605, 17, 1192), (5293, 164, 5605), (5605, 45, 5293), (1040, 17, 862), (8512, 17, 862), (5194, 17, 862), (7866, 17, 862), (5605, 45, 7550), (5605, 77, 5293), (1147, 17, 862), (1192, 181, 862), (8617, 17, 862), (5605, 45, 5194), (5293, 77, 5605), (11833, 17, 862), (10487, 17, 862), (5605, 77, 1686), (3444, 17, 862), (7550, 17, 862), (5194, 45, 5605), (7993, 17, 862), (5605, 164, 5293), (3441, 17, 862)]",25,6.3696294,1.0,1
7.565317,"(868, 26, 342)",[1],"[([(893, 26, 342), (1518, 26, 342), (868, 28, 32), (5092, 26, 342), (868, 13, 32)], 1.1573018899999998, 'xrule'), ([(2973, 26, 342), (868, 84, 869), (1668, 26, 342), (8684, 26, 342), (2744, 26, 342)], 0.71500111, 'xrule'), ([(9419, 26, 342), (11266, 26, 342), (868, 14, 160), (577, 26, 342), (6424, 26, 342)], 0.34550094, 'xrule'), ([(868, 106, 249), (4020, 26, 342), (4929, 26, 342), (9492, 26, 342)], 0.32280159, 'xrule'), ([(5020, 26, 342), (1999, 26, 342), (8383, 26, 342), (2259, 7, 868)], 0.162000656, 'xrule')]",[7.590255],"[(1518, 26, 342), (2973, 26, 342), (868, 28, 32), (1999, 26, 342), (868, 84, 869), (5092, 26, 342), (9492, 26, 342), (4929, 26, 342), (9419, 26, 342), (5020, 26, 342), (2259, 7, 868), (868, 14, 160), (577, 26, 342), (6424, 26, 342), (8684, 26, 342), (2744, 26, 342), (868, 106, 249), (893, 26, 342), (4020, 26, 342), (868, 13, 32), (11266, 26, 342), (8383, 26, 342), (1668, 26, 342)]",23,7.590255,1.0,1
6.817721,"(1796, 130, 841)",[9],"[([(841, 95, 521), (841, 96, 981), (841, 96, 3083), (8620, 49, 1796), (1796, 130, 8620)], 0.31199932, 'xrule'), ([(841, 95, 926), (841, 95, 521), (1796, 130, 3082), (3082, 49, 1796), (841, 68, 2267)], 0.281398776, 'xrule'), ([(841, 95, 521), (555, 49, 1796), (841, 95, 926), (841, 80, 4791), (1796, 130, 555)], 0.22039986, 'xrule'), ([(841, 95, 521), (841, 95, 926), (1796, 130, 164), (841, 96, 981), (841, 68, 842)], 0.159499168, 'xrule'), ([(11759, 49, 1796), (841, 95, 926), (841, 95, 521), (841, 80, 4791), (1796, 130, 11759)], 0.151298523, 'xrule')]",[6.6851654],"[(841, 95, 521), (841, 96, 981), (841, 95, 926), (555, 49, 1796), (1796, 130, 164), (11759, 49, 1796), (841, 96, 3083), (1796, 130, 3082), (8620, 49, 1796), (1796, 130, 8620), (841, 80, 4791), (1796, 130, 555), (3082, 49, 1796), (841, 68, 2267), (841, 68, 842), (1796, 130, 11759)]",16,6.6851654,9.0,1
5.848309,"(1754, 29, 181)",[10],"[([(1754, 29, 75), (181, 219, 90), (181, 206, 90), (181, 234, 90), (181, 139, 90)], 0.08279991, 'xrule'), ([(1754, 29, 449), (181, 219, 90), (181, 206, 90), (181, 234, 90), (181, 139, 90)], 0.061200142, 'xrule'), ([(1754, 29, 331), (181, 219, 90), (181, 206, 90), (181, 234, 90), (181, 139, 90)], 0.06000042, 'xrule'), ([(1754, 29, 1405), (181, 219, 90), (181, 206, 90), (181, 234, 90), (181, 139, 90)], 0.0503006, 'xrule'), ([(1754, 29, 1302), (181, 219, 90), (181, 206, 90), (181, 234, 90), (181, 139, 90)], 0.018600464, 'xrule')]",[5.7995963],"[(181, 219, 90), (1754, 29, 449), (181, 139, 90), (181, 234, 90), (1754, 29, 75), (1754, 29, 1405), (1754, 29, 1302), (1754, 29, 331), (181, 206, 90)]",9,5.7995963,10.0,1
6.474158,"(2946, 17, 215)",[1],"[([(2946, 66, 592), (6104, 17, 215), (2946, 24, 592), (5497, 17, 215), (2557, 17, 215)], 1.04169942, 'xrule'), ([(2671, 47, 2946), (2937, 17, 215), (2946, 19, 2671), (5910, 17, 215), (1357, 17, 215)], 0.44509983, 'xrule'), ([(12319, 17, 215), (9904, 17, 215), (2946, 48, 32), (58, 17, 215), (1792, 26, 215)], 0.371998786, 'xrule'), ([(4169, 17, 215), (2946, 19, 1965), (9768, 17, 215), (54, 17, 215), (401, 17, 215)], 0.358399392, 'xrule'), ([(2946, 85, 434), (3597, 17, 215), (2810, 17, 215)], 0.330900195, 'xrule')]",[5.931777],"[(2810, 17, 215), (12319, 17, 215), (2937, 17, 215), (54, 17, 215), (5497, 17, 215), (2946, 48, 32), (9768, 17, 215), (2946, 19, 2671), (9904, 17, 215), (58, 17, 215), (1792, 26, 215), (2946, 66, 592), (4169, 17, 215), (2946, 24, 592), (5910, 17, 215), (401, 17, 215), (1357, 17, 215), (2946, 85, 434), (6104, 17, 215), (2671, 47, 2946), (2946, 19, 1965), (3597, 17, 215), (2557, 17, 215)]",23,5.931777,1.0,1
8.090953,"(2494, 85, 434)",[1],"[([(434, 118, 774), (434, 161, 11536), (434, 161, 6409), (2494, 48, 32), (434, 161, 8187)], 3.90480136, 'xrule'), ([(434, 118, 774), (3084, 85, 434), (9186, 85, 434), (2494, 48, 1080), (434, 161, 13294)], 1.00970172, 'xrule'), ([(4742, 85, 434), (7848, 85, 434), (4359, 85, 434), (4021, 85, 434), (2494, 24, 1445)], 0.73690224, 'xrule')]",[7.602447],"[(4742, 85, 434), (434, 118, 774), (434, 161, 11536), (7848, 85, 434), (3084, 85, 434), (4359, 85, 434), (434, 161, 6409), (9186, 85, 434), (2494, 24, 1445), (4021, 85, 434), (2494, 48, 32), (2494, 48, 1080), (434, 161, 13294), (434, 161, 8187)]",14,7.602447,1.0,1
5.7748976,"(8365, 13, 158)",[6],"[([(8365, 13, 1260), (4678, 13, 158), (1129, 147, 158), (158, 72, 1091), (158, 69, 1091)], 0.26009846000000003, 'xrule'), ([(158, 23, 7136), (8365, 13, 1934), (158, 0, 1713), (158, 23, 3486), (7136, 168, 158)], 0.22849845600000002, 'xrule'), ([(8365, 13, 1080), (32, 218, 158), (158, 218, 32), (6983, 28, 158), (1129, 147, 158)], 0.182599069, 'xrule'), ([(8365, 13, 202), (158, 0, 1713), (785, 13, 158), (158, 23, 3486), (1129, 147, 158)], 0.17579746100000002, 'xrule'), ([(158, 0, 1713), (4590, 28, 158), (8365, 13, 181), (434, 161, 158), (195, 28, 158)], 0.143097879, 'xrule')]",[5.6421757],"[(8365, 13, 202), (32, 218, 158), (785, 13, 158), (1129, 147, 158), (195, 28, 158), (8365, 13, 1260), (8365, 13, 1080), (8365, 13, 1934), (158, 218, 32), (158, 0, 1713), (434, 161, 158), (7136, 168, 158), (158, 23, 7136), (6983, 28, 158), (158, 72, 1091), (4678, 13, 158), (4590, 28, 158), (158, 23, 3486), (8365, 13, 181), (158, 69, 1091)]",20,5.6421757,6.0,1
7.616863,"(5672, 26, 64)",[1],"[([(898, 26, 64), (5672, 13, 32), (1668, 26, 64), (5672, 28, 32), (2627, 17, 64)], 0.92580127, 'xrule'), ([(5672, 31, 1211), (12287, 26, 64), (551, 26, 64), (2570, 26, 64), (7365, 26, 64)], 0.39050197600000003, 'xrule'), ([(268, 32, 5672), (6160, 26, 64), (1181, 26, 64), (10486, 26, 64), (8918, 26, 64)], 0.365800866, 'xrule'), ([(5672, 14, 160), (1904, 26, 64), (6424, 26, 64), (11266, 26, 64), (10619, 26, 64)], 0.36400128, 'xrule'), ([(658, 2, 5672), (12365, 26, 64), (7583, 26, 64), (5990, 26, 64)], 0.29490184399999997, 'xrule')]",[7.289731],"[(12365, 26, 64), (898, 26, 64), (1668, 26, 64), (5672, 28, 32), (2570, 26, 64), (7365, 26, 64), (2627, 17, 64), (5672, 31, 1211), (268, 32, 5672), (1181, 26, 64), (551, 26, 64), (5672, 14, 160), (658, 2, 5672), (12287, 26, 64), (6424, 26, 64), (6160, 26, 64), (5990, 26, 64), (7583, 26, 64), (10486, 26, 64), (8918, 26, 64), (1904, 26, 64), (5672, 13, 32), (11266, 26, 64), (10619, 26, 64)]",24,7.289731,1.0,1
7.897314,"(3116, 11, 23)",[1],"[([(6341, 90, 23), (1259, 90, 23), (3116, 28, 32), (3116, 13, 32), (10459, 90, 23)], 1.93130112, 'xrule'), ([(7348, 90, 23), (753, 90, 23), (3116, 31, 4), (7955, 90, 23), (1971, 90, 23)], 1.07300091, 'xrule'), ([(3116, 14, 160), (3240, 90, 23), (8316, 11, 23)], 0.46530056, 'xrule'), ([(5126, 11, 23), (1642, 32, 3116), (3353, 11, 23), (9795, 11, 23)], 0.17620087, 'xrule'), ([(467, 7, 3116), (6801, 11, 23), (6502, 90, 23)], 0.026400566, 'xrule')]",[6.5216703],"[(1642, 32, 3116), (7348, 90, 23), (3353, 11, 23), (6801, 11, 23), (467, 7, 3116), (3240, 90, 23), (6502, 90, 23), (3116, 14, 160), (6341, 90, 23), (753, 90, 23), (5126, 11, 23), (1259, 90, 23), (3116, 31, 4), (3116, 13, 32), (1971, 90, 23), (10459, 90, 23), (8316, 11, 23), (3116, 28, 32), (7955, 90, 23), (9795, 11, 23)]",20,6.5216703,1.0,1
9.396425,"(7436, 217, 3433)",[1],"[([(7436, 108, 90), (7436, 166, 90), (4481, 217, 3433), (2901, 217, 3433), (7727, 217, 3433)], 0.80350208, 'xrule'), ([(2472, 217, 3433), (7436, 25, 62), (5807, 217, 3433), (3433, 25, 62)], 0.76440047, 'xrule'), ([(842, 217, 3433), (127, 217, 3433), (3373, 15, 7436), (3433, 25, 62), (5901, 217, 3433)], 0.70690154, 'xrule'), ([(5568, 217, 3433), (6483, 217, 3433), (3945, 217, 3433), (5901, 217, 3433), (32, 15, 7436)], 0.6870012200000001, 'xrule'), ([(8425, 217, 3433), (7445, 68, 7436), (7058, 217, 3433), (3433, 25, 62)], 0.287100798, 'xrule')]",[8.466673],"[(7445, 68, 7436), (5901, 217, 3433), (7436, 166, 90), (5807, 217, 3433), (4481, 217, 3433), (2901, 217, 3433), (7436, 25, 62), (6483, 217, 3433), (842, 217, 3433), (3373, 15, 7436), (8425, 217, 3433), (32, 15, 7436), (7436, 108, 90), (5568, 217, 3433), (127, 217, 3433), (7058, 217, 3433), (3433, 25, 62), (2472, 217, 3433), (3945, 217, 3433), (7727, 217, 3433)]",20,8.466673,1.0,1
6.271814,"(3481, 13, 1934)",[5],"[([(5044, 13, 1934), (6123, 218, 1934), (1934, 118, 774), (1934, 23, 57), (3481, 14, 160)], 0.6016998299999999, 'xrule'), ([(1934, 206, 90), (1934, 219, 90), (1934, 139, 90), (3481, 13, 637), (1934, 154, 2620)], 0.197000505, 'xrule'), ([(1934, 206, 90), (3481, 13, 27), (1934, 219, 90), (1934, 139, 90), (236, 37, 1934)], 0.09150028299999999, 'xrule'), ([(9894, 163, 1934), (1934, 23, 891), (3481, 13, 202), (9894, 131, 1934), (1934, 154, 2620)], 0.083000184, 'xrule'), ([(236, 37, 1934), (1934, 23, 891), (3481, 13, 2282), (2830, 28, 1934)], 0.008999824500000001, 'xrule')]",[5.961704],"[(1934, 206, 90), (3481, 13, 27), (5044, 13, 1934), (1934, 219, 90), (9894, 163, 1934), (1934, 23, 891), (1934, 139, 90), (2830, 28, 1934), (3481, 13, 637), (1934, 23, 57), (1934, 118, 774), (3481, 13, 202), (9894, 131, 1934), (236, 37, 1934), (6123, 218, 1934), (1934, 154, 2620), (3481, 13, 2282), (3481, 14, 160)]",18,5.961704,5.0,1
6.440542,"(786, 35, 12545)",[5],"[([(513, 35, 12545), (786, 35, 12986), (6448, 35, 12545)], 0.38449955, 'xrule'), ([(786, 64, 471), (471, 64, 786), (513, 35, 12545), (471, 35, 12545), (688, 35, 12545)], 0.31270027499999997, 'xrule'), ([(1624, 35, 12545), (857, 35, 12545), (3282, 35, 12545), (3282, 64, 786)], 0.21759986999999997, 'xrule'), ([(1624, 35, 12545), (513, 35, 12545), (6448, 35, 12545), (513, 64, 786), (786, 64, 513)], 0.207200048, 'xrule'), ([(1624, 35, 12545), (6448, 35, 12545), (3282, 35, 12545), (6448, 64, 786), (786, 64, 6448)], 0.20380020299999999, 'xrule')]",[4.464981],"[(1624, 35, 12545), (786, 64, 471), (471, 64, 786), (857, 35, 12545), (513, 35, 12545), (6448, 35, 12545), (3282, 35, 12545), (513, 64, 786), (3282, 64, 786), (6448, 64, 786), (786, 64, 6448), (471, 35, 12545), (786, 35, 12986), (688, 35, 12545), (786, 64, 513)]",15,4.464981,5.0,1
7.3899593,"(6848, 28, 32)",[1],"[([(5664, 48, 32), (5004, 28, 32), (5004, 13, 32), (6848, 86, 742), (742, 32, 6848)], 0.8477993, 'xrule'), ([(6502, 147, 32), (6848, 11, 23), (5742, 13, 32), (8932, 13, 32)], 0.74189949, 'xrule'), ([(9629, 16, 32), (5794, 185, 32), (32, 15, 9629), (1345, 185, 32), (5137, 6, 6848)], 0.44129945000000004, 'xrule'), ([(434, 161, 32), (8748, 185, 32), (2961, 6, 6848), (3324, 151, 32), (3345, 13, 32)], 0.261999133, 'xrule'), ([(1702, 32, 6848), (1327, 133, 32), (7182, 28, 32), (7182, 13, 32), (32, 15, 1327)], 0.18070030199999998, 'xrule')]",[7.1086903],"[(1702, 32, 6848), (9629, 16, 32), (5004, 28, 32), (32, 15, 1327), (6848, 11, 23), (1345, 185, 32), (1327, 133, 32), (5664, 48, 32), (7182, 13, 32), (6848, 86, 742), (742, 32, 6848), (3324, 151, 32), (3345, 13, 32), (6502, 147, 32), (5742, 13, 32), (8748, 185, 32), (7182, 28, 32), (5794, 185, 32), (2961, 6, 6848), (5137, 6, 6848), (434, 161, 32), (5004, 13, 32), (8932, 13, 32), (32, 15, 9629)]",24,7.1086903,1.0,1
7.791507,"(13197, 5, 9)",[4],"[([(11, 130, 13197), (9, 130, 1006), (9, 130, 2108), (13197, 4, 11), (13197, 5, 11)], 0.41959954, 'xrule'), ([(399, 130, 13197), (8514, 4, 9), (13197, 4, 399), (13197, 5, 399), (9, 130, 1495)], 0.30859947, 'xrule'), ([(13197, 5, 117), (9, 130, 8057), (117, 130, 13197), (9, 130, 11914), (9, 130, 10093)], 0.101299287, 'xrule')]",[5.938148],"[(11, 130, 13197), (9, 130, 1006), (399, 130, 13197), (9, 130, 2108), (13197, 4, 11), (8514, 4, 9), (13197, 5, 117), (13197, 5, 11), (9, 130, 8057), (117, 130, 13197), (13197, 4, 399), (9, 130, 11914), (13197, 5, 399), (9, 130, 1495), (9, 130, 10093)]",15,5.938148,4.0,1
5.790431,"(4592, 17, 818)",[1],"[([(749, 17, 818), (7146, 8, 4592), (3253, 17, 818), (4229, 17, 818), (4592, 8, 7146)], 0.44660091999999996, 'xrule'), ([(1958, 17, 818), (4229, 17, 818), (2569, 17, 818), (3919, 17, 818), (2569, 8, 4592)], 0.198901177, 'xrule'), ([(4592, 8, 10076), (4592, 3, 10076), (10076, 8, 4592), (1958, 17, 818), (10076, 17, 818)], 0.023799896100000002, 'xrule')]",[5.300593],"[(4592, 8, 10076), (4592, 3, 10076), (10076, 8, 4592), (1958, 17, 818), (749, 17, 818), (10076, 17, 818), (7146, 8, 4592), (4229, 17, 818), (3253, 17, 818), (4592, 8, 7146), (2569, 17, 818), (3919, 17, 818), (2569, 8, 4592)]",13,5.300593,1.0,1
9.223268,"(2369, 182, 2517)",[1],"[([(4491, 210, 2517), (2369, 10, 4491), (4569, 182, 2517), (2998, 182, 2517)], 0.61699963, 'xrule'), ([(608, 182, 2517), (2070, 210, 2517), (2369, 10, 2070), (7230, 182, 2517)], 0.47919942000000004, 'xrule'), ([(4963, 182, 2517), (7230, 182, 2517), (2369, 7, 1431), (4491, 210, 2517), (1802, 182, 2517)], 0.458199505, 'xrule'), ([(543, 182, 2517), (2369, 10, 9728), (8379, 182, 2517), (9728, 210, 2517)], 0.4425993, 'xrule'), ([(2369, 7, 6604), (711, 182, 2517), (406, 182, 2517), (550, 182, 2517), (4491, 210, 2517)], 0.41650008600000005, 'xrule')]",[7.7131433],"[(406, 182, 2517), (4491, 210, 2517), (2369, 10, 9728), (2369, 10, 2070), (2369, 7, 6604), (4569, 182, 2517), (7230, 182, 2517), (550, 182, 2517), (2998, 182, 2517), (1802, 182, 2517), (4963, 182, 2517), (711, 182, 2517), (8379, 182, 2517), (9728, 210, 2517), (2369, 10, 4491), (2070, 210, 2517), (543, 182, 2517), (2369, 7, 1431), (608, 182, 2517)]",19,7.7131433,1.0,1
7.890134,"(8007, 43, 141)",[1],"[([(8227, 43, 141), (10233, 43, 141), (8007, 48, 32), (7260, 43, 141), (3857, 43, 141)], 1.93579864, 'xrule'), ([(9186, 43, 141), (8007, 85, 434), (9782, 43, 141)], 1.19559954, 'xrule'), ([(8851, 43, 141), (2683, 43, 141), (5667, 43, 141), (6953, 43, 141), (8007, 39, 150)], 0.507198335, 'xrule'), ([(4725, 43, 141), (8007, 19, 1060), (1060, 47, 8007), (10421, 43, 141), (5418, 43, 141)], 0.246798515, 'xrule'), ([(9076, 43, 141), (8007, 17, 2044), (6271, 43, 141)], 0.162299155, 'xrule')]",[5.591138],"[(4725, 43, 141), (2683, 43, 141), (8007, 48, 32), (9076, 43, 141), (8851, 43, 141), (8227, 43, 141), (10233, 43, 141), (8007, 19, 1060), (10421, 43, 141), (8007, 39, 150), (8007, 85, 434), (5667, 43, 141), (6953, 43, 141), (5418, 43, 141), (8007, 17, 2044), (9782, 43, 141), (1060, 47, 8007), (6271, 43, 141), (9186, 43, 141), (7260, 43, 141), (3857, 43, 141)]",21,5.591138,1.0,1
7.833798,"(3861, 26, 64)",[1],"[([(3861, 13, 32), (9148, 26, 64), (3861, 28, 32), (4427, 26, 64), (2627, 17, 64)], 1.4659996, 'xrule'), ([(6340, 26, 64), (3314, 26, 64), (1490, 26, 64), (11266, 26, 64), (3861, 31, 4)], 1.012599, 'xrule'), ([(11112, 26, 64), (5451, 26, 64), (2886, 26, 64), (84, 2, 3861), (2150, 26, 64)], 0.640898705, 'xrule')]",[7.5123525],"[(6340, 26, 64), (11112, 26, 64), (3861, 31, 4), (5451, 26, 64), (2886, 26, 64), (3861, 13, 32), (9148, 26, 64), (11266, 26, 64), (3861, 28, 32), (84, 2, 3861), (1490, 26, 64), (4427, 26, 64), (2150, 26, 64), (3314, 26, 64), (2627, 17, 64)]",15,7.5123525,1.0,1
9.39863,"(2323, 91, 494)",[1],"[([(3166, 110, 494), (2323, 25, 62), (2642, 26, 494), (4062, 26, 494), (4324, 110, 494)], 2.8729009700000003, 'xrule'), ([(7597, 26, 494), (2323, 107, 163), (4267, 91, 494), (2642, 26, 494), (2296, 91, 494)], 1.12830068, 'xrule'), ([(1794, 2, 2323), (3052, 91, 494), (1345, 91, 494)], 0.6596002599999999, 'xrule'), ([(7271, 91, 494), (2323, 107, 8253), (3858, 91, 494)], 0.26280021, 'xrule'), ([(11094, 91, 494), (2323, 107, 9877), (5310, 91, 494)], 0.095299721, 'xrule')]",[9.054403],"[(3052, 91, 494), (7597, 26, 494), (11094, 91, 494), (2323, 107, 163), (2323, 107, 9877), (5310, 91, 494), (3166, 110, 494), (1345, 91, 494), (4267, 91, 494), (2323, 107, 8253), (1794, 2, 2323), (2323, 25, 62), (7271, 91, 494), (2296, 91, 494), (2642, 26, 494), (3858, 91, 494), (4062, 26, 494), (4324, 110, 494)]",18,9.054403,1.0,1
8.788858,"(12458, 85, 434)",[1],"[([(12458, 48, 32), (434, 161, 10763), (434, 161, 11460), (434, 161, 6217), (434, 161, 444)], 1.2113980999999998, 'xrule'), ([(434, 161, 954), (8306, 85, 434), (5373, 85, 434), (12458, 24, 592), (5292, 85, 434)], 1.00519753, 'xrule'), ([(13551, 85, 434), (5065, 85, 434), (12458, 6, 7135), (4103, 85, 434), (12613, 85, 434)], 0.24179840200000002, 'xrule'), ([(12458, 191, 10948), (8486, 85, 434)], 0.18209934, 'xrule'), ([(12458, 17, 862), (10702, 85, 434)], 0.17770004, 'xrule')]",[7.9277654],"[(8306, 85, 434), (5065, 85, 434), (12458, 6, 7135), (5373, 85, 434), (10702, 85, 434), (12458, 48, 32), (12458, 17, 862), (12458, 191, 10948), (8486, 85, 434), (434, 161, 10763), (434, 161, 6217), (434, 161, 954), (12458, 24, 592), (434, 161, 444), (13551, 85, 434), (4103, 85, 434), (434, 161, 11460), (12613, 85, 434), (5292, 85, 434)]",19,7.9277654,1.0,1
7.4030585,"(13994, 133, 32)",[1],"[([(13994, 154, 2438), (2792, 62, 32), (2792, 133, 32), (2792, 205, 32), (2792, 135, 32)], 1.0646, 'xrule'), ([(13994, 127, 2792), (2792, 15, 13994), (2183, 133, 32), (32, 15, 2183)], 0.9467001, 'xrule')]",[5.498826],"[(2792, 15, 13994), (32, 15, 2183), (2792, 62, 32), (2792, 133, 32), (13994, 154, 2438), (2792, 205, 32), (2792, 135, 32), (2183, 133, 32), (13994, 127, 2792)]",9,5.498826,1.0,1
7.2906365,"(1892, 26, 1098)",[1],"[([(11403, 26, 1098), (1892, 28, 32), (898, 26, 1098), (4374, 26, 1098), (10782, 26, 1098)], 1.00979996, 'xrule'), ([(4630, 26, 1098), (527, 38, 1892), (1892, 116, 527), (5838, 26, 1098), (2670, 26, 1098)], 0.4783001, 'xrule'), ([(326, 6, 1892), (5553, 26, 1098), (4006, 26, 1098)], 0.190799714, 'xrule'), ([(2116, 7, 1892), (3598, 26, 1098), (4667, 26, 1098), (2115, 26, 1098), (6011, 26, 1098)], 0.174999236, 'xrule'), ([(9978, 26, 1098), (8324, 26, 1098), (1892, 26, 990)], 0.10639953599999999, 'xrule')]",[6.908939],"[(4006, 26, 1098), (2116, 7, 1892), (898, 26, 1098), (1892, 116, 527), (1892, 26, 990), (3598, 26, 1098), (9978, 26, 1098), (1892, 28, 32), (4374, 26, 1098), (326, 6, 1892), (4667, 26, 1098), (4630, 26, 1098), (527, 38, 1892), (5553, 26, 1098), (5838, 26, 1098), (11403, 26, 1098), (8324, 26, 1098), (10782, 26, 1098), (2115, 26, 1098), (2670, 26, 1098), (6011, 26, 1098)]",21,6.908939,1.0,1
6.9785805,"(4349, 17, 871)",[1],"[([(8432, 17, 871), (9222, 17, 871), (4349, 85, 434)], 1.2972002, 'xrule'), ([(2426, 17, 871), (4365, 17, 871), (2560, 17, 871), (4649, 47, 4349), (4349, 19, 4649)], 0.9541016, 'xrule'), ([(2213, 17, 871), (3475, 17, 871), (4349, 110, 494)], 0.41560078, 'xrule'), ([(4349, 3, 7948), (7948, 3, 4349), (7948, 8, 4349), (4349, 8, 7948), (3525, 17, 871)], 0.15859985, 'xrule'), ([(1081, 27, 4349), (5483, 17, 871), (1910, 17, 871)], 0.12090111, 'xrule')]",[6.4894714],"[(9222, 17, 871), (2426, 17, 871), (7948, 8, 4349), (4649, 47, 4349), (1081, 27, 4349), (3475, 17, 871), (4349, 110, 494), (4349, 85, 434), (2213, 17, 871), (4349, 8, 7948), (2560, 17, 871), (4349, 3, 7948), (7948, 3, 4349), (8432, 17, 871), (4349, 19, 4649), (4365, 17, 871), (5483, 17, 871), (1910, 17, 871), (3525, 17, 871)]",19,6.4894714,1.0,1
6.754207,"(5072, 66, 249)",[1],"[([(796, 83, 249), (382, 54, 249), (249, 133, 382), (5072, 48, 1124), (382, 15, 249)], 1.15780067, 'xrule'), ([(382, 54, 249), (4069, 203, 249), (5072, 48, 382), (249, 133, 382), (382, 15, 249)], 0.8410015, 'xrule'), ([(382, 54, 249), (5072, 85, 434), (434, 161, 249), (249, 133, 382), (382, 15, 249)], 0.2952013, 'xrule'), ([(3730, 140, 5072), (249, 118, 774)], 0.1213007, 'xrule'), ([(5072, 21, 959), (8179, 39, 249)], 0.09710026, 'xrule')]",[5.736739],"[(3730, 140, 5072), (382, 54, 249), (796, 83, 249), (5072, 21, 959), (8179, 39, 249), (5072, 85, 434), (434, 161, 249), (4069, 203, 249), (5072, 48, 382), (249, 133, 382), (249, 118, 774), (5072, 48, 1124), (382, 15, 249)]",13,5.736739,1.0,1
6.9195337,"(6253, 31, 657)",[4],"[([(3772, 107, 657), (7392, 31, 657), (7025, 31, 657), (657, 2, 7392), (6253, 34, 90)], 0.71079827, 'xrule'), ([(1693, 31, 657), (6253, 26, 342), (657, 2, 6927), (3240, 31, 657), (657, 2, 10226)], 0.6926994399999999, 'xrule'), ([(8589, 107, 657), (657, 2, 3725), (300, 107, 657), (6253, 14, 2272), (11072, 31, 657)], 0.40159893599999996, 'xrule'), ([(4756, 31, 657), (657, 2, 4756), (5660, 31, 657), (361, 6, 6253)], 0.24889946500000001, 'xrule'), ([(657, 2, 3909), (4756, 31, 657), (1659, 6, 6253), (657, 2, 4756), (3909, 31, 657)], 0.24219894600000003, 'xrule')]",[6.4168963],"[(3772, 107, 657), (8589, 107, 657), (657, 2, 6927), (3240, 31, 657), (361, 6, 6253), (1659, 6, 6253), (6253, 14, 2272), (6253, 34, 90), (11072, 31, 657), (7392, 31, 657), (6253, 26, 342), (657, 2, 3909), (7025, 31, 657), (300, 107, 657), (1693, 31, 657), (657, 2, 3725), (657, 2, 7392), (4756, 31, 657), (657, 2, 4756), (657, 2, 10226), (5660, 31, 657), (3909, 31, 657)]",22,6.4168963,4.0,1
6.6341925,"(12508, 17, 2123)",[1],"[([(138, 42, 12508), (2819, 17, 2123), (2137, 17, 2123), (12139, 17, 2123), (12508, 41, 138)], 1.3126993200000001, 'xrule'), ([(1190, 17, 2123), (4339, 17, 2123), (1374, 20, 12508)], 0.48289967, 'xrule'), ([(917, 17, 2123), (12508, 43, 141), (1308, 17, 2123)], 0.34689998, 'xrule'), ([(6841, 17, 2123), (1308, 17, 2123), (12508, 41, 139), (6105, 17, 2123), (1105, 17, 2123)], 0.18829822799999998, 'xrule')]",[6.391913],"[(6841, 17, 2123), (4339, 17, 2123), (138, 42, 12508), (917, 17, 2123), (1308, 17, 2123), (2819, 17, 2123), (1374, 20, 12508), (12508, 43, 141), (2137, 17, 2123), (12139, 17, 2123), (6105, 17, 2123), (1105, 17, 2123), (12508, 41, 139), (12508, 41, 138), (1190, 17, 2123)]",15,6.391913,1.0,1
6.9588327,"(3809, 33, 90)",[1],"[([(11387, 33, 90), (12006, 33, 90), (3809, 120, 791)], 1.0332002500000002, 'xrule'), ([(11541, 225, 90), (32, 15, 3809), (10138, 129, 90), (10138, 108, 90), (4567, 60, 90)], 1.02270126, 'xrule'), ([(3809, 154, 2438), (4481, 225, 90), (9264, 33, 90), (2102, 166, 90)], 0.8403015, 'xrule'), ([(5067, 60, 90), (11541, 225, 90), (3657, 108, 90), (3809, 25, 62), (4847, 60, 90)], 0.323600765, 'xrule')]",[4.469773],"[(5067, 60, 90), (11541, 225, 90), (9264, 33, 90), (32, 15, 3809), (3657, 108, 90), (4481, 225, 90), (10138, 129, 90), (10138, 108, 90), (3809, 25, 62), (12006, 33, 90), (3809, 120, 791), (4567, 60, 90), (3809, 154, 2438), (11387, 33, 90), (4847, 60, 90), (2102, 166, 90)]",16,4.469773,1.0,1
7.23483,"(2634, 31, 844)",[2],"[([(12787, 107, 844), (7412, 31, 844), (5145, 31, 844), (10464, 67, 844), (2634, 30, 10464)], 0.9650001500000001, 'xrule'), ([(10209, 107, 844), (6056, 31, 844), (4844, 31, 844), (2634, 28, 32), (2634, 13, 32)], 0.70000076, 'xrule'), ([(2634, 13, 382), (2634, 147, 382), (10619, 31, 844), (5017, 31, 844), (5004, 31, 844)], 0.359300605, 'xrule'), ([(5891, 31, 844), (10209, 107, 844), (7200, 31, 844), (2634, 31, 657), (657, 2, 2634)], 0.34530067999999997, 'xrule'), ([(2634, 11, 23), (4395, 31, 844), (7542, 31, 844), (182, 31, 844)], 0.22539996999999998, 'xrule')]",[6.862304],"[(10619, 31, 844), (4844, 31, 844), (2634, 30, 10464), (2634, 31, 657), (2634, 11, 23), (2634, 13, 32), (657, 2, 2634), (12787, 107, 844), (7412, 31, 844), (10464, 67, 844), (5017, 31, 844), (2634, 28, 32), (182, 31, 844), (5891, 31, 844), (6056, 31, 844), (2634, 13, 382), (2634, 147, 382), (7200, 31, 844), (5145, 31, 844), (5004, 31, 844), (4395, 31, 844), (10209, 107, 844), (7542, 31, 844)]",23,6.862304,2.0,1
6.0464244,"(2457, 13, 382)",[8],"[([(382, 2, 7966), (382, 69, 6771), (2457, 13, 637)], 1.1045989999999999, 'xrule'), ([(382, 69, 1718), (1718, 157, 382), (5492, 13, 382), (2457, 13, 853), (382, 72, 1718)], 1.0044994, 'xrule'), ([(2457, 28, 32), (2457, 13, 32), (382, 69, 632), (632, 157, 382), (382, 72, 632)], 0.69369984, 'xrule'), ([(2888, 147, 382), (2457, 13, 181), (632, 157, 382), (382, 69, 632), (382, 72, 632)], 0.31719971, 'xrule'), ([(2457, 13, 1080), (4897, 147, 382)], 0.17169952, 'xrule')]",[5.5913796],"[(2457, 28, 32), (2888, 147, 382), (382, 69, 1718), (382, 2, 7966), (382, 69, 6771), (2457, 13, 32), (2457, 13, 1080), (2457, 13, 181), (1718, 157, 382), (632, 157, 382), (5492, 13, 382), (4897, 147, 382), (2457, 13, 853), (382, 69, 632), (382, 72, 1718), (382, 72, 632), (2457, 13, 637)]",17,5.5913796,8.0,1
7.823897,"(7245, 100, 160)",[1],"[([(1253, 214, 160), (160, 140, 6511), (1253, 71, 7245), (2871, 100, 160), (9033, 232, 160)], 4.624199, 'xrule'), ([(1352, 100, 160), (7245, 6, 4354), (7245, 38, 4354), (4354, 14, 160), (7074, 14, 160)], 0.39519881900000003, 'xrule'), ([(160, 70, 382), (382, 221, 160), (7245, 6, 6278), (6278, 14, 160)], 0.271999357, 'xrule'), ([(7245, 6, 7190), (7190, 14, 160)], 0.13119984, 'xrule'), ([(7245, 6, 2440), (441, 198, 160)], 0.062099457, 'xrule')]",[7.726384],"[(160, 70, 382), (1253, 214, 160), (7245, 6, 2440), (160, 140, 6511), (7190, 14, 160), (7245, 6, 7190), (441, 198, 160), (1253, 71, 7245), (1352, 100, 160), (2871, 100, 160), (7245, 6, 4354), (382, 221, 160), (7245, 6, 6278), (7245, 38, 4354), (4354, 14, 160), (9033, 232, 160), (7074, 14, 160), (6278, 14, 160)]",18,7.726384,1.0,1
5.9059725,"(4794, 28, 382)",[1],"[([(22, 13, 382), (5872, 28, 382), (5354, 28, 382), (11368, 6, 4794)], 0.9117012099999999, 'xrule'), ([(4794, 11, 23), (7480, 28, 382), (746, 147, 382), (7509, 193, 382), (5674, 28, 382)], 0.7482996000000001, 'xrule'), ([(8398, 28, 382), (4794, 31, 2512), (5716, 13, 382), (8193, 147, 382), (5, 147, 382)], 0.347101211, 'xrule'), ([(4794, 26, 64), (6424, 185, 382)], 0.22840023, 'xrule'), ([(382, 152, 32), (32, 218, 382), (4794, 34, 90), (5138, 218, 382), (382, 218, 32)], 0.18109988999999999, 'xrule')]",[4.9862194],"[(7480, 28, 382), (4794, 26, 64), (6424, 185, 382), (382, 218, 32), (5716, 13, 382), (4794, 11, 23), (746, 147, 382), (7509, 193, 382), (382, 152, 32), (4794, 31, 2512), (5354, 28, 382), (5, 147, 382), (5872, 28, 382), (22, 13, 382), (32, 218, 382), (11368, 6, 4794), (8398, 28, 382), (4794, 34, 90), (5138, 218, 382), (8193, 147, 382), (5674, 28, 382)]",21,4.9862194,1.0,1
8.02875,"(12076, 85, 434)",[1],"[([(434, 161, 4464), (434, 118, 774), (434, 161, 10763), (12076, 48, 32), (434, 161, 1502)], 1.8528023, 'xrule'), ([(7276, 85, 434), (1395, 85, 434), (10129, 85, 434), (12076, 66, 540), (434, 161, 540)], 0.19890213099999998, 'xrule'), ([(8213, 85, 434), (12076, 21, 7233), (434, 161, 32)], 0.177001003, 'xrule'), ([(2005, 85, 434), (12076, 19, 313), (1476, 85, 434)], 0.16300011, 'xrule'), ([(6055, 22, 12076), (7197, 85, 434)], 0.037000656, 'xrule')]",[7.1778984],"[(434, 161, 4464), (434, 118, 774), (7276, 85, 434), (8213, 85, 434), (434, 161, 32), (7197, 85, 434), (12076, 21, 7233), (1395, 85, 434), (2005, 85, 434), (434, 161, 10763), (10129, 85, 434), (12076, 19, 313), (12076, 48, 32), (12076, 66, 540), (434, 161, 1502), (6055, 22, 12076), (434, 161, 540), (1476, 85, 434)]",18,7.1778984,1.0,1
8.844321,"(3120, 220, 6386)",[1],"[([(3120, 25, 62), (10954, 220, 6386), (866, 220, 6386)], 0.77869892, 'xrule'), ([(518, 220, 6386), (6423, 220, 6386), (3120, 120, 791)], 0.29930018999999997, 'xrule'), ([(592, 220, 6386), (2780, 220, 6386), (3120, 148, 4558)], 0.21139908000000002, 'xrule'), ([(1327, 220, 6386), (3120, 148, 7018), (9277, 220, 6386)], 0.20440006, 'xrule'), ([(7089, 220, 6386), (2806, 220, 6386), (3120, 133, 32), (592, 220, 6386), (11460, 220, 6386)], 0.1048994064, 'xrule')]",[8.151339],"[(3120, 25, 62), (518, 220, 6386), (2780, 220, 6386), (866, 220, 6386), (3120, 148, 4558), (7089, 220, 6386), (3120, 133, 32), (10954, 220, 6386), (9277, 220, 6386), (2806, 220, 6386), (6423, 220, 6386), (1327, 220, 6386), (3120, 148, 7018), (592, 220, 6386), (11460, 220, 6386), (3120, 120, 791)]",16,8.151339,1.0,1
6.301175,"(1127, 10, 6315)",[9],"[([(6315, 103, 780), (1127, 47, 670), (467, 10, 6315), (1654, 10, 6315), (670, 19, 1127)], 1.06290056, 'xrule'), ([(1127, 7, 1608), (1060, 10, 6315), (356, 10, 6315), (1759, 10, 6315), (1608, 30, 1127)], 0.287699705, 'xrule'), ([(3356, 10, 6315), (1654, 10, 6315), (1127, 10, 4121)], 0.27340030400000004, 'xrule'), ([(6315, 27, 85), (467, 10, 6315), (1759, 10, 6315), (1127, 7, 296)], 0.253400805, 'xrule'), ([(1127, 10, 468), (356, 10, 6315), (574, 10, 6315)], 0.2123003, 'xrule')]",[5.556814],"[(1127, 7, 1608), (6315, 103, 780), (1127, 7, 296), (574, 10, 6315), (1060, 10, 6315), (1127, 10, 468), (356, 10, 6315), (1127, 10, 4121), (6315, 27, 85), (1127, 47, 670), (467, 10, 6315), (1654, 10, 6315), (3356, 10, 6315), (1759, 10, 6315), (670, 19, 1127), (1608, 30, 1127)]",16,5.556814,9.0,1
6.7144113,"(1551, 18, 10398)",[3],"[([(1551, 25, 62), (1835, 18, 10398), (95, 18, 10398)], 1.4344997, 'xrule'), ([(2474, 18, 10398), (95, 18, 10398), (4733, 35, 1551)], 0.25380039600000004, 'xrule'), ([(2474, 18, 10398), (7692, 35, 1551), (3408, 18, 10398)], 0.21860026999999999, 'xrule'), ([(3840, 18, 10398), (7125, 18, 10398), (6448, 35, 1551)], 0.20320033999999998, 'xrule'), ([(3554, 18, 10398), (2589, 18, 10398), (6653, 35, 1551)], 0.201899526, 'xrule')]",[5.8503594],"[(6653, 35, 1551), (7125, 18, 10398), (95, 18, 10398), (1551, 25, 62), (1835, 18, 10398), (4733, 35, 1551), (2474, 18, 10398), (2589, 18, 10398), (3840, 18, 10398), (6448, 35, 1551), (3554, 18, 10398), (7692, 35, 1551), (3408, 18, 10398)]",13,5.8503594,3.0,1
